draw_seq,date,year,month,day,prize_1,prize_2,prize_3,special_1,special_2,special_3,special_4,special_5,special_6,special_7,special_8,special_9,special_10,consol_1,consol_2,consol_3,consol_4,consol_5,consol_6,consol_7,consol_8,consol_9,consol_10
2382,2005-01-01,2005,1,1,4713,5365,3386,8696,2169,4663,5611,2188,316,5175,5778,3577,1080,5703,3267,297,5224,1392,6482,2144,638,7584,5440
2383,2005-01-02,2005,1,2,3623,7678,1643,777,1206,2406,6747,6086,8499,1555,4955,182,5292,9024,1574,7062,1642,2522,4717,8067,9041,7889,4801
2384,2005-01-04,2005,1,4,2130,7107,2905,3348,7256,2444,7987,761,3371,2576,1480,4951,1062,1179,3037,5767,6998,9718,6422,783,4649,3687,7553
2385,2005-01-05,2005,1,5,813,6102,9813,4924,5525,4593,1529,6138,5813,4070,6074,9654,8356,1720,3755,3525,1599,6331,764,2004,5445,9983,8903
2386,2005-01-08,2005,1,8,104,8912,9776,7607,9606,3807,7146,4211,9216,9107,2255,2265,2114,305,8658,6703,1349,7641,6110,3531,1560,5436,4143
2387,2005-01-09,2005,1,9,5388,6909,9185,2207,5007,9742,6234,1778,7950,3817,8914,1936,6091,847,1404,6717,6442,2632,2901,7467,2608,2174,4826
2388,2005-01-12,2005,1,12,4251,4686,3863,1987,8228,2302,4938,4482,9518,1753,7754,2041,4487,6922,1655,9787,1239,6866,694,5745,7476,7386,1579
2389,2005-01-15,2005,1,15,5452,3930,3283,1393,5945,3227,1264,8106,9000,5486,1329,3207,4044,56,5077,4188,7495,4871,5672,7797,9324,7791,6354
2390,2005-01-16,2005,1,16,6506,4084,178,463,1841,8,9010,9054,4991,8798,1630,97,3782,179,9189,5807,3014,1323,3413,6159,1917,8191,1198
2391,2005-01-19,2005,1,19,3640,6787,9698,4437,6280,3437,3757,3827,3344,4612,3138,875,6369,1819,1640,5132,5072,385,7282,7726,6798,6977,5809
2392,2005-01-22,2005,1,22,8397,6635,6678,7425,3704,4320,6994,2438,2845,3679,426,671,7632,8140,4927,9392,2300,1367,4168,8210,1298,351,4395
2393,2005-01-23,2005,1,23,810,8411,3595,609,1581,3597,2492,3588,5868,24,3375,4419,8453,5356,6996,4600,2780,6403,5266,1185,7687,1724,1704
2394,2005-01-25,2005,1,25,9075,2210,4488,774,6948,3062,799,7038,3394,8708,6982,8915,2108,2313,6077,5454,1611,5697,888,1435,6719,8215,8811
2395,2005-01-26,2005,1,26,5775,8368,8148,4996,8833,7426,2207,5155,9944,7889,60,3694,4749,2153,965,2216,3685,6307,4693,1490,6691,7011,3765
2396,2005-01-29,2005,1,29,4610,4531,5059,5177,8494,787,3631,8036,1215,7245,5665,6383,630,305,7620,3382,6071,1260,9943,3334,4487,3255,927
2397,2005-01-30,2005,1,30,7072,4866,3362,1007,8368,4801,386,6195,3777,4866,9246,737,7895,7027,2410,4260,2175,2109,4131,8045,9576,2759,6394
2398,2005-02-01,2005,2,1,3586,8847,6994,8240,3897,9480,6040,4917,3920,8047,794,3793,2056,7143,8270,3284,7143,1177,2643,232,8007,1323,9676
2399,2005-02-02,2005,2,2,7524,8376,5365,293,4646,1135,2311,6173,6703,5376,9964,9773,8493,6427,834,4019,8973,9241,2145,9126,3984,3605,5620
2400,2005-02-05,2005,2,5,276,3355,2655,3928,9593,7031,5872,8502,4881,7348,6571,526,5478,4679,9299,8902,6265,5480,8726,5449,4532,7612,1466
2401,2005-02-06,2005,2,6,4200,9039,439,9353,7394,5563,8617,9688,8890,7463,229,2186,7786,1222,7968,1717,5177,9076,1804,4930,6447,6933,5194
2402,2005-02-09,2005,2,9,1657,5261,216,8018,6896,1492,9988,4053,4962,7055,5783,2156,6042,2884,7078,7656,4527,7043,4798,4060,3087,3941,8775
2403,2005-02-12,2005,2,12,8935,1253,3867,5556,6529,4492,658,7808,6036,9446,2436,6479,6707,2620,471,6069,1975,6084,6527,2803,130,3117,4884
2404,2005-02-13,2005,2,13,7631,4207,9035,8832,9762,2283,7217,2339,6459,1587,7484,9464,8979,1988,222,5081,3977,2856,3868,9871,8381,9781,6332
2405,2005-02-15,2005,2,15,3418,6605,263,561,350,8493,1429,606,983,9524,8256,7899,2604,4627,4180,4801,5354,8378,2155,8607,721,2736,1186
2406,2005-02-16,2005,2,16,7126,4511,5413,9596,315,6445,5822,9892,2353,723,3515,9994,7736,8486,124,1716,2256,6541,5016,2285,1665,3663,9996
2407,2005-02-19,2005,2,19,8832,1910,3816,7318,414,527,7254,6120,5849,747,9441,2176,4162,8798,7594,9833,3434,4720,5283,4583,8970,6657,6897
2408,2005-02-20,2005,2,20,5799,2700,6387,469,8872,3002,9693,1695,636,948,1960,5540,5400,3481,5745,1866,1517,2939,3443,3272,3220,9319,482
2409,2005-02-22,2005,2,22,4472,136,2440,1119,9605,3254,4115,6007,6375,2856,8830,9851,6025,9388,8512,5399,547,2502,7035,5924,3446,9486,4735
2410,2005-02-23,2005,2,23,2692,2763,4172,1805,2365,442,2888,6461,794,3114,6065,9327,6331,3998,7163,513,5517,2835,7285,4170,9391,9428,8149
2411,2005-02-26,2005,2,26,1351,8859,4979,5092,3667,6751,6258,6803,525,9302,4504,6911,3184,5683,9807,3824,3931,2638,721,4347,1168,2205,5239
2412,2005-02-27,2005,2,27,3957,1637,4834,461,417,7948,301,9330,5496,8007,4372,2006,5337,243,1303,6557,4167,3007,7697,36,8550,1632,4442
2413,2005-03-01,2005,3,1,2549,2908,1433,2974,1989,4023,8464,8059,6595,3743,937,8444,2050,2002,5347,7926,8724,2655,3221,3695,6238,302,8448
2414,2005-03-02,2005,3,2,3869,2351,4219,3963,4681,9404,7264,1241,7778,5392,8348,2936,2675,6490,7105,7333,4979,3982,3518,3166,1563,9625,8147
2415,2005-03-05,2005,3,5,9210,3226,7426,4595,1414,8627,5910,3483,7912,8677,1233,2447,1614,2049,6030,4996,7648,7209,8072,8307,2360,9511,5777
2416,2005-03-06,2005,3,6,4510,6652,5759,5659,3281,1679,9053,64,3353,116,3514,6475,8224,2719,1347,7892,9214,3373,358,4844,6580,3112,4243
2417,2005-03-08,2005,3,8,9297,2944,4783,3978,5563,618,6990,5578,2577,4697,2773,1896,804,33,296,6896,7325,7246,2795,7970,495,6794,5337
2418,2005-03-09,2005,3,9,7275,9402,2214,3696,7358,7023,4932,5162,8842,2953,7760,3985,9914,7777,5688,7414,8935,9105,4956,7037,417,4975,362
2419,2005-03-12,2005,3,12,7158,426,7555,814,6518,2898,9050,9848,676,3780,6850,8981,2164,6282,189,4530,5898,8513,7725,4660,1826,2301,4385
2420,2005-03-13,2005,3,13,9100,6199,7958,7836,1613,7025,4865,14,914,9699,4909,7092,4621,1499,2711,3094,1837,590,8807,4223,3337,6171,899
2421,2005-03-16,2005,3,16,8286,4901,7994,5861,8876,3204,2114,7940,5233,5677,8665,2875,3504,490,7106,9206,2151,1817,4971,6211,9487,3913,1710
2422,2005-03-19,2005,3,19,92,925,2103,7658,6092,4962,8851,5989,6826,7891,6530,822,6652,2829,5457,2415,3271,955,716,1705,1468,5132,7439
2423,2005-03-20,2005,3,20,7441,5775,6701,4610,1874,6934,6102,8882,7871,4845,8828,156,3970,6376,7284,3939,2611,5930,8248,681,4455,8443,921
2424,2005-03-23,2005,3,23,5634,1097,815,9524,6202,3139,4406,1728,1956,3851,7136,4891,7483,1092,1997,247,1930,2563,7790,4129,239,4598,4979
2425,2005-03-26,2005,3,26,5213,4573,7583,183,166,3171,1797,3583,3726,5547,3139,6092,3998,868,3498,9871,3038,2324,7633,2344,7419,7475,3566
2426,2005-03-27,2005,3,27,7592,9845,1489,7939,3419,608,696,9484,9052,2278,2196,6209,5530,4349,1772,7738,252,5096,8072,2382,4935,6206,4097
2427,2005-03-30,2005,3,30,6696,9015,801,1741,9207,1034,6534,4356,2395,3908,6839,6217,1284,5477,2450,134,7891,9873,7091,4272,5654,6592,3256
2428,2005-04-02,2005,4,2,2671,6359,7592,2791,661,9339,2259,1694,3706,60,840,2271,6520,2655,6585,9339,6033,367,8468,1647,2867,6173,4410
2429,2005-04-03,2005,4,3,6461,6314,3793,8665,8752,7165,629,8666,3594,5028,4309,7931,8393,5999,7978,1378,5309,3207,1569,2407,7641,7786,3062
2430,2005-04-06,2005,4,6,2448,7157,242,2403,1372,3379,6492,6143,5871,4173,7527,3558,8721,9068,1471,4073,6547,1928,6093,1368,297,4337,7960
2431,2005-04-09,2005,4,9,6144,8392,3654,2582,3928,6650,327,9905,8184,7448,2856,9450,2879,8200,2470,4475,6572,3277,7695,9107,7978,2095,8946
2432,2005-04-10,2005,4,10,8173,6441,8389,8118,7546,104,26,7881,9002,9512,1256,5120,8835,4703,640,4625,7894,1591,4724,7166,2393,7730,4494
2433,2005-04-13,2005,4,13,6762,281,9185,4021,1499,3726,7703,7023,4388,8337,6825,226,3317,7406,867,9532,7821,4177,5050,3907,2320,4108,303
2434,2005-04-16,2005,4,16,8898,1734,8893,4919,7146,7354,2831,8782,7137,3418,824,943,6154,8726,5089,5687,6597,9100,8137,660,6390,6494,6438
2435,2005-04-17,2005,4,17,1850,5344,757,2624,20,3654,5758,6589,1517,7632,9919,8894,939,4669,4904,4107,602,9076,5897,8377,9913,7911,2474
2436,2005-04-19,2005,4,19,5008,8256,9805,167,5839,3568,6041,8083,4132,9368,7640,3401,8728,3528,6273,6544,1761,9093,9249,48,3665,8543,5725
2437,2005-04-20,2005,4,20,4357,1311,5486,9438,9846,9205,6154,4649,2228,7068,2411,5633,1082,1710,1726,4179,6332,9655,1706,9548,8337,583,9897
2438,2005-04-23,2005,4,23,1352,7492,4698,3579,5946,8507,4416,3746,1690,2423,5325,3108,5938,5952,7681,5097,8705,5821,991,471,2204,3807,3807
2439,2005-04-24,2005,4,24,9510,5289,1880,8145,8401,2639,6484,1214,1814,7545,2225,5768,9601,9302,6839,6933,7042,7433,1895,8461,8391,6898,7913
2440,2005-04-27,2005,4,27,3618,1413,5245,7608,8654,7075,5279,6564,2963,8131,5769,4236,1661,1953,1032,8323,2969,5620,9505,2391,4144,4665,1789
2441,2005-04-30,2005,4,30,9592,331,7471,8362,544,6050,5435,9464,386,500,8043,6576,7571,3652,9600,6326,8851,6802,9090,2080,5665,5582,2063
2442,2005-05-01,2005,5,1,4421,8189,995,6320,4758,714,8542,2492,3481,6514,1501,4254,7865,6331,8959,435,4258,1980,925,4602,4327,7360,9237
2443,2005-05-03,2005,5,3,9366,7090,7403,684,5753,778,3506,9459,2090,521,4598,7341,8410,4368,787,1586,8359,7807,1917,9134,5740,1946,5617
2444,2005-05-04,2005,5,4,4096,8011,774,8436,7980,8194,6313,6655,8393,5538,5605,5844,8366,2452,2854,346,4838,6246,9204,2651,3762,8792,9143
2445,2005-05-07,2005,5,7,4156,8517,477,7808,9117,5678,3894,8829,9676,8791,3710,5967,9548,2189,5345,2420,6871,338,5143,4554,686,4378,7032
2446,2005-05-08,2005,5,8,7799,7304,8229,5129,8572,4910,2484,1442,7947,6498,4279,1603,1410,9370,2986,8755,6462,5536,7122,5036,6237,9484,1723
2447,2005-05-11,2005,5,11,4320,6929,1814,4611,7596,5430,8574,2491,2998,7117,7646,7627,7402,3468,2637,8731,5268,9395,8263,8377,7748,4984,4891
2448,2005-05-14,2005,5,14,141,3591,9496,9985,8288,1081,3851,5421,4679,418,3705,7082,1366,6805,8221,8330,8953,2090,7836,5079,7264,5441,8071
2449,2005-05-15,2005,5,15,1933,4350,9245,9355,2339,8262,465,6176,2293,7279,2045,8234,9205,6624,3552,8328,45,5512,9353,8783,6317,3131,7861
2450,2005-05-18,2005,5,18,6857,9138,6133,1394,3118,9557,3063,5641,5968,4150,6807,763,4435,275,3814,5513,2873,7132,9941,8667,3712,4384,5163
2451,2005-05-21,2005,5,21,5887,7099,414,6736,7010,148,3359,1426,3959,424,8185,796,8121,6383,3824,7514,3795,803,2719,2467,8272,1762,2642
2452,2005-05-22,2005,5,22,5883,8460,6806,2806,9341,3475,2899,1836,116,7187,564,424,2276,6605,4000,7536,8342,5807,4094,5586,3507,8225,9926
2453,2005-05-24,2005,5,24,9439,5023,2991,3251,148,167,418,7241,6135,632,5358,8936,5238,3585,7318,3812,6251,1978,5058,204,2845,7336,6391
2454,2005-05-25,2005,5,25,1470,2491,6773,8478,945,5636,7735,8701,8046,474,6177,3036,1732,9683,3278,7706,3027,8717,3148,5226,3650,3218,7043
2455,2005-05-28,2005,5,28,5434,1526,8530,2069,7382,1200,2072,892,6979,6813,9230,5237,9294,4059,817,2679,9218,4198,9898,8030,486,970,4074
2456,2005-05-29,2005,5,29,9202,2544,7940,9277,4026,9229,2357,9805,345,4470,1601,6099,7528,2490,7267,2323,7551,921,9785,2084,6769,2369,68
2457,2005-06-01,2005,6,1,5789,3369,7050,6443,5404,5136,4871,9010,4601,2316,2663,4628,5338,6242,1001,1138,3511,3301,6785,2986,9125,9706,1265
2458,2005-06-04,2005,6,4,4070,8840,4533,4198,7788,3613,8255,3867,5173,1706,778,6365,3452,6834,7136,901,8217,6804,8747,3825,1537,6987,40
2459,2005-06-05,2005,6,5,6875,4628,8459,5722,5947,4194,5452,1262,1906,9699,1711,4263,6652,4794,9960,8814,5087,5975,1192,1774,5828,2321,3206
2460,2005-06-08,2005,6,8,7123,9799,6606,9065,6860,5036,5650,7452,6640,7571,8925,3241,6149,6113,8423,7863,7729,62,8782,2717,7581,204,5367
2461,2005-06-11,2005,6,11,9431,688,3058,9149,7146,2438,1433,5845,4785,2467,8855,9632,7603,947,4117,8712,3458,8391,4536,3448,9148,1850,6964
2462,2005-06-12,2005,6,12,6584,1051,9030,5492,3946,6450,8339,7590,6782,2462,8729,1528,3372,8046,841,9892,6882,9834,3205,4314,6517,5361,1060
2463,2005-06-15,2005,6,15,2054,4364,1584,2628,9961,6330,9723,4215,8618,5159,4496,9105,1304,8429,8241,1424,2028,8214,8460,5429,4256,8226,2542
2464,2005-06-18,2005,6,18,8120,4691,5806,499,3791,6708,1182,8444,6042,4185,974,5862,1184,72,8579,7620,234,6872,9499,9020,1293,2804,1171
2465,2005-06-19,2005,6,19,8153,4379,3070,4857,6823,6085,3994,4090,2251,1619,1909,2555,9521,1532,6175,710,25,7117,4433,9746,8409,4068,4869
2466,2005-06-22,2005,6,22,594,5360,4292,6568,3378,9352,4520,9596,7289,3854,9368,4160,4443,3675,1362,2021,6743,6699,5066,3819,3664,6526,2371
2467,2005-06-25,2005,6,25,2467,6282,6956,856,5840,6282,3443,338,3802,5693,7643,6148,3846,7616,3900,2528,9274,3165,8954,8628,6092,7737,2925
2468,2005-06-26,2005,6,26,952,315,529,8698,6532,1846,7296,141,7583,484,7309,4727,7136,2380,1836,6919,9999,6776,9092,5659,5928,9167,8761
2469,2005-06-28,2005,6,28,6058,3039,5960,6531,8724,1481,6143,4988,6725,1621,8874,4732,1273,5286,5033,1683,9010,157,6262,3063,8348,2232,6430
2470,2005-06-29,2005,6,29,2688,9778,4265,7994,3335,4655,1812,897,577,5686,2234,4490,1138,7747,5532,8366,652,2458,5093,6560,7892,9511,7760
2471,2005-07-02,2005,7,2,3151,147,2915,5808,3171,496,9033,7561,1471,3156,1818,5241,9177,6001,8064,3798,9109,2632,1031,6951,2410,9996,3574
2472,2005-07-03,2005,7,3,7734,3901,8331,2234,9807,854,2657,5144,347,3672,2892,3374,4447,6349,4351,7369,3149,5258,6268,7,7033,4307,9458
2473,2005-07-06,2005,7,6,9875,1609,483,3080,4525,9892,6938,661,8428,9379,6392,9341,9425,9945,5736,4883,8163,8760,4524,5487,9792,4978,7493
2474,2005-07-09,2005,7,9,6487,7132,4728,2297,1628,3724,9835,641,7228,9927,9364,457,7703,5144,6208,7213,3036,5607,639,9772,5207,6119,6736
2475,2005-07-10,2005,7,10,9287,9165,487,6868,824,5570,7361,179,3114,7937,5288,9560,9111,4108,3676,5799,7196,3724,1284,7813,3672,8154,4847
2476,2005-07-13,2005,7,13,2583,674,5382,9419,3491,6455,8678,8254,5389,8913,9741,7856,5080,1436,9345,1694,9213,3457,4028,6440,6101,2495,2706
2477,2005-07-16,2005,7,16,6554,4405,3267,8283,9333,1386,9414,6610,2263,9256,5322,4579,8725,9724,5291,6602,1553,7,8808,289,3601,9079,123
2478,2005-07-17,2005,7,17,1734,2580,963,3111,4760,2732,7626,5329,411,554,5826,4772,1932,9364,971,8108,3683,4057,8498,696,4679,5133,2183
2479,2005-07-20,2005,7,20,6208,3090,2072,5521,9228,9217,33,2552,6497,853,1947,7070,5760,6741,1304,2549,2017,8862,4578,6629,8246,6496,860
2480,2005-07-23,2005,7,23,4180,4335,8747,5005,4842,4686,6895,2643,3380,8739,1501,122,1829,1739,5715,3875,9672,814,2442,5476,1406,3043,3900
2481,2005-07-24,2005,7,24,5561,8476,1359,4298,1648,5850,2143,3425,1964,5714,5747,4890,8914,6013,4889,6128,6781,6945,2610,7066,4486,890,5750
2482,2005-07-26,2005,7,26,1480,9054,7287,3549,6313,1535,6123,4290,142,5094,2889,401,1776,4970,4451,7808,3425,4645,2759,4335,9374,9104,1788
2483,2005-07-27,2005,7,27,3500,847,890,562,7470,3495,9485,6732,8755,4422,8683,3227,5493,3696,2332,2466,8589,9997,383,2762,616,6921,2026
2484,2005-07-30,2005,7,30,3553,8438,682,6179,7260,6604,6207,8386,6413,9703,5434,9312,1188,6565,1787,4102,5253,3791,3368,3624,419,9804,4634
2485,2005-07-31,2005,7,31,5727,9436,2741,2650,1171,8599,3256,8007,258,917,5049,1703,3120,4941,113,2988,5243,1811,9805,480,1344,9779,7815
2486,2005-08-03,2005,8,3,2106,5957,4819,323,5704,2863,8885,1820,5896,7561,3930,4676,3320,456,3879,5902,3346,8771,8459,5539,8115,1341,3005
2487,2005-08-06,2005,8,6,3519,8930,8849,537,6807,7786,9031,4466,3728,3856,113,4514,3089,9054,8206,7884,2591,8543,1164,9055,5574,2088,6124
2488,2005-08-07,2005,8,7,2753,1933,2300,6520,819,517,9069,4549,9378,8236,778,6219,702,4033,4727,6731,989,6681,668,7708,2376,3890,8142
2489,2005-08-09,2005,8,9,7368,2881,2520,7003,2701,1551,8696,526,7951,3936,8974,9857,989,3270,3872,7846,2660,3797,9552,4184,5171,6401,212
2490,2005-08-10,2005,8,10,4588,5147,5563,8048,333,7353,810,9100,5580,3077,556,2081,7663,5971,335,133,7061,6997,1851,2625,8627,7372,9591
2491,2005-08-13,2005,8,13,5737,423,3769,8203,3736,5780,3589,6649,2974,9577,9352,4903,9428,90,2159,1449,8066,3080,9379,8863,97,2722,6100
2492,2005-08-14,2005,8,14,5810,2626,8116,8505,7818,4562,7452,9588,681,3517,5709,1602,4572,5169,8992,4797,2316,183,9369,1834,9320,608,4622
2493,2005-08-17,2005,8,17,9179,9714,157,2015,3649,707,1036,3723,3788,7237,6873,8147,228,4959,4842,8501,9240,6199,7756,5421,6947,32,78
2494,2005-08-20,2005,8,20,7236,1071,8266,9707,4582,6300,6478,1319,7497,4943,8667,1581,3991,9895,9755,4306,596,6339,1553,3212,5270,6753,5795
2495,2005-08-21,2005,8,21,8077,3367,7852,9229,4654,1215,1325,9794,5211,5947,7863,287,6785,6483,4222,7534,3755,9727,9499,9960,2786,7666,8829
2496,2005-08-24,2005,8,24,2775,2943,8536,9552,335,7773,4506,7732,4126,5045,6940,5786,6382,8131,5546,4643,3293,4417,5973,9603,3733,7232,7299
2497,2005-08-27,2005,8,27,6514,5496,1151,4083,12,5244,1861,8934,752,1399,4339,1378,3432,9075,1539,3080,2114,5823,2561,7509,76,4263,1843
2498,2005-08-28,2005,8,28,3193,7876,728,805,3581,3245,2251,794,4698,1847,6164,4761,3640,4929,5197,3757,7156,9378,9356,6236,7579,8792,4220
2499,2005-08-31,2005,8,31,5571,19,7701,9264,3970,3422,6470,4241,8852,8211,6145,4984,8003,2674,6025,8765,3487,7513,9850,1797,6445,8001,7260
2500,2005-09-03,2005,9,3,999,4687,4720,5867,3499,4653,6980,8201,6995,43,660,6526,6958,8055,8247,1713,5560,6156,5610,9379,7936,9683,1491
2501,2005-09-04,2005,9,4,5173,1740,5281,5720,5839,9723,4477,6283,4784,5417,2675,6029,6173,8510,2233,4982,6351,6716,8492,8976,3686,2516,9686
2502,2005-09-06,2005,9,6,8485,4276,5789,3053,26,7608,8504,631,5815,2762,3285,4817,1862,6478,7943,1358,3675,7514,5809,7547,42,2464,743
2503,2005-09-07,2005,9,7,6497,5701,3831,7629,3528,6492,4424,5407,6955,239,5742,6258,6674,4238,7822,6936,5931,2191,7753,4424,9354,1738,283
2504,2005-09-10,2005,9,10,2539,5158,6947,7745,1352,627,9904,3479,1730,9067,1027,3261,463,735,8388,9240,4934,8484,9047,3833,9185,1946,8424
2505,2005-09-11,2005,9,11,8838,5829,1939,2835,6458,4041,5140,7301,5857,4268,8763,5451,2915,5922,2010,5045,6101,2067,8182,2855,9535,742,3672
2506,2005-09-14,2005,9,14,2324,2873,6785,8855,5723,2698,6225,2514,4799,7866,3588,4839,5073,6427,3543,9107,4856,415,3182,5796,2974,8898,2786
2507,2005-09-17,2005,9,17,9940,386,6677,9538,8446,5179,1014,8474,6596,6166,7799,8620,8443,9335,8522,4689,1750,3976,8860,7682,2429,2849,2787
2508,2005-09-18,2005,9,18,6520,5459,4933,5576,2396,504,1768,6332,7107,7196,5312,7804,8866,2910,7033,3278,6043,9381,3830,1754,2086,7542,2193
2509,2005-09-21,2005,9,21,3613,3583,3008,2952,9298,7550,7272,1131,2696,244,1697,6734,6683,8445,429,8537,2599,4362,6205,3825,3210,6167,3178
2510,2005-09-24,2005,9,24,5853,4197,7258,7381,2034,8482,9126,944,2391,1901,6880,7624,8378,2875,5695,9463,5882,5430,6153,410,5643,4695,6561
2511,2005-09-25,2005,9,25,3918,2984,2428,1188,2161,8085,6469,2048,7174,8088,558,2295,46,1156,8768,6472,1178,2289,9821,2407,6094,8232,4384
2512,2005-09-28,2005,9,28,4131,100,9712,245,6611,728,7045,3155,2530,5711,7080,4720,2681,2348,3425,6356,9932,5544,1884,111,3032,7422,9855
2513,2005-10-01,2005,10,1,8663,9338,740,9702,9731,8189,278,9670,1758,1155,9665,8699,1334,2507,2381,2800,5934,9726,5182,6882,1493,9729,2769
2514,2005-10-02,2005,10,2,1050,6799,5899,4193,2517,6126,9692,3922,5841,207,7719,8851,9465,6864,5135,4190,7253,1819,5597,5045,7687,3329,4250
2515,2005-10-05,2005,10,5,66,6823,7623,7474,9697,4835,9644,1306,5260,274,8482,2171,1549,2083,8744,7802,6368,292,2582,6543,4552,7877,5598
2516,2005-10-08,2005,10,8,8751,7621,8326,966,2478,6972,1523,544,1205,8201,6292,2489,8810,4283,5013,8709,6652,2685,2061,6183,9301,4503,4188
2517,2005-10-09,2005,10,9,7887,7655,3533,4136,6538,7968,1669,7118,6967,6848,5437,3709,5400,9981,8547,4029,1578,9469,2847,415,4107,1813,1362
2518,2005-10-12,2005,10,12,1834,6587,9264,9641,3947,1580,8209,951,2744,3829,487,9968,290,692,6,148,4455,6906,6962,7651,624,8590,6682
2519,2005-10-15,2005,10,15,6945,9448,3554,520,7013,7150,8831,1620,9393,4573,2021,8563,8152,2774,9777,6037,3743,9600,2752,6715,1081,6275,5536
2520,2005-10-16,2005,10,16,3812,5782,7401,3728,6398,7060,5901,4735,2567,5658,3926,1880,7164,535,6099,7699,8836,8004,2381,9994,9416,2520,2264
2521,2005-10-19,2005,10,19,7167,5139,8840,8867,5815,5842,7135,4080,2919,6200,2427,3139,2132,9363,8289,7874,1636,1024,7660,3905,7310,2063,7716
2522,2005-10-22,2005,10,22,199,586,151,3876,6373,5275,7831,7950,7009,9982,2733,8995,6493,3077,4474,5522,2833,344,6187,818,8235,3273,81
2523,2005-10-23,2005,10,23,2476,9400,5162,1108,3269,2163,2266,3534,7489,7095,4766,6271,1262,7772,4921,3197,2808,4657,7932,8037,929,3357,9934
2524,2005-10-26,2005,10,26,1767,7112,394,5074,83,986,5661,7317,1970,2191,5625,3020,8274,9023,5274,8531,810,2403,4265,1376,7413,3957,9516
2525,2005-10-29,2005,10,29,4056,5013,2828,9891,6130,1068,7866,2368,5039,7617,4853,5541,173,8398,4199,5240,226,4520,8313,7669,6843,6069,7975
2526,2005-10-30,2005,10,30,9335,7254,1545,3672,3573,4980,4318,8956,6814,2002,1295,7050,422,6757,4034,5269,9952,9400,6373,8720,5389,6644,9959
2527,2005-11-02,2005,11,2,4534,3944,1054,3797,8691,4656,4245,3973,341,6467,6653,8034,8782,9483,1752,2076,4124,8689,4799,9507,2078,6899,9580
2528,2005-11-05,2005,11,5,9592,5229,8791,3193,6823,4125,4691,3669,8817,6793,7972,4292,713,5092,4768,3264,4187,150,9384,2286,4704,7636,3236
2529,2005-11-06,2005,11,6,1058,9060,1758,2046,2613,7085,2454,1928,1704,7367,2851,9943,3996,4886,2646,8638,3864,5205,3648,899,7035,4231,1227
2530,2005-11-08,2005,11,8,2644,7840,9411,1089,2705,700,3115,5712,8279,6835,8423,3470,6357,518,9399,3075,8611,4175,6844,1133,5547,2503,4458
2531,2005-11-09,2005,11,9,4824,5858,7670,5130,2311,4198,7225,9829,5698,3691,3683,4518,5240,670,326,8061,3623,2832,409,6607,2010,4562,1145
2532,2005-11-12,2005,11,12,3621,3158,6239,9048,9077,8083,7967,2244,6189,5225,9143,311,7019,5887,6899,4475,4643,9165,1292,179,5120,1304,7849
2533,2005-11-13,2005,11,13,7634,4607,7603,7939,6910,7634,754,7388,4233,1024,6126,6296,865,2454,9748,6861,9774,5197,799,1277,4487,3124,1374
2534,2005-11-16,2005,11,16,2642,7167,8503,1668,9830,9982,8921,5034,4330,4966,4321,4496,1983,850,4847,3975,4230,9001,7498,6473,8881,9388,8839
2535,2005-11-19,2005,11,19,473,993,4779,669,4271,4811,5518,7422,5853,6499,2086,90,8507,9885,3155,982,3202,9338,3450,1689,7112,6458,8905
2536,2005-11-20,2005,11,20,8459,5773,9679,3973,3608,4893,6053,1003,3192,3307,8423,1865,832,9953,5423,5828,4766,7004,2428,6701,1626,2816,5191
2537,2005-11-23,2005,11,23,7544,8002,7518,9199,4367,4695,1526,6833,494,8999,2367,7956,806,1455,5006,2065,9655,9189,8939,32,8076,4960,6161
2538,2005-11-26,2005,11,26,7407,4697,3304,4379,6869,5338,1170,7538,8979,9174,3439,6278,6859,4255,1342,115,9917,2793,5257,4696,5993,9870,2533
2539,2005-11-27,2005,11,27,7391,9372,8521,3052,7484,9982,5764,5254,5386,4710,8392,8935,265,3347,4234,5683,2157,4977,6716,9180,1817,6615,9978
2540,2005-11-30,2005,11,30,5134,5283,6660,3708,8101,6166,9123,2705,4541,5123,1693,6816,5645,9787,551,9442,5897,6046,2892,7541,6637,7702,6929
2541,2005-12-03,2005,12,3,7412,4634,9480,4193,7810,9087,8167,1403,6903,5553,7147,6547,4457,431,7842,2617,4134,6959,5585,2446,7193,9524,4297
2542,2005-12-04,2005,12,4,3446,1728,8436,5986,1848,9880,2474,4603,26,6060,5489,7048,1843,8222,6240,844,2401,8302,5724,6446,6304,1647,4816
2543,2005-12-07,2005,12,7,797,6136,7097,7992,192,5916,8213,5828,736,5587,9004,1712,7912,3714,6115,9094,4714,314,1856,4013,219,1491,1212
2544,2005-12-10,2005,12,10,5688,2290,6474,5934,681,1508,1067,567,1982,8334,3987,5614,962,708,5952,925,5264,6093,1183,597,8412,3431,6969
2545,2005-12-11,2005,12,11,9246,9494,6367,3711,5335,9166,2604,2093,4575,785,1914,8577,702,1069,5007,1817,4807,5135,6334,8631,8987,4292,168
2546,2005-12-14,2005,12,14,7952,9769,508,5234,4741,4356,5878,7468,7454,9754,6193,860,3834,615,1157,7725,9082,6543,1279,4955,7275,47,4075
2547,2005-12-17,2005,12,17,4522,9194,3232,2180,1018,5098,5497,3377,7267,7970,3088,4714,4747,4822,3349,4426,7089,2609,8271,128,6680,5000,3646
2548,2005-12-18,2005,12,18,4427,8363,7120,1501,5943,2066,7142,8200,2289,2527,8213,8351,7632,9759,5553,7408,7046,7307,7908,9745,2330,7023,4631
2549,2005-12-20,2005,12,20,2275,3548,7930,8372,7449,9395,5404,3560,5631,9877,5319,3428,4726,5178,5783,1617,3861,2548,7017,5010,4548,1660,6135
2550,2005-12-21,2005,12,21,2334,1023,2552,3533,8431,4349,9269,1667,8875,904,1192,377,6182,8225,2587,1690,9064,6764,4543,6059,8438,4415,8177
2551,2005-12-24,2005,12,24,8973,8218,6221,5873,1560,4404,8980,1211,4450,9386,5677,2533,775,4090,6602,9216,6915,9412,3772,6677,3211,3883,2683
2552,2005-12-25,2005,12,25,322,8636,8732,8917,1462,3356,3488,285,8500,5820,153,9634,5505,6254,5245,8033,6837,696,5552,6917,7342,1947,9511
2553,2005-12-28,2005,12,28,8283,2457,1684,659,5152,968,127,5212,9700,2983,9112,2132,3039,8139,629,4485,1704,1586,7870,5919,1979,8992,5774
2554,2005-12-31,2005,12,31,8331,1330,3626,4279,9121,3812,7193,6296,2203,7128,8733,1198,3774,2827,7336,3286,5425,9271,8564,2852,2326,6459,726
2555,2006-01-01,2006,1,1,6755,9058,2194,4116,5270,4625,9719,921,3376,7210,3840,3143,6504,7078,4728,2977,6954,1147,679,4471,5337,6299,1159
2556,2006-01-04,2006,1,4,2105,1928,883,5256,4497,2645,3911,6733,2541,882,1970,7610,470,4223,1445,223,3366,9885,4208,7013,8135,777,1009
2557,2006-01-07,2006,1,7,7867,8579,4241,2364,324,5892,6136,7805,7286,4080,7611,9845,9998,2194,2220,1077,4124,6384,9018,2702,7371,6938,3417
2558,2006-01-08,2006,1,8,5370,3228,1606,8004,8009,2061,809,8946,946,3329,1024,1420,3676,6490,3523,7599,3186,4429,3993,5343,4629,802,7423
2559,2006-01-11,2006,1,11,1798,3017,4956,4216,9707,9917,1456,1,2724,3659,4718,8715,4974,6858,6138,8775,3541,6999,8865,7102,6524,7128,9263
2560,2006-01-14,2006,1,14,5370,649,5713,9581,9138,3696,246,2818,6699,9863,7039,5467,3115,2215,1513,9201,1204,3074,347,1800,2520,9082,3463
2561,2006-01-15,2006,1,15,6171,5096,2635,3372,9927,876,5441,7872,5084,1345,2493,9471,7740,7564,5314,6980,4749,1777,232,7935,7399,2216,4982
2562,2006-01-18,2006,1,18,5543,6046,3597,1505,4182,188,4034,7475,9913,7187,1147,5784,5149,7917,4810,3671,4797,502,3580,9448,2093,5741,8380
2563,2006-01-21,2006,1,21,6973,4609,4454,8957,6830,6702,4032,9020,9660,1047,9394,4308,7115,1190,4617,6401,2477,9526,5028,4337,4157,8621,7084
2564,2006-01-22,2006,1,22,349,5085,2951,7899,983,638,3461,4566,5557,4628,9262,3905,4202,9421,3147,5319,2578,3656,5751,7387,1432,5322,1039
2565,2006-01-24,2006,1,24,4553,9590,2598,905,4948,2199,3663,5692,6439,1719,7358,8327,7505,8812,9238,9092,2434,9117,3458,9348,2794,5802,7617
2566,2006-01-25,2006,1,25,2333,2195,5741,2416,9188,6968,9589,9471,6043,8046,5334,6925,5332,6675,6783,5252,9913,3698,2017,4366,2753,4182,5018
2567,2006-01-28,2006,1,28,2728,8170,9155,3275,4831,7468,3032,6294,4587,5452,7578,5949,3512,2600,8184,2867,7404,5330,3677,6776,4606,3794,3598
2568,2006-01-29,2006,1,29,108,6583,1258,8270,9965,9430,8038,8676,6460,6097,1387,6413,7026,1235,2338,7413,3013,5384,5942,7459,1803,5718,7704
2569,2006-01-31,2006,1,31,2978,786,8533,3184,4606,9971,6828,7324,3437,2873,1974,3893,204,9119,8836,9405,2868,6948,1937,9837,7535,6847,71
2570,2006-02-01,2006,2,1,6064,3771,8883,4918,2210,8506,7382,9999,9115,2965,6049,7399,3029,6032,3337,9600,9208,7966,3539,30,8408,819,2197
2571,2006-02-04,2006,2,4,8595,7079,9383,9922,484,7205,9491,9300,7476,2998,8950,8524,2212,9939,6696,7996,540,2897,9437,2480,5467,4042,916
2572,2006-02-05,2006,2,5,7048,6391,7368,4686,1090,2785,3438,8284,8197,2033,891,3414,5452,8777,8469,385,8525,9563,6583,999,5129,7370,9572
2573,2006-02-07,2006,2,7,9464,9204,1067,950,5138,7605,25,8734,3148,1468,61,8401,7279,7479,9041,1268,9271,1039,6232,7126,6938,3593,6616
2574,2006-02-08,2006,2,8,1950,8150,5992,5686,3627,5358,1168,1438,3901,1047,4146,8576,8189,2172,9723,6762,6597,546,8905,1419,6818,8211,3509
2575,2006-02-11,2006,2,11,343,6431,5925,5708,9057,8186,2741,6261,7449,1733,6581,9377,7526,1138,4549,208,8280,9061,9604,7215,2977,4574,9565
2576,2006-02-12,2006,2,12,1459,5857,5370,6593,9009,4408,2902,56,5734,7849,9035,4600,4236,7358,8077,1395,6400,8424,2724,6860,9192,9682,6185
2577,2006-02-15,2006,2,15,2118,7810,4325,9559,8412,1028,5122,5740,6244,719,9555,797,134,4407,9721,5304,8670,9984,9757,620,2042,1452,5281
2578,2006-02-18,2006,2,18,8917,4,3811,4133,5,3032,112,6646,3101,1633,6273,1692,4480,3056,8000,2736,7554,608,8131,6566,9089,4164,2194
2579,2006-02-19,2006,2,19,2307,7515,885,3276,724,4277,9254,9285,7820,2265,3092,5589,2416,1600,8738,1352,1118,4759,2204,4394,8142,9043,7033
2580,2006-02-22,2006,2,22,9744,7014,3731,7614,9168,7630,6359,2649,2634,2381,1323,3878,696,3719,9926,9011,8592,3472,7234,1900,7496,1008,8057
2581,2006-02-25,2006,2,25,7233,6989,8395,7165,2233,9340,1192,7348,3031,2017,6444,163,2461,1603,269,7865,5386,4746,8764,6523,1203,1321,9719
2582,2006-02-26,2006,2,26,7315,7069,1199,2868,3213,8535,3840,8593,3105,4825,3035,825,546,56,8499,1901,2980,2777,6957,7536,9609,518,6813
2583,2006-02-28,2006,2,28,6599,3819,4378,9279,6496,5005,5822,6855,4815,7010,6220,4974,8183,3805,9288,2474,7982,2866,2236,8827,4392,4781,1944
2584,2006-03-01,2006,3,1,3150,2721,6891,3491,5238,336,3233,1511,3024,4437,8535,8175,9870,3286,3192,1634,3409,9519,6881,3198,1323,1366,7737
2585,2006-03-04,2006,3,4,9464,9907,4692,8059,5073,6077,2064,7874,9694,5710,6979,447,4408,5378,9706,7658,8403,5581,9193,6371,6656,2042,1463
2586,2006-03-05,2006,3,5,6201,2125,6448,898,4928,2235,4754,2136,4068,7716,6363,8290,3004,5945,3550,1428,1980,8108,8520,5312,3231,8694,9825
2587,2006-03-08,2006,3,8,3063,1595,1955,6634,3773,9633,5379,8454,7405,1987,5971,7155,5921,9447,2728,4178,6288,3675,7378,4342,3354,1374,8808
2588,2006-03-11,2006,3,11,4308,7920,955,2855,4648,4590,1743,2134,6736,743,5164,1149,3925,2965,1902,9997,7772,6550,5881,1767,8588,3767,4326
2589,2006-03-12,2006,3,12,2343,6873,2825,9741,8774,3134,6138,7552,5826,8810,9081,4024,8164,8783,3283,413,2629,9660,5193,5944,5370,5765,5529
2590,2006-03-14,2006,3,14,9822,8126,8623,1434,9261,5689,9217,8244,2198,9571,2096,8339,4105,9230,3937,9461,1896,3968,677,5559,725,7172,8800
2591,2006-03-15,2006,3,15,9385,9567,7745,6882,1736,6747,6711,9846,4867,1060,1406,2960,2268,4222,3866,6733,66,4718,5768,6490,3839,7450,7767
2592,2006-03-18,2006,3,18,9310,1360,4418,9044,8,9192,9594,6618,5186,7305,4787,273,1953,6708,3210,4292,160,6941,6135,6171,6159,7666,3333
2593,2006-03-19,2006,3,19,6941,5590,2352,1018,9490,3066,7480,8206,2875,6028,5362,9765,2030,9498,174,9870,7551,6312,8458,3284,9114,2079,8474
2594,2006-03-22,2006,3,22,2352,4910,1347,3205,3847,4398,1267,9231,6701,2298,9959,1965,1302,2333,3375,729,3955,9070,8254,2364,7879,1513,1582
2595,2006-03-25,2006,3,25,7604,1614,4145,5745,3584,9329,6700,6400,4645,7642,5127,8827,2012,6677,9885,4462,7284,5522,924,6813,2760,2044,1709
2596,2006-03-26,2006,3,26,4507,4980,3198,2172,3266,2422,6199,2522,9134,2511,2310,5439,5803,2381,678,1852,8040,4602,750,6418,7689,2437,1390
2597,2006-03-28,2006,3,28,7009,2901,3588,2874,3227,9211,4607,1947,9794,1885,9314,8673,6792,3260,465,9637,9642,5578,4134,3033,1274,5503,7698
2598,2006-03-29,2006,3,29,8320,5531,3342,727,2965,3666,4072,9993,1354,9579,9626,481,8409,7677,4313,7045,3126,2092,8340,5852,8911,9960,3091
2599,2006-04-01,2006,4,1,8406,9071,7649,3326,7530,6383,6997,8152,2715,7784,5439,6025,9210,6102,6396,5841,2004,2322,6256,741,6145,9493,7051
2600,2006-04-02,2006,4,2,8559,854,3850,2698,5884,1916,5611,7377,6056,9724,2068,743,3046,6256,8338,736,9194,7052,2309,2813,4951,2225,3816
2601,2006-04-05,2006,4,5,8279,321,418,7792,5408,9321,2260,2243,1467,9368,3104,9861,3569,1464,4149,1380,4844,5769,790,4847,1760,4159,2517
2602,2006-04-08,2006,4,8,5508,9143,3404,4387,6776,4556,6807,4960,6249,7765,8090,2572,9698,7188,7595,4242,2986,3656,8083,68,2325,5043,7304
2603,2006-04-09,2006,4,9,8943,596,1264,4630,9191,4922,9231,2314,5597,2456,8122,8852,3488,2658,9627,2453,4158,5966,4362,4102,9730,4893,40
2604,2006-04-12,2006,4,12,8986,4817,1935,4246,730,7329,4839,7538,8519,2359,3903,3614,8302,7192,8850,6253,2954,7783,6670,7056,4795,7794,9119
2605,2006-04-15,2006,4,15,3816,1066,5599,7288,7223,4333,2091,6163,2762,9661,6770,8231,7934,8697,722,1179,4482,4558,7170,5621,8218,9462,9899
2606,2006-04-16,2006,4,16,2546,6391,8915,5333,8335,1878,7986,8828,9876,4547,8216,63,3242,3672,2250,583,9550,7123,3174,8115,3805,2523,4932
2607,2006-04-19,2006,4,19,9001,6040,3013,533,8725,7372,7781,3657,500,743,7779,8117,3920,1278,3779,1796,2229,7888,9653,9994,1507,8307,2946
2608,2006-04-22,2006,4,22,4491,639,945,7510,6441,4374,4504,1461,4421,1883,1576,644,8796,1896,4232,6287,8189,4957,8510,8208,4540,3971,2764
2609,2006-04-23,2006,4,23,1209,6891,9068,7050,4459,4041,4799,5472,9570,6542,2948,7037,8036,8663,4624,4677,1077,238,5690,208,3088,3655,6231
2610,2006-04-25,2006,4,25,9289,3444,280,527,2620,1694,5140,8070,9505,5624,6307,3951,3811,2824,4517,1907,7060,342,2508,7072,1778,2310,8501
2611,2006-04-26,2006,4,26,2362,2582,2292,9807,3750,7634,7616,5611,7093,7048,1942,4083,2667,2991,9468,1015,5686,4179,7682,4874,885,2015,8248
2612,2006-04-29,2006,4,29,1145,5241,652,6799,4558,4439,6915,8536,5256,7999,4416,6339,111,1964,6773,2059,9051,8311,4675,1925,5387,1483,9969
2613,2006-04-30,2006,4,30,3638,6369,1610,4965,5882,8068,2240,7652,8831,3625,1973,6698,9774,1316,453,6646,7711,9231,9303,9069,6539,4709,994
2614,2006-05-03,2006,5,3,7362,4949,8177,8131,8623,9258,7393,7637,5274,3807,9142,6846,4147,7730,4555,2314,4456,8070,7335,2294,738,6995,2022
2615,2006-05-06,2006,5,6,157,7717,2777,2509,9049,8782,9942,8125,190,56,1471,2753,2628,662,4648,1775,7871,3667,1958,5766,9447,5070,9689
2616,2006-05-07,2006,5,7,9177,7329,5942,1020,2410,9208,6344,1046,1003,5859,4285,7331,6491,7540,5773,1476,2048,9189,1786,263,5103,8053,2413
2617,2006-05-10,2006,5,10,6991,9669,3163,129,2972,7661,9721,4427,3606,7159,9610,3257,8754,3484,1948,751,1703,4043,7474,5633,7461,8241,754
2618,2006-05-13,2006,5,13,9270,8208,1089,2136,8809,301,5952,5688,5095,1523,6306,111,9779,4929,7861,1795,1250,2205,9449,5531,3503,1548,3036
2619,2006-05-14,2006,5,14,4514,5315,8807,3084,7552,2985,108,6479,6338,844,5307,8894,4901,7660,5438,3829,4136,2198,9630,4372,6328,8899,2049
2620,2006-05-16,2006,5,16,1878,7501,1545,179,9447,8867,2162,2464,1870,7711,7588,1105,8683,3874,2483,6572,9009,8979,3282,3639,6937,877,5066
2621,2006-05-17,2006,5,17,2000,5451,6582,9766,9941,7343,917,7789,6767,3783,4028,3363,8747,1021,9540,5739,1796,9566,7686,1418,8027,9584,7199
2622,2006-05-20,2006,5,20,4006,5968,2080,8482,9367,706,304,3238,9468,22,1088,4354,7762,3752,344,3692,8648,149,8749,4552,9361,2981,1079
2623,2006-05-21,2006,5,21,5068,3823,5836,7862,5287,3937,3951,8469,9755,8340,9663,8384,234,1560,4325,3579,9877,1386,9322,1344,1652,3216,7413
2624,2006-05-24,2006,5,24,4245,4545,4894,3292,9245,185,6966,2358,3062,1654,8691,3966,2159,2376,1549,2027,9473,4299,4759,3706,767,7418,1322
2625,2006-05-27,2006,5,27,5558,6403,7966,1560,2937,6087,671,3861,4271,9895,9059,1314,1590,3361,7076,4835,2738,7248,8664,1450,1368,9160,1986
2626,2006-05-28,2006,5,28,9083,4352,7219,9186,2504,6245,3616,8830,822,7260,6191,8560,3276,6914,3579,4451,717,6437,2760,2858,9965,7072,1209
2627,2006-05-30,2006,5,30,7240,6349,6524,3004,2674,5704,8431,8930,2185,2555,4069,7022,3805,430,2042,4879,1739,3719,6851,5805,9488,8677,5079
2628,2006-05-31,2006,5,31,1159,1916,5040,783,1595,4354,3788,8790,9852,3158,157,179,5079,449,8691,771,8306,2874,3691,7329,3545,5534,1750
2629,2006-06-03,2006,6,3,9503,731,2785,3696,2377,355,7938,4086,8276,8683,556,3140,9547,8816,1807,6676,3544,7957,9741,2392,7866,756,1118
2630,2006-06-04,2006,6,4,4058,7522,6461,9955,3751,8353,1442,7702,1437,7455,7160,6404,2089,329,3785,6005,6857,4767,5012,6988,2190,8039,9626
2631,2006-06-07,2006,6,7,5754,4894,4702,8966,334,4598,2893,9530,1700,9849,4281,5069,7314,5660,6086,3440,5958,2583,8066,9574,2853,4109,827
2632,2006-06-10,2006,6,10,5474,2200,2982,1530,8581,1944,461,8553,2501,4486,5186,4542,4283,4945,1202,4185,1047,6533,4358,4040,5453,3741,9087
2633,2006-06-11,2006,6,11,6359,2116,5937,4978,5494,6923,6550,3509,2577,422,2905,8946,610,7863,2589,1655,4353,6303,7232,5409,8111,7063,6916
2634,2006-06-14,2006,6,14,6936,8443,506,8809,5910,5953,1440,2311,1088,1736,5440,5389,584,6603,5634,7251,2973,3164,1183,605,1389,8261,4787
2635,2006-06-17,2006,6,17,1777,3029,1903,4549,4154,8070,4718,9782,9126,1828,328,3505,3767,1823,959,3719,2097,9333,5581,2036,8034,5862,8443
2636,2006-06-18,2006,6,18,8393,510,5837,4469,50,9712,3375,9648,8017,394,2578,6615,428,278,6565,133,7976,5035,9109,2513,1723,8029,3781
2637,2006-06-21,2006,6,21,9659,9194,7138,7824,5225,3768,5323,6689,9602,794,2149,4853,1406,300,2953,8821,7326,4302,891,8936,3693,5651,473
2638,2006-06-24,2006,6,24,8828,3766,8541,8983,2872,8554,7719,6659,4721,8059,6551,33,9215,2189,5299,5991,5446,8231,7933,4453,9709,3328,2607
2639,2006-06-25,2006,6,25,6273,4677,1209,2154,6916,9019,6271,5469,3165,3678,9864,946,7210,5716,9931,1559,6869,6454,6828,2220,1125,8278,6322
2640,2006-06-27,2006,6,27,2555,2230,7557,8079,6378,3295,2974,8955,9140,131,20,564,4759,3989,9991,7560,4624,8176,2877,7101,7153,5813,2492
2641,2006-06-28,2006,6,28,6831,8321,5206,7315,7070,199,1491,2307,8956,927,1880,1340,4821,2810,4591,2205,4523,8621,6667,5733,754,9524,905
2642,2006-07-01,2006,7,1,8572,953,5701,114,5297,9687,8902,9522,8982,503,6275,1288,8377,2205,9810,1753,1096,4024,2402,2780,2265,9709,7197
2643,2006-07-02,2006,7,2,9219,7765,1242,5210,3249,4419,2565,4571,8131,7764,8374,2847,5839,7017,7125,7767,3293,2772,6424,2704,6204,5987,2311
2644,2006-07-05,2006,7,5,1740,1955,5025,2038,7252,7112,7247,7779,3066,7381,5289,5343,3273,4426,3021,8358,2696,402,8839,6924,3571,6826,9190
2645,2006-07-08,2006,7,8,4807,7901,8039,1064,8656,9091,1214,1194,2579,3721,7815,6477,3504,6779,4913,8095,1697,6970,8204,3566,118,5551,7556
2646,2006-07-09,2006,7,9,6981,6638,1788,9352,2847,399,9435,995,6459,909,4008,4546,7835,1497,486,976,7895,586,6608,7089,7671,2524,7663
2647,2006-07-12,2006,7,12,9533,3602,8045,6819,2518,7788,848,4198,2313,220,1267,1187,8088,519,2528,2234,4553,5079,9880,6376,7850,7056,5381
2648,2006-07-15,2006,7,15,9262,4476,6950,2334,2740,909,6050,5706,8040,4290,4103,8448,6960,3749,1027,5976,4959,8697,2667,9190,7986,1070,977
2649,2006-07-16,2006,7,16,8031,6483,7273,1020,3378,3609,7377,828,473,9619,6020,7919,9718,1603,5281,4102,3664,685,4732,221,933,8342,3311
2650,2006-07-19,2006,7,19,1899,3922,2255,8932,5462,8776,4450,2962,9090,8987,7910,8958,4979,6255,9560,8299,4800,1765,1506,2703,3888,961,2153
2651,2006-07-22,2006,7,22,2890,7445,6374,485,9207,188,3419,222,961,8302,7210,9936,6979,4007,7483,9633,143,3605,7302,6555,7588,4970,2292
2652,2006-07-23,2006,7,23,2722,6808,7788,3740,2618,5001,4869,411,7,1034,9157,8402,6427,156,3353,2690,3426,8676,3999,6512,5193,5005,2941
2653,2006-07-25,2006,7,25,2797,7293,504,510,763,642,2418,2728,3887,2684,5925,5017,408,7704,2783,6620,1452,4882,8776,230,9397,7497,6786
2654,2006-07-26,2006,7,26,4804,3268,2068,4706,7289,7098,1173,5183,7057,6144,3465,3280,6590,451,3759,9014,566,6637,8940,4332,8168,4899,2216
2655,2006-07-29,2006,7,29,5265,3778,7224,4110,1011,4969,1803,7791,1922,9152,5140,8818,1748,1424,4409,6241,5758,5050,4868,572,637,7483,6538
2656,2006-07-30,2006,7,30,8381,4576,2362,2005,7455,4427,3232,7964,8461,1376,3410,9073,2527,2557,6013,4547,5124,1342,1591,100,4916,3708,5564
2657,2006-08-02,2006,8,2,3861,6632,3665,5813,7558,8486,6522,8002,7505,6928,3754,2500,9093,3592,5497,8459,97,6356,1851,9835,6965,6193,619
2658,2006-08-05,2006,8,5,835,389,7892,4993,8379,5296,8794,2971,1811,8086,6466,5919,5978,9218,1676,8531,3031,2901,9339,5783,3874,2774,8374
2659,2006-08-06,2006,8,6,372,8735,7006,9465,2861,4374,2935,4882,8262,7812,948,4143,5539,2891,4755,9430,4487,884,1699,7630,9121,2330,2842
2660,2006-08-09,2006,8,9,5721,5722,6967,3096,4716,6049,1423,6085,2225,6947,6957,6218,6872,8290,159,1952,6776,5290,2911,9394,1827,9895,1483
2661,2006-08-12,2006,8,12,150,622,7299,5804,4159,5384,7088,1746,3386,211,2601,8078,2389,3721,1327,569,1654,8564,6777,5211,9762,816,1945
2662,2006-08-13,2006,8,13,8221,2672,3353,8106,2950,3297,8027,5731,2859,4763,9109,3273,7277,76,5435,9197,9514,9311,6227,8766,3868,7881,3823
2663,2006-08-16,2006,8,16,7413,7270,8696,696,3616,8886,2158,8782,1081,2971,7502,8860,5141,1211,7564,8921,5526,3312,1305,8155,6070,4096,9171
2664,2006-08-19,2006,8,19,7561,2606,9288,6272,3741,8858,8561,4302,8357,7257,1327,6960,1901,9898,4477,675,2295,7992,1028,7606,169,4885,9066
2665,2006-08-20,2006,8,20,196,7081,3137,5766,4812,6657,7339,3268,2191,4815,2074,760,7718,8363,2308,7259,6538,9164,7318,90,6019,5129,1488
2666,2006-08-23,2006,8,23,450,4391,4413,7864,62,8056,5496,2863,3665,1738,861,2269,2176,8189,2453,7959,8123,8976,3440,7482,6536,5742,7236
2667,2006-08-26,2006,8,26,7321,5752,4563,9054,1997,5398,1786,9109,1596,8884,5898,4149,8383,8808,3497,4475,6117,1225,7795,8487,6562,6951,4902
2668,2006-08-27,2006,8,27,8727,2862,9355,1736,3971,615,8454,7162,4720,3232,7026,9154,7629,988,9276,9892,5449,7897,3596,3137,9531,2037,3041
2669,2006-08-30,2006,8,30,7937,8392,3168,2724,928,6952,9117,1439,7932,314,1732,5733,261,5581,368,4545,4343,4181,3780,4380,1882,1534,8239
2670,2006-09-02,2006,9,2,2318,1727,7462,106,7774,2652,657,9881,9714,8425,622,5684,4446,6777,6487,3790,9168,7457,1778,8522,8879,2100,3464
2671,2006-09-03,2006,9,3,7138,3084,9321,243,7684,949,1740,8399,8893,7767,7928,7837,1319,2362,9137,8297,836,9250,8473,3630,4383,7413,6048
2672,2006-09-05,2006,9,5,9350,2968,4956,1865,9543,9669,9522,5478,8779,3955,8941,9833,2208,9072,1155,9880,5976,1785,2606,9767,3613,3276,447
2673,2006-09-06,2006,9,6,9053,7903,5782,2885,5652,9345,5228,682,4956,3816,2889,4338,3872,3852,3168,5225,1794,8803,8345,6246,1662,1479,9802
2674,2006-09-09,2006,9,9,1890,7129,6216,6805,6160,6420,4256,6518,5434,3282,571,6089,4818,3726,693,8990,9433,282,6896,321,5835,6135,8213
2675,2006-09-10,2006,9,10,6685,7472,3200,9767,3406,9804,9330,991,1245,3559,551,1755,3844,193,5654,116,5269,6479,7991,2076,7875,8322,9760
2676,2006-09-13,2006,9,13,3293,998,1229,1175,4595,6367,1555,7112,9908,7263,9053,230,1489,5566,6305,2856,974,8113,8985,9487,589,3766,7801
2677,2006-09-16,2006,9,16,5113,672,2947,3378,5996,8938,2081,6839,9207,367,2508,6017,4028,5119,7337,78,9924,3568,6961,8325,8565,6893,4825
2678,2006-09-17,2006,9,17,8292,2150,6917,8941,8222,1024,2177,9416,5756,9339,5885,7285,8355,7895,4609,6425,2677,8435,3096,6867,2259,1147,6238
2679,2006-09-20,2006,9,20,7581,4504,8329,2899,2883,7349,7913,2509,9528,546,9632,1112,5204,2898,1313,7228,373,7966,7710,1400,2964,7890,5488
2680,2006-09-23,2006,9,23,9658,562,6893,6337,5528,4929,2725,7895,6210,7336,8277,9558,917,9090,7140,2613,6106,5195,5592,612,9807,7116,5216
2681,2006-09-24,2006,9,24,6392,6938,5310,9021,7728,9634,6593,2,525,4058,102,8500,73,14,6876,7329,9313,9829,7594,758,4947,1181,4856
2682,2006-09-27,2006,9,27,4859,7581,955,3738,5530,1126,5628,4079,4440,9701,7698,4190,7454,4545,4403,9426,4943,3735,3391,2883,6609,9774,5479
2683,2006-09-30,2006,9,30,6912,1321,4115,7906,1738,6804,6357,3189,5929,5363,7537,1360,4693,4291,5379,7755,4852,8368,7611,8377,2190,4608,2998
2684,2006-10-01,2006,10,1,6770,4332,6215,4039,5752,4552,3247,8237,120,1388,1774,4712,2099,8257,7154,1799,6513,3458,4825,7606,1437,7098,6641
2685,2006-10-04,2006,10,4,309,1587,6553,9291,8186,6485,5073,5296,3912,5980,13,4065,175,9384,3887,6951,315,6880,6663,4046,2756,2251,4092
2686,2006-10-07,2006,10,7,766,760,4570,6875,9265,1681,4177,9301,9816,9096,5756,9428,9004,2575,5838,8416,2669,2781,8664,5888,9078,1694,7993
2687,2006-10-08,2006,10,8,2737,2522,7058,2871,3853,4426,5772,3085,1612,9339,2864,270,9687,6162,2297,7214,6593,3945,1182,27,7673,373,8494
2688,2006-10-11,2006,10,11,9911,5130,7939,8263,6104,7610,9774,3529,501,7706,7516,5043,2900,5088,9434,328,4383,4816,9759,7837,7513,3650,3145
2689,2006-10-14,2006,10,14,1782,3557,6977,6648,4188,3737,8073,5873,4892,8966,536,1474,7200,297,7936,7786,1297,336,1586,4617,2440,5241,3304
2690,2006-10-15,2006,10,15,375,8093,2397,6194,9655,6564,5488,8415,204,192,5124,5622,3934,9889,9018,8535,7974,7125,3984,8172,2795,6020,6501
2691,2006-10-18,2006,10,18,5084,9600,7907,670,9590,454,2507,3861,5726,5614,8983,9840,9244,3985,5540,8119,7158,1632,2870,6396,3262,6226,6352
2692,2006-10-21,2006,10,21,2901,7176,3542,276,6549,7216,8778,8739,2741,3369,1725,9799,4733,9940,8112,7421,9269,9611,5372,3591,5764,7942,2269
2693,2006-10-22,2006,10,22,5801,710,4274,8172,4571,3472,5565,6666,7934,826,4460,8231,2831,2429,5466,6741,1553,8732,7568,5073,8489,1514,8177
2694,2006-10-25,2006,10,25,3247,874,5335,9935,9090,8665,8153,8000,5225,8911,9172,4009,9819,4603,7347,9184,3149,9575,6020,911,6537,9944,4207
2695,2006-10-28,2006,10,28,2940,3460,2036,9105,246,2101,5083,2806,9525,5440,766,4911,4538,5385,6229,8211,1435,6489,6255,4432,7829,3149,3977
2696,2006-10-29,2006,10,29,6552,3101,2247,3615,969,2069,5758,5635,66,1619,7868,7597,4724,2717,3456,3802,3519,3444,2149,5055,5667,1206,3171
2697,2006-11-01,2006,11,1,7648,254,7521,7478,5827,8091,582,5125,9173,3819,6516,5766,2057,1680,4967,3519,1060,3908,7307,3107,4776,7260,2605
2698,2006-11-04,2006,11,4,4818,2956,5431,7882,6443,5191,2805,774,5989,9401,7603,1087,9796,8359,1922,7910,2089,3175,3118,2135,429,5795,2836
2699,2006-11-05,2006,11,5,8787,9845,7216,4655,2353,3996,350,3657,431,3446,8102,8027,1515,4178,4438,7850,5114,2808,2150,972,7394,7557,1159
2700,2006-11-07,2006,11,7,7301,1254,766,799,4504,3091,1767,4984,480,3153,7270,5475,6814,8547,4847,5790,9298,9348,6627,1834,6075,9984,4591
2701,2006-11-08,2006,11,8,66,1348,7330,6664,461,7146,5315,1301,7611,3378,615,4937,3483,2829,387,4335,252,1623,6141,3582,2577,5811,1639
2702,2006-11-11,2006,11,11,1646,1920,759,5468,5441,31,6469,7917,5878,5704,2760,3671,4340,9617,6190,5359,6970,9920,2074,3155,8903,7266,2912
2703,2006-11-12,2006,11,12,4140,2485,2275,7942,642,1122,1895,9660,7448,1234,888,9792,2400,6105,7132,3435,3517,8782,8911,1612,804,2310,3807
2704,2006-11-15,2006,11,15,8900,9485,7729,8577,3636,2044,4567,681,9125,7904,3289,621,77,7816,409,5789,4150,628,3166,6735,6526,6520,4745
2705,2006-11-18,2006,11,18,8790,1852,7759,1305,648,65,3429,7415,9490,8164,1624,6658,7809,291,5204,3287,5191,6839,975,7861,7567,7208,7268
2706,2006-11-19,2006,11,19,2134,4745,1154,7465,2763,9346,6107,2404,7575,5534,7021,3727,8913,2360,633,9835,2986,8105,6569,2251,4718,8862,3189
2707,2006-11-22,2006,11,22,867,7522,4370,863,9101,4738,7870,3632,9076,5942,9900,4120,7025,213,6755,152,85,6297,7491,8351,6603,4543,5711
2708,2006-11-25,2006,11,25,3162,8256,9047,7465,8379,1193,9510,6923,522,9926,2849,1611,8755,1433,4927,714,2234,191,1138,3116,9698,3576,297
2709,2006-11-26,2006,11,26,4281,7479,3931,4631,9186,3913,3203,3850,4318,5200,2796,9160,9605,7164,9427,9455,1433,202,3056,4618,474,2286,329
2710,2006-11-29,2006,11,29,5831,8285,3610,7589,5725,5836,2599,907,5693,554,3980,8882,1175,6521,9623,8205,3535,8047,6,6459,5486,5278,8003
2711,2006-12-02,2006,12,2,2877,4970,1208,8045,3803,8148,9655,7528,8753,6019,9647,8429,805,9245,9343,7477,199,5032,2505,9810,1236,1827,1495
2712,2006-12-03,2006,12,3,1196,3383,8914,7616,5498,6697,5178,2695,5782,8323,5140,6428,9320,5532,9945,4625,3198,3529,9809,1556,1890,8001,4001
2713,2006-12-06,2006,12,6,6605,6343,438,5189,7559,8099,7007,687,7894,6298,9378,7418,5244,6060,577,1855,5093,3860,8874,8475,753,5499,6082
2714,2006-12-09,2006,12,9,2241,9365,465,5207,7468,2073,4290,1374,5705,843,1648,969,0,2362,6999,3730,6128,4399,9643,1315,5848,4859,5907
2715,2006-12-10,2006,12,10,849,8154,7178,5527,4068,9533,4425,3595,3518,1216,5033,6498,5261,575,2091,3271,2984,2920,3981,5092,2740,2938,8158
2716,2006-12-13,2006,12,13,8214,2526,2025,6380,3061,3753,918,2915,9460,2599,408,996,6523,4830,8816,804,1939,5694,7790,4649,1682,2600,7702
2717,2006-12-16,2006,12,16,6011,6232,9825,6502,5266,4659,9336,3225,1255,1140,4965,5364,6983,5298,8344,8002,3294,35,5015,3195,9237,9930,298
2718,2006-12-17,2006,12,17,6737,9052,1487,9937,5325,3348,2635,9832,3334,6923,5973,8491,4887,4981,3413,4666,278,755,4692,2221,6657,519,7169
2719,2006-12-20,2006,12,20,5442,3780,2420,7938,1193,1394,8181,6674,9829,7841,5227,7903,8636,8117,4730,2037,1138,189,4745,7912,1789,6915,930
2720,2006-12-23,2006,12,23,1705,4569,9452,8777,824,3283,8087,1121,9064,592,7364,9001,9189,726,5400,8057,1380,5076,6450,303,1154,2526,7921
2721,2006-12-24,2006,12,24,1000,5479,6716,1490,1295,3187,2279,2284,1196,4125,5224,4174,1524,7230,1727,5323,4860,8307,8367,2100,8177,4784,8925
2722,2006-12-26,2006,12,26,4674,6803,735,7975,3376,6370,8804,3387,6553,4374,8939,8985,871,7909,1787,2893,586,4445,4761,393,6647,1547,2771
2723,2006-12-27,2006,12,27,1932,6388,5107,3887,4632,9551,9093,9711,9979,7689,8032,5856,2180,3103,5159,8064,6842,4107,6992,5214,2918,3004,3970
2724,2006-12-30,2006,12,30,7913,8603,2313,5753,8854,7117,646,3870,3467,5507,1026,2817,1162,2051,1157,7227,3443,2767,2484,5344,6188,1644,5781
2725,2006-12-31,2006,12,31,272,7169,2544,6306,1741,6298,3890,9228,5394,886,2983,2502,8472,6416,9750,4911,4319,8119,335,1436,9399,7126,4051
2726,2007-01-03,2007,1,3,3252,9163,6946,6619,5064,335,512,6094,4965,8258,3746,2701,8083,7028,5717,2111,4238,9960,5124,3944,33,9641,6757
2727,2007-01-06,2007,1,6,7830,1369,1630,4195,1254,158,4258,9697,6311,4390,8007,883,3051,2604,8951,2141,8103,971,5341,3914,4877,2277,6835
2728,2007-01-07,2007,1,7,7570,9873,9029,1501,5955,270,5340,1864,2365,3990,6077,1137,9997,3442,2894,7316,9660,5255,2936,4368,494,4736,4992
2729,2007-01-09,2007,1,9,6125,2383,6055,8110,9720,9511,8326,85,5851,1883,1835,1279,5956,9707,7463,5096,8038,974,6278,9743,8174,3330,7914
2730,2007-01-10,2007,1,10,4171,7778,3509,4291,580,2048,3088,9950,8078,6817,3481,7005,9453,925,3120,1885,905,2153,2729,5368,3892,9478,4019
2731,2007-01-13,2007,1,13,5629,2359,6341,4519,4946,662,8182,794,4786,8050,8337,855,7761,968,4325,6600,7526,6142,5498,9700,9146,1341,5318
2732,2007-01-14,2007,1,14,918,9840,468,214,1240,5007,5536,1232,625,3333,9640,7023,7496,4100,2636,8091,2391,4383,7004,1831,4510,7098,27
2733,2007-01-17,2007,1,17,6558,2358,9494,2595,1431,8490,8783,7028,5330,6591,8812,7544,9249,7428,7805,4066,7781,568,7255,8483,8613,8464,7718
2734,2007-01-20,2007,1,20,6088,4372,4679,8477,191,6737,6828,6233,4625,5124,939,8125,636,4639,7568,9002,7343,8920,9725,897,4109,7234,3889
2735,2007-01-21,2007,1,21,2941,7098,2774,7411,2380,4794,8097,8932,2664,2340,6843,8995,1083,9198,4662,7107,8211,5625,863,44,5146,2843,7461
2736,2007-01-24,2007,1,24,3475,225,1390,9741,2028,184,2502,1649,5653,128,6974,4080,8390,6298,6537,936,3674,668,9700,3441,8145,1367,3182
2737,2007-01-27,2007,1,27,7631,1701,2681,4619,419,7215,969,3096,75,6495,8908,9243,3711,4694,6986,6853,8434,9288,9991,7926,7608,3813,3711
2738,2007-01-28,2007,1,28,1774,5415,1098,4426,9216,198,5830,8830,1498,9688,1457,8055,1577,3823,2771,6940,4938,6348,3982,6922,2380,2848,1463
2739,2007-01-31,2007,1,31,5581,4929,6719,3908,1588,5611,4887,6239,6218,8740,8178,6530,320,1319,7656,8543,4246,3879,9425,499,4475,7900,515
2740,2007-02-03,2007,2,3,746,4963,5682,4637,8195,4707,9063,3602,8501,9292,7560,1486,7827,3755,2603,6445,6981,1069,5156,4424,3250,3467,8645
2741,2007-02-04,2007,2,4,3859,7762,2423,5306,3918,115,4107,9391,6563,8773,2737,1864,7434,9728,7008,3315,6670,9736,3581,1402,7991,8670,6557
2742,2007-02-06,2007,2,6,2223,3666,653,979,976,4779,3179,2181,3586,8479,1289,9342,4478,1499,5038,7291,2075,6249,3801,9702,8555,1266,6408
2743,2007-02-07,2007,2,7,11,1431,4240,439,3833,2024,2940,9545,8074,7984,2204,884,7621,4859,9329,5706,8141,4935,1430,7983,1365,517,8360
2744,2007-02-10,2007,2,10,9722,8743,2657,2012,1058,758,550,8900,9429,9926,5911,5854,2375,6094,5694,3479,3500,8851,9201,2776,3114,1699,8294
2745,2007-02-11,2007,2,11,1965,8952,8412,28,2920,7331,7427,657,9904,8036,1496,1231,407,9018,7139,9472,6447,8835,4747,2351,1146,5395,7830
2746,2007-02-14,2007,2,14,4897,6965,4484,8750,2540,8146,3347,8541,6486,7643,7502,8732,1143,9727,5404,4061,4062,3852,8959,4000,9723,9836,2645
2747,2007-02-17,2007,2,17,2462,2448,4941,6490,419,9252,7302,874,1884,1803,3814,4913,8682,3490,6066,2250,6341,3569,3548,1550,5883,9144,9564
2748,2007-02-18,2007,2,18,8984,924,9219,9773,9732,7622,462,9164,6537,2885,9456,4523,1500,1139,4890,558,2792,9926,8518,9586,7699,8925,3588
2749,2007-02-20,2007,2,20,7011,7623,9845,6496,4338,373,5710,3761,6920,9883,487,4381,5774,2677,1715,1274,7778,3855,4947,3501,5644,92,2291
2750,2007-02-21,2007,2,21,7091,9862,3570,3850,8240,3192,4846,5251,5452,4280,4430,6348,4071,435,8381,8697,4690,8845,3571,25,9743,5601,9065
2751,2007-02-24,2007,2,24,8861,445,7861,4534,4950,4433,6868,5803,6001,6493,6751,3313,9931,1172,4358,1247,9856,4572,1983,531,6164,4701,1192
2752,2007-02-25,2007,2,25,701,704,3029,1890,9759,7994,9307,7235,3154,5731,7989,4355,8406,1961,8738,8176,4527,8241,8893,1242,1149,6395,551
2753,2007-02-28,2007,2,28,4546,4296,9602,6996,5688,9884,8802,996,8336,9150,5863,4854,5633,4728,9295,4133,9412,7281,1411,6781,5732,2352,8077
2754,2007-03-03,2007,3,3,1514,2262,7046,1857,4819,3094,6134,6951,5225,1532,1118,2037,8367,6657,7253,9683,83,6577,7631,5357,8893,8703,3145
2755,2007-03-04,2007,3,4,9582,7198,4757,5611,6045,8815,6780,4828,3067,9182,6570,6126,9475,7981,8551,5972,927,3247,8895,4953,9944,8266,2967
2756,2007-03-07,2007,3,7,7779,8956,2338,9621,7557,9433,4372,1652,6295,5749,418,8181,1535,6288,5946,536,7205,7471,2252,7202,5147,3354,5561
2757,2007-03-10,2007,3,10,6397,8280,7726,9855,6498,1374,6185,2204,9381,3462,924,3645,4239,8646,6158,8433,4017,7103,8942,9698,2223,2067,7387
2758,2007-03-11,2007,3,11,1695,8603,8550,8339,8433,826,4257,613,9450,9679,4044,5811,7779,8094,3889,3455,4876,573,5386,9615,3880,9911,6074
2759,2007-03-14,2007,3,14,1970,2504,5124,1224,6093,9097,8945,6657,4459,7457,5266,135,8496,3439,1302,797,1652,8828,6875,7979,9999,603,4939
2760,2007-03-17,2007,3,17,2385,7581,5525,8009,3417,4316,89,1071,3233,451,3629,4287,6924,3746,3672,3886,9683,1458,3819,1879,4019,4245,3725
2761,2007-03-18,2007,3,18,2410,1232,4976,3773,2951,1621,2304,5700,5371,8219,4195,2131,8991,1062,1544,4842,7155,5488,4528,8580,1948,4414,1746
2762,2007-03-21,2007,3,21,2100,7858,2938,4054,7017,8282,4635,2697,8190,4708,2447,4631,2088,4292,6225,7066,470,3334,3850,6878,6379,4096,6736
2763,2007-03-24,2007,3,24,7912,9211,9808,4840,9272,1141,9600,681,5001,5764,4857,8521,7115,2300,7105,6009,333,7671,7887,5175,6041,7915,782
2764,2007-03-25,2007,3,25,4464,2051,9359,1641,3583,5880,2509,1415,9549,2148,1815,8085,5542,2864,8241,5232,520,986,6855,4284,1767,2054,772
2765,2007-03-28,2007,3,28,5464,6228,8288,2828,4948,1717,7663,1361,3454,3365,2586,3345,9333,181,6358,6476,546,6890,159,1199,6467,4496,7010
2766,2007-03-31,2007,3,31,8815,7666,437,8891,6661,2929,6405,3899,4473,4677,8540,9935,8345,2430,2080,5585,38,54,5340,3598,3790,7062,5978
2767,2007-04-01,2007,4,1,6503,5272,8202,2679,5100,980,2757,4159,5059,4386,936,460,9376,3992,8942,7678,3374,8005,8754,8180,3114,5940,7254
2768,2007-04-04,2007,4,4,8190,905,4433,2497,2628,453,9379,9598,5987,5570,1150,5197,4109,8926,2029,8710,9522,198,8440,5038,8745,3450,5670
2769,2007-04-07,2007,4,7,6967,1904,7527,9225,7257,8571,6040,1665,8777,4688,4577,9815,2361,2864,3519,3977,239,5677,1463,6084,5476,7399,9074
2770,2007-04-08,2007,4,8,2483,6380,8721,7221,4481,2960,5134,8327,75,4992,3755,8401,2389,7155,2395,2440,1572,2185,5222,8231,646,6554,5253
2771,2007-04-10,2007,4,10,1025,5748,2137,7158,119,3625,3172,1243,2028,2438,6554,8914,2113,535,5323,3857,4939,1194,2957,4701,2097,8041,6163
2772,2007-04-11,2007,4,11,1877,6751,7728,1521,3417,9000,78,8025,8517,6778,4336,9182,2033,7551,2487,2491,4907,4291,379,2948,4096,6916,85
2773,2007-04-14,2007,4,14,3975,4113,2782,7175,6877,4977,720,9846,4645,5841,9009,387,3050,7591,748,3274,4564,6656,3712,9187,796,4323,5727
2774,2007-04-15,2007,4,15,1344,8048,3173,801,2125,3644,7237,8372,2631,8989,7083,3611,5468,3760,5423,5615,6378,4612,1551,7079,7726,9230,4111
2775,2007-04-18,2007,4,18,580,4161,4166,5470,6979,841,8368,6102,8251,7089,6977,4966,8164,6875,4216,4750,4207,5989,5258,1998,9180,7174,790
2776,2007-04-21,2007,4,21,6761,8771,3063,983,4370,9551,5165,7733,6756,6429,3586,1854,2455,2400,5444,2523,2493,3202,4694,6672,6681,2163,5395
2777,2007-04-22,2007,4,22,7515,3469,204,3646,9072,2689,9850,5437,379,5734,5389,2093,5524,6731,8350,2609,3769,2017,7602,609,7678,2693,7097
2778,2007-04-25,2007,4,25,7545,7918,8015,8417,6025,4281,6651,7956,9667,5757,1376,1486,5126,2330,47,7479,3720,5142,272,6904,4637,4330,1278
2779,2007-04-28,2007,4,28,5618,875,204,1081,4958,2212,9250,9146,2075,8392,8561,6168,2816,3310,4988,8363,9572,9561,1348,3389,8402,3660,8540
2780,2007-04-29,2007,4,29,9296,8321,7353,2326,5267,7882,964,8769,3471,8267,8732,928,5980,4310,645,7792,8861,5382,6213,4573,1253,428,2848
2781,2007-05-01,2007,5,1,6109,5184,4761,364,5964,375,101,7378,1306,4277,3836,6895,6217,9595,5152,6286,5300,2451,7438,721,4624,3049,9481
2782,2007-05-02,2007,5,2,7652,6476,6454,9132,9415,8131,9429,3145,8515,3807,8003,758,6711,9262,7916,6959,6991,8675,4542,4025,1108,4516,8369
2783,2007-05-05,2007,5,5,439,6487,9798,3358,8491,9152,5255,7893,9717,700,3349,7784,7939,9257,106,831,2600,5334,3313,9405,3195,5556,4193
2784,2007-05-06,2007,5,6,7605,8382,3822,3897,686,3172,4774,6920,8395,3177,3206,7771,9667,9608,8540,4702,3795,5484,359,6550,8752,2771,1954
2785,2007-05-09,2007,5,9,3031,8655,5575,8700,8075,3476,1963,1411,181,1568,1416,9523,7340,2977,8887,3680,2424,9297,1899,1082,8387,4237,2701
2786,2007-05-12,2007,5,12,875,8366,9608,7112,6538,2412,1978,7510,1160,5647,247,2198,8925,3671,2858,9393,2971,3025,2966,6990,7443,449,1384
2787,2007-05-13,2007,5,13,9947,9657,83,2375,3075,733,8662,5021,191,4579,8834,9711,7991,9632,9913,9224,408,9797,8178,4666,2021,7649,7598
2788,2007-05-16,2007,5,16,9706,9328,3568,5121,1896,9898,9447,1875,8685,300,9909,6150,4634,4070,9770,3134,6854,8299,2712,3512,7725,6442,1550
2789,2007-05-19,2007,5,19,3008,9588,5251,8371,7995,9527,6263,967,8841,3902,6034,2046,575,9980,8555,6036,2377,836,2526,3371,5344,5948,1830
2790,2007-05-20,2007,5,20,3223,2432,7346,2548,6486,8054,3862,4913,9534,962,4974,4810,1320,3963,8861,6464,4073,2495,2187,8959,4618,557,9428
2791,2007-05-23,2007,5,23,3912,4452,458,138,9956,688,1341,216,7409,635,209,658,1370,5919,4358,2971,9261,5367,5908,3997,3781,5661,5922
2792,2007-05-26,2007,5,26,1536,5969,1024,3615,584,4832,9317,9690,345,8593,8520,5348,7530,161,2800,8221,794,6769,3315,6425,5146,277,1436
2793,2007-05-27,2007,5,27,7014,6669,4355,2143,4392,1799,4597,2973,2609,106,2550,2284,6545,1353,716,8851,385,3051,9171,9720,1683,8694,4669
2794,2007-05-30,2007,5,30,9259,4,7343,9934,5514,359,3042,2021,2676,1766,3028,8349,1020,4550,8138,1488,5676,8033,692,5137,6644,1163,7968
2795,2007-06-02,2007,6,2,7626,4304,3641,3939,6788,9404,6193,8640,8641,4051,4922,5929,1037,9053,3367,6881,8569,5878,6210,6139,4337,726,2523
2796,2007-06-03,2007,6,3,7787,2991,1428,3928,8203,8570,3090,935,2406,5431,5810,7669,8716,2859,6311,6658,7334,2846,1467,3800,6960,2459,9576
2797,2007-06-05,2007,6,5,9979,744,1154,9465,8236,9629,7254,8204,4987,183,7394,548,3614,4378,3341,9907,2917,3192,9750,5601,5024,1042,9357
2798,2007-06-06,2007,6,6,4897,7815,8618,33,6282,625,1879,8074,203,2599,2944,9650,3180,6281,4174,7752,9898,7471,3380,2834,7615,5647,6871
2799,2007-06-09,2007,6,9,6634,1897,871,3521,9877,4147,5675,953,8323,7105,3412,2371,6080,2660,8486,8959,5863,7266,1830,4428,1469,179,5795
2800,2007-06-10,2007,6,10,1018,8482,2097,5932,8858,9639,6336,7949,9577,7441,6342,8707,5790,6221,9321,2513,9951,1464,5812,5383,8953,3472,4671
2801,2007-06-13,2007,6,13,4794,2178,9471,7657,2543,6353,4575,89,7993,2291,3846,8959,5837,7949,7214,9509,107,6292,9993,2930,8347,9643,7583
2802,2007-06-16,2007,6,16,8679,4006,1180,5973,9036,38,1010,3266,5145,6104,5610,5192,4757,4915,9824,7278,7556,1314,2686,5694,9930,5323,4375
2803,2007-06-17,2007,6,17,4934,4524,7821,7878,1015,225,3525,9357,644,2683,6474,1628,278,717,4677,3822,5638,2576,447,2998,3715,6545,3786
2804,2007-06-20,2007,6,20,9177,7984,475,9084,7999,6446,599,8131,9315,8216,4285,6453,7144,7556,7069,2602,381,866,6199,9893,1977,4833,47
2805,2007-06-23,2007,6,23,2340,5535,5533,3215,5299,5961,2164,9503,9022,5849,2889,1924,5241,3839,93,5831,8067,7881,2513,6960,8829,527,6509
2806,2007-06-24,2007,6,24,4906,8623,5965,7569,9732,7649,4199,6011,3982,6593,6224,1262,3459,7352,8026,9384,9381,2774,5039,8762,5029,6841,5805
2807,2007-06-27,2007,6,27,3567,5658,6203,7340,9793,1458,488,5532,9754,419,211,3374,3258,5927,6219,2480,7848,2336,5841,2218,2236,767,9499
2808,2007-06-30,2007,6,30,850,2429,5853,9509,1933,2368,9681,4311,2321,8626,691,8968,1794,1874,5597,4721,30,810,1898,882,1177,8440,1281
2809,2007-07-01,2007,7,1,1255,8319,4516,5078,2921,1868,6139,2251,125,5279,7145,7664,1035,7161,7292,4625,6872,5428,2257,4310,6677,1959,3174
2810,2007-07-03,2007,7,3,1138,6552,6315,756,1525,6995,9430,7692,1396,9107,5871,8820,9494,8173,136,1300,1820,5866,9503,2867,19,8899,5044
2811,2007-07-04,2007,7,4,1360,5140,4179,1118,8177,2072,382,9010,3433,9754,9051,6298,9988,1079,8268,9083,776,2476,3225,9295,8162,2998,2789
2812,2007-07-07,2007,7,7,1134,389,7154,3337,847,912,1721,2415,6695,4752,4531,4765,3600,9719,8177,9549,1210,7730,6879,277,4004,6440,9775
2813,2007-07-08,2007,7,8,492,2751,4592,2634,9391,2225,5882,1648,7758,8960,173,1730,5321,5963,2118,868,1209,1419,4657,4693,7694,5340,7405
2814,2007-07-11,2007,7,11,6629,4455,3535,5375,167,3025,363,1942,9956,5042,2939,8300,9253,9993,6269,4318,1253,848,6997,6715,9885,4851,4236
2815,2007-07-14,2007,7,14,9476,3676,3158,1249,7847,9306,1641,1463,7140,2139,9527,5830,1511,8851,322,1680,1500,467,5126,5137,4185,1054,447
2816,2007-07-15,2007,7,15,2258,4430,7408,7094,6499,402,3659,6322,9741,1162,9782,5777,4768,8040,1588,1095,8305,1832,809,5322,1014,8765,5235
2817,2007-07-18,2007,7,18,5907,5572,9108,7088,8360,3250,6335,4283,2773,2645,4815,1214,3630,4626,934,4418,571,2844,379,3466,3154,6826,9525
2818,2007-07-21,2007,7,21,3394,8181,6914,5976,4675,6749,9883,4672,3476,8870,4432,6067,4414,493,692,3280,9357,6529,2327,1184,1010,6513,6089
2819,2007-07-22,2007,7,22,3953,5262,7765,2091,1714,2757,6555,5595,6207,3950,4547,9461,9889,1405,6944,1141,6195,7608,1531,7412,2219,8575,878
2820,2007-07-25,2007,7,25,2572,4298,2535,9910,9029,210,2435,5905,7440,1539,8759,4615,5444,6551,824,7167,5526,1357,8628,993,9976,1163,7036
2821,2007-07-28,2007,7,28,4857,3901,8877,4799,363,17,2933,4184,4872,59,7816,3335,1820,1547,9150,7446,2849,9064,6945,5110,5890,2017,3853
2822,2007-07-29,2007,7,29,3166,1549,3846,9270,594,4423,4075,4369,6585,877,7488,5888,2877,4684,7637,8793,2888,4577,2965,6106,8053,4592,2303
2823,2007-08-01,2007,8,1,1864,7184,1905,6176,4130,7458,9127,3720,8001,6850,8792,2513,1830,8486,1264,6423,2559,4344,475,9210,6846,9103,638
2824,2007-08-04,2007,8,4,6810,9212,1631,8990,8954,1254,1933,7497,8575,3272,5856,888,5803,7840,853,2372,3993,4481,9034,5280,5541,4408,4877
2825,2007-08-05,2007,8,5,3785,7547,8373,437,103,6273,4698,5294,2159,1155,331,9380,6175,7916,9209,2068,4521,626,644,1364,2148,8122,6865
2826,2007-08-08,2007,8,8,702,6583,2114,8141,6369,8251,7139,9962,5815,3996,3235,1230,1178,8557,2766,4597,2673,7734,7979,3811,2203,2283,5041
2827,2007-08-11,2007,8,11,252,614,2152,1210,3809,5999,7196,4270,87,2072,2373,5234,1292,4957,4890,9399,7674,254,6317,3063,1023,6393,4638
2828,2007-08-12,2007,8,12,7553,8621,7272,1945,1775,822,8512,767,8540,8134,2527,4575,1980,6730,852,5526,6110,7642,5965,1452,640,6082,583
2829,2007-08-14,2007,8,14,7119,8196,2538,9625,6206,8483,1990,9727,1937,37,2186,27,967,2669,4994,5191,7529,6773,9071,733,6722,3389,2045
2830,2007-08-15,2007,8,15,4192,5365,971,5609,7795,9709,6025,1370,5544,4026,5081,9536,9782,3892,4885,1099,884,4913,5226,6925,7136,6859,2238
2831,2007-08-18,2007,8,18,2076,5078,6322,7119,7673,3520,1949,571,2043,8160,9385,2112,6881,3430,6797,8798,8671,444,8747,915,407,7703,4549
2832,2007-08-19,2007,8,19,4487,880,3596,4324,2898,9289,6356,9921,8603,7446,636,9388,5856,836,3649,6838,980,3742,1411,3460,8952,1648,6673
2833,2007-08-22,2007,8,22,3026,2593,1922,673,6558,9636,8403,9422,4817,8402,5524,565,9403,5398,4973,8406,1011,152,5535,7524,855,7682,3896
2834,2007-08-25,2007,8,25,6105,1620,7465,6577,6257,4879,7020,3685,3082,7922,2944,5150,9208,4607,1864,6118,7686,981,6128,1991,2444,8653,6623
2835,2007-08-26,2007,8,26,281,5787,4775,8955,8177,6565,7279,8895,9925,9156,7474,2464,5145,1368,8855,1131,8750,7478,4984,5977,2175,6223,5953
2836,2007-08-29,2007,8,29,8599,6950,6333,9148,4637,7026,3365,145,7335,7275,7997,2430,7169,1547,5525,8049,8801,8443,8858,3172,3359,953,5122
2837,2007-09-01,2007,9,1,3249,6183,3331,6516,5304,31,2800,2468,9746,7730,3765,4244,291,21,3831,2391,2880,6397,8460,5913,1572,4330,6981
2838,2007-09-02,2007,9,2,4385,7797,4501,9996,7642,9331,365,7149,1959,4311,8818,1552,4593,5630,5700,2801,3955,331,7400,8688,7785,5233,2932
2839,2007-09-05,2007,9,5,7537,2512,2446,2505,1153,9689,2161,3057,4378,487,1896,7277,5324,8396,6721,5008,4877,4111,680,7207,6193,5754,5094
2840,2007-09-08,2007,9,8,4553,4479,7343,9035,3326,8635,8365,9066,9386,7984,1283,6152,4090,1110,486,1672,6463,4082,4320,6359,8349,9396,2845
2841,2007-09-09,2007,9,9,5397,7195,255,9278,8401,7885,6968,173,9928,9907,4587,6198,1049,2103,9030,2343,2084,8438,3681,3734,1187,5169,1637
2842,2007-09-12,2007,9,12,3344,632,6406,8255,4273,4284,4240,7118,1486,75,3138,8460,6456,5682,7444,2081,7885,3901,1854,849,8207,1284,6685
2843,2007-09-15,2007,9,15,9028,8095,1049,1677,5167,2254,8986,9655,1510,8215,5469,9504,2253,4535,9614,5083,4038,5721,4510,372,4461,2415,1445
2844,2007-09-16,2007,9,16,4387,4120,5709,925,5792,8193,3634,945,8000,5010,321,6920,1824,5324,416,8496,8964,8767,9022,7795,4017,8686,1814
2845,2007-09-19,2007,9,19,8032,7507,1891,9619,5225,3008,5481,509,7743,5942,353,5229,3541,3492,498,3754,1819,7260,8920,91,829,6655,9680
2846,2007-09-22,2007,9,22,72,4657,2364,4245,8351,3629,3415,2586,4813,7838,2949,7064,9092,137,9874,2372,6249,3405,4482,7130,2240,2487,9887
2847,2007-09-23,2007,9,23,9578,442,3128,9816,6962,1963,1809,6985,8596,1183,5300,1199,1323,8687,8598,1690,432,9606,6982,9019,8895,1880,1829
2848,2007-09-26,2007,9,26,7453,7212,3424,2394,1029,439,4166,4302,9686,4164,8107,9796,8739,9734,7683,9375,7557,9745,8988,8890,608,4407,6288
2849,2007-09-29,2007,9,29,1251,427,6110,8055,5493,4144,5641,5724,4777,3914,8915,3575,5228,8813,8410,2962,9251,8960,4018,9251,2581,4530,7912
2850,2007-09-30,2007,9,30,9872,344,3689,917,1304,261,5124,2170,5277,6589,8604,5188,157,6768,1549,1900,1507,5675,3001,8480,828,7697,9686
2851,2007-10-03,2007,10,3,4090,7755,7693,1598,4745,8104,1876,3998,232,9703,9040,334,621,2038,4543,3009,9022,4793,6044,7883,8517,4263,4486
2852,2007-10-06,2007,10,6,1135,1686,9384,6489,1545,4581,8475,5263,7811,5553,6319,8130,7840,425,3725,1034,2299,7720,2277,9484,8275,5462,3179
2853,2007-10-07,2007,10,7,2937,3992,868,2,1182,9281,3299,6402,4609,3408,7740,3504,4942,8930,1347,4049,2111,2257,1024,3079,9499,2600,9009
2854,2007-10-10,2007,10,10,8345,419,2028,7125,5898,1551,6229,983,7405,3384,6567,8789,9367,3058,1992,7747,8380,4317,3772,7913,8485,3470,1239
2855,2007-10-13,2007,10,13,4776,2546,300,5085,7384,9963,634,5754,1489,3782,6255,3110,7216,6522,2376,3371,5710,5520,7464,6366,3776,9356,6790
2856,2007-10-14,2007,10,14,9632,1589,501,7796,3846,8797,4925,5782,5981,937,6480,9147,596,232,1198,254,6880,1213,9666,8813,7176,9327,762
2857,2007-10-17,2007,10,17,2786,8795,5907,2286,1558,3544,8911,1091,8732,8600,3978,5454,86,855,5904,9334,732,1704,9232,6048,7990,871,4701
2858,2007-10-20,2007,10,20,194,3066,4576,9175,5860,7321,5402,9839,6777,6943,8489,498,8314,4959,6725,9042,1781,5266,3068,5428,7778,551,9916
2859,2007-10-21,2007,10,21,8180,9563,5692,6717,8368,2087,1960,4014,6472,8013,7537,5714,4153,1292,3219,5110,3920,7090,2724,825,2895,2493,9059
2860,2007-10-24,2007,10,24,3909,9807,4228,7195,2393,1887,5344,1749,3352,5753,2885,6711,6588,1369,2078,1304,776,2585,5097,4258,1265,8757,1538
2861,2007-10-27,2007,10,27,2746,2705,7336,7138,7040,7843,9262,1984,8254,6493,8896,5655,7660,3851,4629,3102,6365,45,1290,6653,5121,394,8201
2862,2007-10-28,2007,10,28,8980,2377,550,3333,9991,4635,2471,583,592,1802,791,2568,9888,5228,6975,6863,2049,6447,2981,5658,5074,6581,7981
2863,2007-10-30,2007,10,30,7380,9108,683,9804,5789,2672,3595,3154,2381,7398,4988,418,8606,8798,7781,2891,7463,28,1995,293,2240,2976,2586
2864,2007-10-31,2007,10,31,2385,9913,7041,6161,120,2978,5188,6378,5710,7163,1093,6205,3821,9209,4904,5369,6456,2445,2576,5224,3076,4961,3556
2865,2007-11-03,2007,11,3,2493,3920,714,9550,1076,2575,7455,7732,6956,5717,1231,982,6617,2366,5457,3485,2660,4273,8497,1245,707,9107,3527
2866,2007-11-04,2007,11,4,4562,3685,5127,639,8149,1456,3202,9166,7975,8071,8709,2510,5215,7729,6734,3566,243,4034,8236,6505,3987,6176,7066
2867,2007-11-07,2007,11,7,5094,7341,8045,4078,8605,8583,3554,6800,1529,6421,7658,9782,2737,1624,5628,4273,5127,2985,135,1492,4771,2871,2683
2868,2007-11-10,2007,11,10,7239,4173,4567,7492,3585,8433,8540,5122,9086,5841,9576,541,8281,417,3284,9504,9755,4623,2146,1015,6844,6593,5759
2869,2007-11-11,2007,11,11,7202,2329,3775,587,64,7024,7589,1569,9462,4240,4230,6739,1898,163,1613,8246,9066,3206,7076,5749,2712,1914,7852
2870,2007-11-14,2007,11,14,2504,9730,3398,2459,2503,9122,7849,31,7955,4165,7405,3113,8640,3223,7336,4438,1030,7114,8074,5620,3895,8867,9499
2871,2007-11-17,2007,11,17,2996,4411,3124,6640,2680,8267,5080,9602,5957,6133,9871,9461,101,1346,3963,2623,9941,8563,5057,72,7879,4034,2975
2872,2007-11-18,2007,11,18,7954,5577,1575,2679,1330,2592,9013,7048,1638,5397,9851,6764,2745,5320,7022,8019,4994,2714,8778,4963,7382,8328,3668
2873,2007-11-21,2007,11,21,4806,4923,7071,9252,2899,3398,7219,4297,5856,1535,1048,4573,7416,3176,7365,2165,8592,3112,3612,1448,6821,9688,9158
2874,2007-11-24,2007,11,24,4678,4175,9244,7982,5504,9197,6581,5089,6479,2422,889,4564,7705,7043,7983,1293,8644,6846,471,7850,3012,8271,3885
2875,2007-11-25,2007,11,25,4513,2466,8250,3573,314,2835,113,7913,994,6892,751,23,5579,4794,6279,6440,4648,9374,3541,4442,4501,4713,5539
2876,2007-11-27,2007,11,27,1858,7820,6993,6351,8613,3084,5155,607,9437,4503,6369,1932,5293,748,6895,3151,1898,1566,960,3876,6294,7586,45
2877,2007-11-28,2007,11,28,5986,6403,3282,3990,1644,4346,3956,2857,7991,9817,515,7090,4315,3162,6643,9918,2929,6290,7473,428,3339,2026,8519
2878,2007-12-01,2007,12,1,4412,6947,1089,4367,5003,67,8181,7390,7130,1456,9380,1132,9548,2649,737,3008,870,1076,4871,8224,5828,8832,6411
2879,2007-12-02,2007,12,2,4600,1275,6487,5039,4549,1399,7830,2018,3577,8396,5653,5936,837,9087,2959,9176,342,869,7126,5016,8013,6342,7675
2880,2007-12-05,2007,12,5,7509,7146,3791,1009,4953,2647,8811,9195,6250,7414,948,5303,1986,6962,9313,8383,1510,2073,9941,8585,2900,5506,3235
2881,2007-12-08,2007,12,8,9050,8888,8977,5047,3066,2317,8091,987,4705,4113,5272,6230,5089,5694,7342,6054,9829,3890,7886,3665,3283,7803,4470
2882,2007-12-09,2007,12,9,5326,9170,1374,3246,1817,8889,7329,2110,6317,7595,8732,251,398,580,1105,910,7388,985,2285,2292,4239,7867,6455
2883,2007-12-12,2007,12,12,6116,6795,7254,9937,9633,4238,3871,5658,9033,7094,3137,3194,7890,2069,457,5081,2677,5244,505,936,9469,36,2742
2884,2007-12-15,2007,12,15,6481,6900,5541,7824,938,4827,7700,7496,4150,7560,1261,720,4692,6671,1190,4307,1859,3711,8654,9933,1633,4256,7119
2885,2007-12-16,2007,12,16,7765,1803,8520,9832,6339,4680,9755,3828,1241,6121,3881,874,5477,6049,180,6812,5312,8492,6097,6517,8778,338,959
2886,2007-12-19,2007,12,19,9599,2372,1799,650,3297,8843,884,2227,326,6796,9185,3713,2505,8442,7606,6211,5699,4089,6885,9548,6727,5521,2698
2887,2007-12-22,2007,12,22,5267,9188,5700,7675,6037,6214,5909,5225,6642,6553,7169,4168,475,7846,2503,1894,5188,6241,7752,4412,1931,8455,5384
2888,2007-12-23,2007,12,23,6862,8751,8303,5853,9690,3057,332,4131,8077,2451,9339,4892,5027,4326,2218,5028,8018,3346,6243,5316,3527,4976,7027
2889,2007-12-26,2007,12,26,3275,2269,2430,8195,2475,6267,9426,3277,2964,1630,9684,7006,6677,7827,3089,2738,8665,3240,6275,8161,5326,4883,561
2890,2007-12-29,2007,12,29,4583,8989,9106,9775,5088,3033,7160,8781,6854,2276,5596,683,9259,4328,2634,5789,3242,3999,670,4346,7982,7834,7886
2891,2007-12-30,2007,12,30,8587,580,2671,245,6134,4472,8586,4953,6399,5929,1788,3183,2945,7556,5613,5364,1796,2902,4051,1660,3876,8200,5992
2892,2008-01-02,2008,1,2,9897,4323,324,8244,9866,6799,7939,9310,4075,4510,3011,8448,1364,6075,2631,1508,7538,6017,5229,6411,4836,7742,3326
2893,2008-01-05,2008,1,5,3944,9256,3347,2449,392,8980,619,6046,8675,1024,6260,80,6969,500,962,2119,8010,7413,4306,123,2317,699,8941
2894,2008-01-06,2008,1,6,4670,7679,6918,8069,1120,2434,8429,5357,7072,2551,9428,7273,1443,2276,375,370,3990,8930,7528,325,2682,2015,9848
2895,2008-01-08,2008,1,8,2702,2377,9216,9885,8944,9388,9500,2609,6977,428,4974,1704,8266,840,4874,484,9476,5726,598,2366,5884,3368,6794
2896,2008-01-09,2008,1,9,3770,7664,315,8846,9107,9973,2392,4518,8464,1072,646,9679,1604,987,2214,5135,7970,3837,2165,8629,8099,4116,8838
2897,2008-01-12,2008,1,12,8962,8797,7281,2573,2674,8562,5765,3777,1057,6165,5700,6303,3461,5019,9917,1395,9340,6609,6162,1923,7475,4970,4600
2898,2008-01-13,2008,1,13,7389,1571,8764,2936,1703,5498,1181,7471,3769,2368,6678,4803,6836,7922,3399,5645,8154,3602,5216,6464,8281,2678,4253
2899,2008-01-16,2008,1,16,2916,8259,5886,8090,2313,7502,4050,1497,8504,3978,8215,1798,5367,4670,2432,9172,1564,5832,7147,6785,6505,7388,8649
2900,2008-01-19,2008,1,19,7730,2798,2863,2123,8715,7574,9086,3972,7144,5353,9960,7982,802,1928,2300,2009,7301,5907,1750,5124,1214,4987,7848
2901,2008-01-20,2008,1,20,2120,5889,1586,9301,3392,2206,3337,3425,1462,2628,2194,2370,6300,6701,6298,2580,1010,2287,4382,7132,9031,9689,3857
2902,2008-01-23,2008,1,23,6677,1506,6124,6253,891,5757,5932,9072,526,7945,7599,9963,3955,5860,8782,2478,9079,6886,1745,6434,9680,7981,9871
2903,2008-01-26,2008,1,26,7546,2811,4004,4881,3550,7917,4676,2898,520,7813,8798,9862,6541,8539,9407,4390,9291,1029,316,9668,7200,6585,3503
2904,2008-01-27,2008,1,27,6552,3791,5806,5940,9769,1931,5167,2655,2673,8371,261,7917,4028,5436,8629,6379,1424,1539,9274,5786,4056,9701,7080
2905,2008-01-29,2008,1,29,9896,5711,5644,985,173,6597,3176,6180,7580,211,5097,1122,8627,6128,4331,5745,2608,6531,2745,9932,4304,5603,2163
2906,2008-01-30,2008,1,30,7003,4128,4925,2650,6744,5471,8931,9667,6069,683,9754,8729,4079,8264,3655,1822,630,3832,2634,8417,2703,7333,9462
2907,2008-02-02,2008,2,2,3645,6595,4063,9690,3516,7064,8316,4625,3365,6578,2637,2027,1656,1640,3527,8099,6975,6956,9772,1820,1619,6205,7678
2908,2008-02-03,2008,2,3,9746,9226,547,3863,8323,2565,5170,1093,5801,419,6927,4646,2127,6313,1938,531,4036,6285,1255,5459,6167,4354,4776
2909,2008-02-06,2008,2,6,1441,5111,5415,990,6458,1139,4700,4336,6698,346,3695,4713,3174,5329,6063,684,9345,3444,673,821,4266,3816,9960
2910,2008-02-09,2008,2,9,5659,3776,6997,7132,1014,2264,333,3662,6378,9506,2255,8845,1689,7536,1002,8904,9661,5459,447,3557,2681,3926,2668
2911,2008-02-10,2008,2,10,4248,6836,4753,8792,5135,352,9901,4877,5987,3366,1603,6844,2772,1279,9025,6967,3749,2302,6779,3678,7025,4757,3939
2912,2008-02-12,2008,2,12,3259,7648,9160,880,9410,3316,568,2391,2333,9258,9650,5892,5345,8147,4232,3407,8391,1446,8024,1359,7284,9574,6212
2913,2008-02-13,2008,2,13,3590,5551,6941,4148,1678,6886,1187,9580,8499,6278,221,4346,7026,1348,862,6013,3739,817,1096,8651,9328,6932,9806
2914,2008-02-16,2008,2,16,3415,2625,2023,4061,5848,6960,9807,5162,6051,8063,2480,9972,4069,5602,3964,4134,754,1239,729,5966,5201,9893,2531
2915,2008-02-17,2008,2,17,8273,727,4481,9881,969,2013,1458,389,8538,7349,4546,8922,9823,9692,5779,337,6569,1453,769,3246,1016,3973,9948
2916,2008-02-20,2008,2,20,5940,4246,3946,3064,4665,8356,5631,1717,9832,4696,9741,6915,3113,6453,9844,4140,6720,6102,8053,7816,8560,6912,1904
2917,2008-02-23,2008,2,23,5499,7774,2840,3389,6993,9117,7510,1805,7002,2880,1069,2392,5414,2674,317,5992,7411,9010,5269,3087,6688,5710,2060
2918,2008-02-24,2008,2,24,1495,6579,2089,7783,7153,6267,8861,4837,2592,8786,169,4774,7759,2935,1186,5645,6965,9129,3719,7191,4794,710,4596
2919,2008-02-27,2008,2,27,5046,5537,2531,3461,8698,5482,6396,2932,6168,295,6161,9969,4081,7447,9972,316,892,7921,924,5284,3030,9959,5902
2920,2008-03-01,2008,3,1,8884,8012,3390,5294,1386,8983,818,3696,7507,90,1124,2419,9268,685,5130,5950,3025,2293,2237,7080,9877,8624,7771
2921,2008-03-02,2008,3,2,1858,4785,8054,7942,329,3254,4411,9708,4405,9527,7533,2466,3409,4872,8161,1957,2419,2462,2947,9259,357,7572,1479
2922,2008-03-05,2008,3,5,4548,8856,7826,1379,1080,3255,2287,9136,7205,546,535,6616,5731,3857,9613,5345,9031,2245,8160,2492,7373,6817,3062
2923,2008-03-08,2008,3,8,32,8055,3301,5634,2358,6355,2881,700,444,3480,7791,1792,5438,312,4367,1683,3182,9458,670,4559,9794,7303,324
2924,2008-03-09,2008,3,9,9470,6881,2665,8255,8541,2928,1173,5701,6861,3748,1021,2263,5745,4314,2655,2818,1762,8721,1252,2547,9984,5601,3691
2925,2008-03-12,2008,3,12,6250,7667,6851,7965,7020,2,4729,656,2350,2092,9146,9990,5142,442,8674,2059,6760,1079,7840,4653,6497,216,6775
2926,2008-03-15,2008,3,15,7781,1349,6828,3958,6910,1708,1440,3316,2819,5482,9421,5507,6383,1877,1641,9997,6760,7038,6292,7120,1002,1707,6032
2927,2008-03-16,2008,3,16,7335,5637,3181,8009,4089,6259,7489,6724,8546,3279,5389,3960,8770,2651,484,4121,2202,2299,1445,8941,384,3982,7165
2928,2008-03-19,2008,3,19,3581,5464,5205,4161,1883,5016,3450,5007,1980,2703,3765,7269,4657,3805,2229,4003,4756,4485,468,9429,1379,9910,8162
2929,2008-03-22,2008,3,22,2804,6325,3542,6293,1765,9266,4262,3790,9917,8422,2900,2124,9670,4953,881,6576,6097,5112,5409,2300,5146,640,3364
2930,2008-03-23,2008,3,23,8823,7201,3622,8656,1152,1708,114,3089,958,3139,6922,2813,3185,2113,8625,2800,2297,8393,3927,9131,3242,601,66
2931,2008-03-26,2008,3,26,3309,3814,9692,6087,7857,3180,7397,6971,9737,4264,1294,9065,870,4901,3027,8228,2194,9101,1495,5429,3942,8577,4232
2932,2008-03-29,2008,3,29,9794,3565,3217,5048,1979,2084,5774,7195,5493,5364,3825,6566,2691,4788,4032,193,9473,4058,2282,5250,8394,4750,2396
2933,2008-03-30,2008,3,30,9440,8464,9527,8895,8817,2039,1889,4038,7069,7999,2307,4194,4730,1157,3092,5217,1837,4260,8411,6645,4006,8076,9453
2934,2008-04-02,2008,4,2,5854,2770,3459,130,9925,1236,8419,6548,7094,8635,4085,2447,2109,9367,9033,7324,4150,1515,3782,1627,4525,9591,261
2935,2008-04-05,2008,4,5,2886,4530,658,6988,5432,4484,6899,4384,4821,5507,2041,8548,4593,4581,2737,2297,8117,6539,6034,9396,9487,351,5476
2936,2008-04-06,2008,4,6,3362,3068,8650,2788,1241,7957,5423,2276,2016,9396,8303,4301,7319,3108,1724,7939,6549,5570,4744,7203,9987,9098,8052
2937,2008-04-09,2008,4,9,5664,4652,1223,7984,5589,1354,8065,1642,1511,1820,1975,6137,647,9107,4652,7115,2629,813,9770,2831,1107,5997,9941
2938,2008-04-12,2008,4,12,4664,7366,8431,4522,4135,3513,4288,354,2954,3773,8862,3702,182,3118,8060,2735,8318,6800,7820,4166,6474,2177,4446
2939,2008-04-13,2008,4,13,5969,6305,6688,3849,1073,9167,3832,3919,2932,7122,3189,9651,8996,9487,3451,3279,3700,2865,4887,6066,5705,2481,337
2940,2008-04-16,2008,4,16,4199,8501,4745,1389,2334,7365,1649,9891,3167,5385,1146,1050,289,2125,862,3232,9946,6975,6808,3218,2858,7253,8052
2941,2008-04-19,2008,4,19,7440,6077,5363,1587,3218,8314,760,4970,6167,6325,6065,2285,59,3131,1631,6479,1693,8995,2731,1682,1194,928,7791
2942,2008-04-20,2008,4,20,7421,623,8671,3669,4051,2555,9539,2708,8520,476,7154,9859,2176,6607,8126,2258,640,8782,2077,4962,4523,9515,2948
2943,2008-04-23,2008,4,23,7424,2394,8262,6934,6502,4991,7391,5461,408,5542,9918,7210,8437,4156,7506,3288,4687,5430,3497,2315,5645,8849,2887
2944,2008-04-26,2008,4,26,665,4454,3017,8817,7287,9793,307,1147,9417,4576,9799,3522,7508,9971,4569,2495,1241,9203,906,1446,3551,5278,66
2945,2008-04-27,2008,4,27,5311,8569,7874,849,2342,9144,6156,6818,7976,3498,1518,2872,2414,4799,8900,8410,1531,7021,1593,55,6003,331,4745
2946,2008-04-30,2008,4,30,1982,4454,8558,9742,2487,9411,9590,5488,7345,4387,8253,3086,5841,6092,1896,4242,7760,6606,6935,2753,3956,9712,4528
2947,2008-05-03,2008,5,3,8787,4132,4227,2490,9796,9268,5499,9397,6300,8748,8309,325,91,9416,7406,7414,2437,3226,7380,8666,1844,1286,418
2948,2008-05-04,2008,5,4,2627,2289,4466,332,2440,5596,1559,1637,962,9210,1110,8296,2006,8144,6174,1559,3197,3640,665,9004,6953,2657,9049
2949,2008-05-07,2008,5,7,8049,3853,4849,4502,4536,827,2595,4911,5768,8069,1850,4177,5746,1918,4666,2637,9731,8954,2644,1413,7981,822,2187
2950,2008-05-10,2008,5,10,3613,3573,6635,981,9096,4684,7106,3658,2871,2877,5606,9064,1530,6627,8961,2216,8920,6091,3637,3214,6167,1523,524
2951,2008-05-11,2008,5,11,92,1077,620,8050,3795,1279,8726,9528,9130,2422,5329,8527,6822,6665,6557,7998,5092,9932,9382,5976,7908,1243,5016
2952,2008-05-14,2008,5,14,8077,7004,2683,7815,2388,9343,324,9953,6859,3060,5452,6742,17,4716,1593,9870,3579,1447,2558,1253,8535,5274,5847
2953,2008-05-17,2008,5,17,1594,648,3414,7811,5422,7588,5365,1704,437,3089,9535,3451,8204,1065,3996,9427,7721,5579,9955,7548,9551,1358,7186
2954,2008-05-18,2008,5,18,3425,5825,5294,9774,5839,762,3396,5442,8182,5397,5579,9403,7688,8139,9845,3992,1968,5328,7023,5640,2335,8666,2476
2955,2008-05-21,2008,5,21,7487,6531,5933,6214,5804,1850,9634,5120,6555,4016,6872,4847,9139,4852,9579,1224,5693,2363,6880,3834,9932,4961,6040
2956,2008-05-24,2008,5,24,8687,2007,7405,5478,9566,5226,8323,3131,5208,6778,8414,739,3955,7109,703,1231,5523,1108,4430,1032,8926,8813,5710
2957,2008-05-25,2008,5,25,5628,6427,3669,2846,8173,7920,7435,3342,5007,3446,5672,7924,7321,9678,3907,6364,7200,5928,3115,3000,8003,1975,441
2958,2008-05-28,2008,5,28,3726,619,4785,4684,3971,695,1323,5689,7027,5923,7861,3820,6086,7072,3784,7077,9668,3516,4665,6127,4044,1369,5168
2959,2008-05-31,2008,5,31,31,5176,9683,8849,4663,899,5665,2315,4550,4882,7491,4808,2290,6448,6868,7697,3908,2179,6326,6391,2242,7670,8996
2960,2008-06-01,2008,6,1,3904,628,8458,7085,7270,115,719,71,7600,4940,5191,5656,3122,115,2760,1938,92,463,3501,8898,5626,3808,6915
2961,2008-06-04,2008,6,4,9074,4592,5111,2796,8454,3156,4638,6962,8520,8844,6701,470,1344,3941,771,8775,6321,3634,9789,917,3278,4858,5463
2962,2008-06-07,2008,6,7,9617,7754,8053,3809,8195,3333,7611,5289,4720,6846,7633,3783,4023,1172,4,1778,878,3457,713,4699,1837,5299,4245
2963,2008-06-08,2008,6,8,6115,9250,1459,9678,5874,1415,5039,9082,5455,859,5430,4651,851,1100,4592,9145,808,4077,9969,9730,5826,5181,3223
2964,2008-06-11,2008,6,11,2008,6235,2581,2760,7104,2750,1535,7742,1064,2471,1430,4094,7792,2047,6742,1519,3030,7903,5540,5933,9140,3651,9394
2965,2008-06-14,2008,6,14,5815,6530,7461,3163,124,4382,4275,1601,2954,8052,1798,2879,4436,9940,1544,8472,2571,3837,9005,901,8341,6937,1311
2966,2008-06-15,2008,6,15,195,490,4747,3578,8005,9876,2150,9179,2976,8056,8511,8599,2330,2629,8205,6291,3413,5309,1825,6582,6031,3790,6285
2967,2008-06-18,2008,6,18,6145,9472,674,8821,1348,3653,6036,3735,6267,399,8666,6179,8360,9101,6604,4716,4983,4960,8223,9203,6678,9632,2577
2968,2008-06-21,2008,6,21,717,6953,2894,9919,5382,9063,325,9550,1789,2744,8714,3211,3114,3903,9741,4784,1048,1723,7753,9351,9059,7498,3125
2969,2008-06-22,2008,6,22,8238,1515,1710,852,646,3247,9220,163,6881,8736,2851,2035,444,215,1609,9655,7212,2973,5199,7491,4262,6167,8591
2970,2008-06-25,2008,6,25,3089,2794,5952,5787,4742,5678,9469,2822,435,8029,9105,1273,1845,5580,3289,5788,4075,3430,2595,3434,6958,7860,3769
2971,2008-06-28,2008,6,28,9457,9793,1815,3672,9048,5696,6445,5609,801,5422,8303,794,6394,1156,1359,1776,4493,907,3445,7005,1764,1441,8856
2972,2008-06-29,2008,6,29,1779,9870,3830,8745,3233,2511,9913,852,9081,9029,927,3255,2547,6902,4927,3475,863,5614,8779,1354,8595,322,4150
2973,2008-07-02,2008,7,2,2130,571,8082,4692,7548,755,9300,5384,8417,9340,4629,8989,8931,7712,3989,9024,141,6430,9071,2857,6514,6608,1423
2974,2008-07-05,2008,7,5,2664,1565,9621,1856,1933,1616,8260,612,6452,4039,1476,6141,6031,6854,3357,2787,152,4464,1758,5170,2370,8845,6570
2975,2008-07-06,2008,7,6,9558,5420,9198,9123,7146,8418,2395,3069,8559,8352,6185,6608,6234,8204,1746,2902,7262,2232,2048,9182,3419,7920,8369
2976,2008-07-09,2008,7,9,3107,8959,1485,1042,3381,8185,4286,9013,6910,2561,1148,7725,1248,6999,3605,9331,943,9668,2512,9864,321,1355,199
2977,2008-07-12,2008,7,12,6823,9068,2771,8677,3069,8860,36,447,9115,6207,4844,5993,2707,9322,7674,8553,3886,8129,3475,1531,7125,4241,7401
2978,2008-07-13,2008,7,13,8763,5185,4159,6007,754,4355,6251,4850,8436,5259,4882,359,7301,9577,5816,916,7519,5117,3377,1694,1416,8252,3209
2979,2008-07-16,2008,7,16,6235,3883,871,9690,4631,5561,5266,7418,244,6159,6893,4363,285,8454,4226,4959,2489,1772,2118,8357,1704,5377,8386
2980,2008-07-19,2008,7,19,3791,6461,5380,19,9347,6882,203,7991,26,8622,7498,2248,6599,4192,104,4629,7346,5605,8916,247,3041,6119,4714
2981,2008-07-20,2008,7,20,3716,9583,5974,6223,5628,5136,297,2379,1845,8357,8060,3682,1202,919,235,6598,7221,2154,6452,1626,5107,2308,9556
2982,2008-07-23,2008,7,23,605,3297,5769,7937,3705,3384,8275,8536,1675,7497,7513,6418,8228,9286,1392,7359,7170,8836,9853,5237,1172,3184,1626
2983,2008-07-26,2008,7,26,6510,656,1040,8485,2751,4502,8034,1819,3764,3751,3996,9176,9274,4701,1306,5915,4566,4858,8959,7284,4312,7136,2467
2984,2008-07-27,2008,7,27,8702,9728,3747,3756,1839,8427,3503,4182,2806,1140,6451,8544,2304,4610,9056,2712,1581,3179,4850,9043,7578,4529,541
2985,2008-07-30,2008,7,30,8421,4532,6079,1231,9371,7848,6443,2670,9579,7367,8792,494,8788,584,2536,4143,2741,9456,4517,7243,6854,4781,5318
2986,2008-08-02,2008,8,2,8041,3945,4425,2239,988,7614,5119,133,9334,4260,9685,7915,6633,3598,9237,3661,9,7909,7090,5993,2263,9263,8688
2987,2008-08-03,2008,8,3,8588,8561,8581,5256,5577,2629,3795,4990,712,7961,6613,6568,9535,8647,1914,2560,5904,7461,7228,3117,109,7961,7408
2988,2008-08-06,2008,8,6,3629,3050,8660,7751,705,7119,9018,9256,4199,6616,4884,2869,6850,2623,5500,1061,4098,4132,7973,9285,9843,3871,9566
2989,2008-08-09,2008,8,9,9026,6721,4579,2757,6965,5464,4910,3344,1779,902,9626,6391,1992,8806,371,5584,643,4299,8886,9026,6300,8061,7704
2990,2008-08-10,2008,8,10,4990,7902,2050,8372,7278,919,3440,6730,982,7566,5580,2336,2760,7291,8090,7820,8584,8817,5400,2037,3984,2303,4945
2991,2008-08-13,2008,8,13,686,8547,6307,1031,5769,5398,810,870,4315,3977,1403,8875,1643,8684,6661,5792,7868,688,3078,7315,4916,7491,3282
2992,2008-08-16,2008,8,16,895,2378,115,4199,2293,8042,9626,336,9565,7731,4300,2922,2463,8930,2532,24,3674,6945,6580,8425,6281,4466,1145
2993,2008-08-17,2008,8,17,1602,1841,8093,2798,5547,4507,2552,1257,5699,8459,393,5941,8962,6400,9828,7388,1827,1414,9129,515,6858,510,2208
2994,2008-08-20,2008,8,20,1998,8008,7241,9432,5927,307,6545,9688,6750,7588,7068,9100,2325,3071,2345,214,7094,5706,2020,9463,2507,3436,6662
2995,2008-08-23,2008,8,23,5614,1689,4858,7669,323,2728,7603,1031,4797,3059,7299,4135,5965,1379,7197,2238,6816,5748,4836,3655,5970,6046,2122
2996,2008-08-24,2008,8,24,8642,4301,8409,7868,5622,1178,6459,5023,6576,4366,9322,124,3721,3733,8481,3295,9388,244,5266,7955,3686,531,8576
2997,2008-08-27,2008,8,27,7448,2644,9993,8441,3557,7580,1480,1308,7545,370,5582,1973,3345,6378,445,7059,654,8726,9089,9178,3754,9047,8581
2998,2008-08-30,2008,8,30,9878,170,5787,3610,1737,6092,2840,4298,8230,7839,7903,8054,9077,9997,6455,6847,2285,7467,9904,1340,9939,4646,6150
2999,2008-08-31,2008,8,31,9966,2854,745,327,9716,9094,7573,5808,8047,5629,1678,8691,1352,6768,1412,7777,8430,8288,1390,4371,8482,847,3125
3000,2008-09-03,2008,9,3,2468,4496,6028,2158,8220,9322,4089,5638,2791,6969,9537,7818,7564,4635,1354,2335,1247,5276,3232,5541,3600,9297,5228
3001,2008-09-06,2008,9,6,1709,7248,391,9503,4211,4588,50,8315,5439,573,5019,7230,4670,7696,2495,1501,1334,6510,5801,4481,3515,5738,1239
3002,2008-09-07,2008,9,7,1990,664,9847,2050,5319,4018,3568,5714,5079,4630,2359,8848,6899,9597,5340,5356,9685,3442,176,6649,9408,5062,1625
3003,2008-09-10,2008,9,10,8733,5642,4276,632,6814,8474,6847,2993,131,9856,9258,4851,3276,338,6841,2775,151,190,2838,8589,4816,6117,6540
3004,2008-09-13,2008,9,13,852,1133,9302,8511,747,2580,9708,7327,4555,2029,6358,4766,8073,5560,9330,5500,9220,3142,3414,4521,2190,8700,7891
3005,2008-09-14,2008,9,14,1063,1681,9659,6098,7671,3003,6105,8522,4954,2624,30,563,5465,8085,4441,3371,6256,6645,2623,9555,4673,6774,9519
3006,2008-09-17,2008,9,17,7243,1985,7360,4827,8621,9115,6211,5422,8152,9239,4561,5178,6216,3426,5155,4214,5010,1706,9378,300,3880,312,5902
3007,2008-09-20,2008,9,20,6774,5390,1850,711,8198,8455,9155,6194,9845,5241,7692,9882,370,6318,7685,3708,296,2082,4263,1511,7030,7869,6356
3008,2008-09-21,2008,9,21,9970,4652,1966,379,4468,8719,910,2185,99,6595,7972,3918,2937,8950,2808,6318,5824,575,2155,1946,1620,4535,3988
3009,2008-09-24,2008,9,24,235,7822,4122,8858,9103,927,5043,2813,1342,3861,4727,977,654,3050,4676,1801,5113,1723,4148,3482,3240,5012,2497
3010,2008-09-27,2008,9,27,3593,5161,8189,8611,8450,110,7649,4398,3975,9271,8791,112,8860,7220,447,9090,5663,5690,6492,528,4910,7084,2894
3011,2008-09-28,2008,9,28,7865,2344,7068,990,385,6041,9701,8156,6305,6186,2134,4532,662,9002,4213,4231,1996,4419,1319,3958,3589,1441,1888
3012,2008-10-01,2008,10,1,8981,8668,6784,9064,7572,9648,723,4577,2129,7892,8981,660,1740,8128,4553,2021,3567,1613,3612,9154,1928,6227,5420
3013,2008-10-04,2008,10,4,9759,2035,3847,5836,8532,2762,9790,7253,7077,8516,1891,6152,6995,9877,5100,1383,6594,7306,8755,6976,538,8221,502
3014,2008-10-05,2008,10,5,3073,8193,9380,9887,1658,5040,2056,4463,1449,7341,6678,1884,9897,3502,6344,6467,3821,9227,4079,6931,4117,5360,6013
3015,2008-10-08,2008,10,8,718,3860,6398,8685,3380,4236,5701,2248,3841,2869,2255,3385,5667,3202,2452,9091,3143,8129,5767,6910,5885,3937,7970
3016,2008-10-11,2008,10,11,7447,7494,982,2143,1301,1854,2402,5828,2647,3555,1186,9231,2953,3067,6614,7935,8605,6916,7108,5716,866,5703,7760
3017,2008-10-12,2008,10,12,2466,7969,5246,2405,6918,4104,2610,6253,3838,2661,9390,5924,7400,6767,6041,1960,4442,7687,1197,2237,8226,6013,2258
3018,2008-10-15,2008,10,15,1386,4423,9578,9558,8085,6005,1492,2797,1584,9669,9112,9506,2152,5146,8227,6930,9026,2874,2256,5106,1028,5452,7578
3019,2008-10-18,2008,10,18,4388,2745,7274,2341,992,3479,6498,2224,6953,2333,3365,7640,3823,8583,8687,183,5619,4040,961,8684,3031,3896,1962
3020,2008-10-19,2008,10,19,3056,8721,8862,2921,6791,7499,5509,2383,8251,2515,9160,1664,1660,5821,6321,4387,5560,5747,6149,6669,4136,9428,8886
3021,2008-10-22,2008,10,22,7709,7749,2503,6395,4879,8497,7079,8586,8914,876,6415,9409,4462,3784,6992,3022,1760,7968,5887,8527,4085,3872,724
3022,2008-10-25,2008,10,25,3247,8463,1839,8414,8181,8776,8600,4638,5483,2719,4727,5449,4304,4959,3141,4465,4834,4348,9498,965,463,8398,6214
3023,2008-10-26,2008,10,26,361,2941,1301,7028,4992,3142,9732,4481,7382,8156,9577,7020,5028,7818,3080,8265,5730,2036,4827,5960,350,7608,7650
3024,2008-10-29,2008,10,29,8804,1329,7727,6078,3066,3506,5148,7302,7052,5897,8507,7084,5259,6623,7845,5581,75,6606,9332,9484,3240,7878,1724
3025,2008-11-01,2008,11,1,9080,6786,4360,4789,6194,5065,9932,949,3219,2803,9909,2812,4121,1650,4695,2609,9534,2241,3300,6274,9080,7986,3782
3026,2008-11-02,2008,11,2,3713,3289,5719,6976,7261,8294,9179,6003,8600,844,4958,9698,4658,6278,3075,9301,857,779,1625,5901,6254,49,3426
3027,2008-11-04,2008,11,4,4889,1594,7675,7743,4977,6081,9448,4592,2640,8687,4565,9896,6718,1268,5837,4772,7084,5234,4121,787,2318,5812,5648
3028,2008-11-05,2008,11,5,6601,7838,8870,3107,3698,2884,8699,5657,4615,6067,9388,2330,5505,9443,6876,1930,8547,8531,6783,1638,8877,9750,2448
3029,2008-11-08,2008,11,8,8100,5642,6553,8594,1805,5173,5942,6549,6331,1442,518,1295,9605,5663,340,1874,8170,2251,9545,4337,3607,7383,5136
3030,2008-11-09,2008,11,9,5943,7135,3468,280,1422,3011,2147,8642,9617,4095,7350,7289,381,3468,7849,230,7561,616,3550,5222,2035,3387,8066
3031,2008-11-12,2008,11,12,1705,7774,5052,807,6784,5629,9420,9693,9981,5378,8882,6575,6000,7887,8821,9739,6872,3314,99,5179,7592,7546,8735
3032,2008-11-15,2008,11,15,5261,5596,3914,6927,7266,2682,842,4363,3539,5702,6503,9169,1640,5862,3767,1618,8461,8702,8381,566,4400,4337,2537
3033,2008-11-16,2008,11,16,4818,3882,4760,4658,7667,6952,3350,340,5724,4387,674,8740,7046,8475,4957,8207,3838,1313,9523,6967,6529,3254,9835
3034,2008-11-19,2008,11,19,2533,3597,4242,7777,728,1551,201,2985,938,1250,9563,9679,7961,3793,3030,4416,7480,6885,6425,1518,1392,1200,2354
3035,2008-11-22,2008,11,22,2602,8474,2672,3536,9866,5004,2165,1389,8196,1545,4975,5515,1125,6968,6978,6406,984,8310,4358,3981,3529,2330,3622
3036,2008-11-23,2008,11,23,2739,657,164,6396,1257,1262,2699,297,6328,4026,5067,9052,3016,4357,5171,8670,7465,7876,6315,4339,9681,369,7876
3037,2008-11-26,2008,11,26,1302,4990,1282,2353,2371,4910,4070,6360,3978,3022,1460,6486,9855,5498,8611,1581,7349,6099,7250,85,6270,7618,2165
3038,2008-11-29,2008,11,29,6372,3556,7722,3753,5224,4385,7400,2499,3911,9333,512,7738,406,8215,5047,9572,680,448,8606,4835,875,2666,1057
3039,2008-11-30,2008,11,30,6984,5728,5930,7045,2409,1095,8833,6749,8104,8727,7670,2953,2792,2593,2983,731,6842,7254,4027,2526,3347,3984,276
3040,2008-12-03,2008,12,3,5132,6575,1858,113,4369,8339,4861,8042,9046,3743,8230,3506,411,600,4354,48,1908,4705,863,3445,8430,5684,8115
3041,2008-12-06,2008,12,6,1037,1884,2978,5563,3596,5705,4126,2256,6030,9393,879,410,3914,980,5204,6504,1218,8308,8495,5916,7946,7338,1353
3042,2008-12-07,2008,12,7,5677,8386,1528,7751,5843,8218,1459,5432,6569,9191,9331,4143,9905,6671,4141,8454,125,2017,7986,1316,4858,5531,324
3043,2008-12-10,2008,12,10,6053,4955,2424,7443,6742,247,9725,4745,7918,151,9241,5302,7859,4528,3074,7204,9601,3818,1141,7223,6907,2763,2987
3044,2008-12-13,2008,12,13,1164,781,4785,9145,7188,7783,4976,1996,9824,1536,6572,6805,8815,3439,7634,8460,496,5020,1915,6647,707,7324,984
3045,2008-12-14,2008,12,14,9165,6780,6706,4693,6909,9053,1336,9835,5551,4393,1379,612,513,3124,1695,7051,6478,7946,7752,791,8450,6463,9970
3046,2008-12-17,2008,12,17,3017,4884,487,9509,9707,8520,3686,4610,6025,8432,3563,7273,8876,9167,3329,7917,2701,8757,329,1363,2159,1192,5837
3047,2008-12-20,2008,12,20,9653,2859,1914,286,1258,3146,3887,8565,4277,4896,3222,4663,8975,6465,1813,3188,2268,7254,2087,4584,5866,8086,829
3048,2008-12-21,2008,12,21,3149,1716,9077,7318,7851,2637,358,3753,4080,126,77,7764,2259,6590,4311,3920,1887,5540,682,2136,6540,2269,2917
3049,2008-12-24,2008,12,24,5039,7780,5698,5011,5167,1142,9837,5912,6534,9356,5162,1500,5391,312,5594,160,186,8497,9083,8407,4827,6140,313
3050,2008-12-27,2008,12,27,8786,6994,9388,6160,7688,1685,4277,1396,4130,9761,7103,4479,3029,4231,534,640,9350,6265,4221,3635,7154,7097,8256
3051,2008-12-28,2008,12,28,7828,5081,5394,7452,3616,2627,9905,9173,4247,2521,8402,8135,8009,8171,4073,7812,9609,3621,5978,9221,5410,7837,7352
3052,2008-12-30,2008,12,30,4948,1703,711,2769,4848,43,7045,2782,1515,4715,4055,7364,2262,2038,8393,2491,241,1282,8703,3325,5848,5009,2487
3053,2008-12-31,2008,12,31,730,8230,9614,7544,3351,2801,7864,3917,7786,6281,2383,4184,8792,5609,7494,6314,6906,4427,7739,3845,3315,6624,3813
3054,2009-01-03,2009,1,3,7867,5782,4505,8574,3810,4980,1143,9162,2257,7583,2099,5473,2903,1031,4819,9775,5943,13,2598,7934,4552,6974,5617
3055,2009-01-04,2009,1,4,419,2655,4766,5887,679,4470,8878,2398,8530,8871,5462,3284,664,3487,7368,30,8692,8978,2675,7332,8947,1852,7577
3056,2009-01-07,2009,1,7,7087,5955,9312,3836,202,5320,8038,3856,3105,573,6384,103,471,2228,1942,549,1927,8837,2775,2069,269,4671,3512
3057,2009-01-10,2009,1,10,2944,9331,3894,6200,1527,3966,7551,3247,1538,6336,1849,7728,4607,2863,2113,7769,293,7244,410,9978,862,1701,4703
3058,2009-01-11,2009,1,11,972,2411,841,8055,1084,3230,7094,4706,9963,8955,1786,1626,4925,2186,2197,8605,1424,1301,2339,9480,9987,7663,9813
3059,2009-01-14,2009,1,14,5782,6966,125,9823,3934,6607,4685,4873,7592,2093,4287,9298,1134,1054,2448,9595,5003,3961,7129,4668,62,8737,4510
3060,2009-01-17,2009,1,17,7571,6068,8617,1479,7294,6913,321,9077,8195,9376,6505,8024,5907,6040,9582,9577,7446,7137,1185,2614,983,8482,3701
3061,2009-01-18,2009,1,18,2597,4078,9214,5693,6836,5592,9087,7807,1115,5665,6539,6130,1124,8015,1287,8944,6931,3807,7193,9264,2703,3511,5049
3062,2009-01-21,2009,1,21,5403,364,3431,32,4542,1839,4286,1480,839,6432,8061,9087,1597,5751,4210,6819,8163,1316,3479,2688,4186,189,8250
3063,2009-01-24,2009,1,24,8226,8574,9995,8483,3369,5717,3305,4194,7083,5889,3562,9319,9048,7071,7330,8019,391,8261,358,723,815,2919,3513
3064,2009-01-25,2009,1,25,5304,3782,4843,4188,4208,2217,1186,8653,1353,3896,5529,3671,2284,7392,673,6803,342,2909,3192,701,925,1618,8623
3065,2009-01-27,2009,1,27,9149,7510,7604,4306,9452,795,7949,5354,21,6864,9816,3956,5096,3011,7794,1621,6041,1642,5263,2025,8744,1744,7040
3066,2009-01-28,2009,1,28,1667,3263,5076,322,5706,6810,9030,3629,5993,1975,1891,4291,3796,2396,5953,9908,2202,1667,8525,1690,4934,9289,1716
3067,2009-01-31,2009,1,31,5035,9747,7358,3083,5794,4875,1743,110,6370,8094,3911,8843,3750,9038,9635,3876,7370,8932,4944,4112,5928,7503,754
3068,2009-02-01,2009,2,1,7698,3524,5264,7180,3029,8792,7891,7440,7571,7397,9670,7237,1565,5209,1884,5415,8176,1393,1682,9531,3012,9019,6187
3069,2009-02-04,2009,2,4,6542,8113,6467,2149,4253,892,3646,3439,75,2310,2400,7023,6782,2023,7091,2868,4068,6725,1043,171,9509,8227,428
3070,2009-02-07,2009,2,7,5999,3611,1345,2463,9361,9497,1104,2538,7987,2836,8448,6498,6073,2142,1949,1268,6392,4547,6921,1030,8494,5875,7304
3071,2009-02-08,2009,2,8,1089,6091,2382,5019,3329,1232,8941,7856,6490,256,2571,3558,6041,3467,5127,3645,5447,9149,1290,365,3351,1395,3933
3072,2009-02-10,2009,2,10,1661,5240,3415,8011,4729,4225,7150,2504,6301,768,6709,2352,1402,5280,1365,2912,1466,7947,4911,9155,5636,2292,8497
3073,2009-02-11,2009,2,11,1295,5166,6233,1253,7813,761,9796,3067,7460,4910,209,2386,4285,7726,2427,9879,3032,4135,8031,1122,9647,8995,7322
3074,2009-02-14,2009,2,14,3931,4526,2054,6398,2034,3456,7000,1632,8775,1545,8833,5539,1050,5217,2105,2347,5142,7010,4290,3820,7540,5772,7848
3075,2009-02-15,2009,2,15,9536,2990,2834,4783,1926,2122,2872,1194,5594,6244,1261,9964,8948,876,445,8308,9519,8271,712,3568,1962,1340,3859
3076,2009-02-18,2009,2,18,4781,1893,7343,3818,7644,7608,5588,6246,9048,1647,9787,2389,7390,5785,5204,1943,2641,5477,5784,8638,43,9912,2421
3077,2009-02-21,2009,2,21,6757,212,5398,5140,5414,5171,7949,7906,4880,4603,7000,8153,7185,1760,8172,7373,1215,7616,2039,3478,9275,8870,9322
3078,2009-02-22,2009,2,22,91,3131,810,3445,1334,7287,8922,152,3300,581,6384,8922,3857,2316,2485,2957,6942,7335,6747,4703,6817,8630,7367
3079,2009-02-25,2009,2,25,6176,7483,8195,4126,9012,6553,9636,5965,1364,5534,9153,8475,6597,7642,6801,6823,2715,7634,2380,5365,4262,3031,5667
3080,2009-02-28,2009,2,28,3075,5850,6352,8010,4687,3442,6088,1854,5307,294,9491,6093,329,9936,7291,5794,3238,8605,8326,6162,162,7518,6903
3081,2009-03-01,2009,3,1,8125,7100,3234,2445,8932,675,9018,6404,4885,8192,7648,4912,5137,2267,1921,1585,3650,1354,1778,9211,2674,839,870
3082,2009-03-04,2009,3,4,5989,1664,3459,2838,8824,3772,8667,1867,3981,4383,2560,2671,5795,5347,9984,7833,5007,748,5145,723,8684,9498,7893
3083,2009-03-07,2009,3,7,532,4254,4572,6302,1466,1568,4638,233,1192,6845,1963,3511,3487,1121,8256,2607,7117,4198,1433,6081,8484,8461,1318
3084,2009-03-08,2009,3,8,9690,2649,1164,1426,4205,8757,2260,526,3953,6532,612,3009,1216,1731,3342,2450,2148,180,6422,9670,510,1323,302
3085,2009-03-10,2009,3,10,8676,7617,3005,3493,4446,8060,8338,4689,6139,7547,9783,9913,2737,7909,9375,554,8107,7381,5341,5191,9678,8653,7810
3086,2009-03-11,2009,3,11,7042,7219,1194,4969,8487,5198,731,3404,7927,710,3349,5342,6531,9329,3182,4014,1863,5587,6789,1555,8163,1233,5200
3087,2009-03-14,2009,3,14,1033,9814,1248,5474,7547,1817,8696,8473,2928,1734,305,44,5539,5264,5295,4182,1868,6243,5714,6946,3230,3368,8020
3088,2009-03-15,2009,3,15,1469,4663,8532,3464,3928,3689,9167,5722,1095,3928,1517,2375,1438,2246,5773,4054,1400,5568,2636,4445,6340,4486,9761
3089,2009-03-18,2009,3,18,8337,5647,517,4989,6173,6676,4446,3859,8003,8149,9286,6124,6212,5912,4067,7622,5725,6182,9701,2505,5196,7524,3505
3090,2009-03-21,2009,3,21,8591,8518,2768,1579,8313,2212,7540,5599,5253,8331,5767,3625,3667,3896,6906,515,6517,1654,3266,2476,6220,9591,7749
3091,2009-03-22,2009,3,22,5960,908,7602,970,8088,2401,3723,317,1557,2433,3116,4693,7648,4966,2841,7398,8984,2452,6068,2470,825,4933,2384
3092,2009-03-25,2009,3,25,7596,7919,7966,8685,5978,3524,256,839,4720,8565,3243,790,603,1888,3458,9013,7386,9081,1348,4935,5498,5807,9738
3093,2009-03-28,2009,3,28,8422,2476,7697,6592,7000,7882,3574,9515,3684,6198,4553,4069,6462,223,355,2909,7928,6820,867,6012,2726,8781,4498
3094,2009-03-29,2009,3,29,1609,5730,9427,9107,9846,2428,5328,8947,5684,2743,5657,6995,914,7672,6096,6263,4093,8610,2218,3779,9093,1946,2852
3095,2009-04-01,2009,4,1,7950,6460,5261,978,6523,6302,1120,2538,6238,1412,6487,7043,5813,7790,8383,1031,5573,9330,6777,289,7708,1362,40
3096,2009-04-04,2009,4,4,6206,1705,8174,6957,1038,6920,9490,8811,5471,5923,6786,8664,8005,5127,5357,9859,6189,4140,6327,7127,3857,3088,2181
3097,2009-04-05,2009,4,5,7241,823,9753,5252,6980,5569,8103,7694,5708,4375,5362,9905,598,704,438,9568,1796,9793,1719,7879,5645,4140,709
3098,2009-04-07,2009,4,7,145,7872,5389,380,2296,9234,4946,658,3577,5090,4350,9352,5239,9965,1723,6521,9251,3697,8320,9276,74,8998,9892
3099,2009-04-08,2009,4,8,5459,5421,8627,2557,9097,8043,847,6545,7269,3505,2640,521,3276,6206,3670,1774,5674,4215,377,738,8888,8364,2791
3100,2009-04-11,2009,4,11,7311,5272,7091,6871,5921,3194,5774,9070,2504,1006,7408,2968,3673,6638,8092,1119,3177,611,529,1200,6478,2866,33
3101,2009-04-12,2009,4,12,5867,6350,6781,2069,1191,646,7429,8706,9147,5559,4481,9699,3056,5934,8731,3487,2781,1978,8670,9467,3378,9309,306
3102,2009-04-15,2009,4,15,7624,7667,9408,6724,4827,1750,6275,4467,9657,6963,8617,836,2330,3575,451,3282,2111,7366,2070,4737,9719,5212,9126
3103,2009-04-18,2009,4,18,3752,1884,4593,43,6486,2535,3502,8152,9687,4476,5302,1831,8114,613,4316,198,9080,7068,2851,9626,6381,514,9616
3104,2009-04-19,2009,4,19,2095,9206,1710,4839,6250,7052,9015,9048,6353,5887,1874,1337,77,905,7548,1729,4948,7045,1239,228,9246,2890,3286
3105,2009-04-22,2009,4,22,268,5991,8595,9498,5433,4711,3843,7299,6225,2786,9302,4513,5311,6739,6759,5616,4012,9354,7411,3931,5554,998,5448
3106,2009-04-25,2009,4,25,7912,4964,8361,8278,8890,7321,1466,3425,7342,9889,4544,1567,8797,6462,3568,9962,6182,7605,2431,4908,7095,2049,4305
3107,2009-04-26,2009,4,26,9969,3315,6820,2823,6253,8287,9512,7126,1951,6104,389,3197,4508,4595,4572,3487,6901,3259,8376,6330,8686,3947,7884
3108,2009-04-28,2009,4,28,6118,6237,5923,301,7102,2812,1544,8881,5847,699,8071,1267,9684,548,8189,8003,4062,657,6032,9035,7217,1073,8551
3109,2009-04-29,2009,4,29,2371,7528,2130,1476,7071,1227,8101,1256,4484,7417,8373,6322,5571,4336,5976,8632,1046,8324,597,2070,80,9716,283
3110,2009-05-02,2009,5,2,7405,4626,3301,3840,5252,2858,5667,1495,4535,3302,5570,4977,8691,9710,2858,9614,600,5096,142,480,1348,3773,8641
3111,2009-05-03,2009,5,3,4979,9841,6820,9622,1175,1127,6656,4105,2348,362,660,3413,9771,162,2306,6903,8669,2877,5664,7097,1207,9043,5696
3112,2009-05-05,2009,5,5,8030,5922,8359,2599,5260,6060,14,1594,88,3569,8656,4531,4747,4236,7028,2273,874,5715,7773,2273,4893,5801,1478
3113,2009-05-06,2009,5,6,9002,8933,5032,5409,1338,6387,7982,1862,7538,918,5513,1122,6535,9930,6047,4905,5385,6259,6057,6045,4715,6355,358
3114,2009-05-09,2009,5,9,9933,7043,4370,5573,4938,9898,3945,9602,7954,1331,7489,7614,8735,9536,3231,3069,3841,6355,6189,7841,4096,2343,9741
3115,2009-05-10,2009,5,10,6598,7843,2425,2061,9508,118,362,7032,4005,2019,406,2927,4154,4932,9634,3024,4609,3904,5039,8895,75,2219,1968
3116,2009-05-13,2009,5,13,5943,7206,6663,2756,8661,1179,9737,5452,9187,5706,2876,9116,6124,2664,3210,8559,7438,4261,1190,5764,4670,8940,7062
3117,2009-05-16,2009,5,16,6962,6794,5436,7411,6464,929,1630,2430,6047,8974,2170,9425,6611,2197,8299,4096,3585,4424,4902,6755,1994,7175,6478
3118,2009-05-17,2009,5,17,5394,5812,1308,9974,1717,6467,437,1319,9148,7237,6591,616,8853,2794,7627,1191,5542,3716,6590,8675,538,8659,9988
3119,2009-05-20,2009,5,20,103,5942,2083,1675,7247,9378,8718,2148,3744,2033,1328,3010,3539,9423,619,4557,8404,9238,7687,2026,4479,6440,4652
3120,2009-05-23,2009,5,23,9339,7286,8633,5540,7871,2629,745,5099,8611,8063,8246,701,7522,7820,1849,1303,1556,873,700,555,5919,159,4412
3121,2009-05-24,2009,5,24,9322,2907,1014,6444,9410,9303,5793,6630,9931,3909,5652,1084,1175,7424,1850,8155,3850,1608,8865,3830,7224,3101,9800
3122,2009-05-26,2009,5,26,3104,6325,1508,8402,7221,7016,9014,837,9933,4062,5614,1964,2942,2981,8038,9764,3526,9281,6367,1200,4446,5904,111
3123,2009-05-27,2009,5,27,2735,2671,1493,4823,555,988,4267,2658,1154,2615,4123,3003,2165,7997,8698,6444,3498,2834,2842,7742,1433,8824,9784
3124,2009-05-30,2009,5,30,6617,2304,4566,8299,6860,2496,8654,9330,9638,5521,8495,9043,4420,1261,6737,7008,4130,8487,5606,7909,1441,1478,6429
3125,2009-05-31,2009,5,31,6251,1894,4347,1271,2069,2272,2837,2321,8753,3441,8987,3732,7456,3942,3869,2554,5897,1319,8265,7781,5013,3617,1134
3126,2009-06-03,2009,6,3,4284,3664,365,3630,3416,9107,2954,5537,1516,8743,7127,3494,783,1260,8727,387,9439,3259,977,1657,9904,7487,4960
3127,2009-06-06,2009,6,6,941,9351,7340,5382,1338,4653,1743,2760,5315,2391,5578,6078,3492,4073,2911,8506,3920,9992,2398,3399,999,8044,4649
3128,2009-06-07,2009,6,7,2402,9902,1665,8735,5093,3673,4437,8425,5167,7470,7172,5812,4574,2659,9702,7659,4361,9183,8146,9223,7601,4891,5219
3129,2009-06-09,2009,6,9,5216,9459,1347,7123,586,648,8538,4256,2949,1938,8030,614,1453,5012,1394,2451,4502,3536,2513,6379,8828,236,1030
3130,2009-06-10,2009,6,10,190,3343,2733,7917,5573,8506,5931,1551,7250,9328,9810,2913,7932,5004,2455,1812,5054,7081,1051,6126,289,9548,7488
3131,2009-06-13,2009,6,13,2978,5065,2944,1150,7654,4380,4759,2411,7249,690,2554,4709,3557,2141,4045,5014,3508,8518,3474,2613,9690,3231,8031
3132,2009-06-14,2009,6,14,6479,3428,4142,5986,6286,7162,3410,7080,7664,3638,3074,6583,6883,6250,2849,7942,2384,4110,1843,782,9775,4970,3499
3133,2009-06-17,2009,6,17,1752,2952,7364,6090,8608,4957,252,2583,5278,1924,9933,7012,6075,7505,2977,3406,3799,7830,2647,1413,2707,2153,8676
3134,2009-06-20,2009,6,20,5880,9516,5752,2500,629,7358,9676,2606,3856,1754,859,8686,1519,1064,122,8380,4256,9348,5223,9906,5815,807,4623
3135,2009-06-21,2009,6,21,7334,5295,2161,1127,5030,4916,5867,3343,2649,2804,5510,3167,7335,4613,2575,9244,6014,3566,7884,4066,8601,3636,2683
3136,2009-06-24,2009,6,24,1177,6074,5108,1154,9243,7223,3306,9749,1167,1604,5184,7198,2843,3136,2506,6331,3330,3738,4181,2974,6371,7035,3326
3137,2009-06-27,2009,6,27,3676,7632,7913,1945,8077,2448,7988,3867,7799,9732,6230,9195,5947,2364,8903,1735,9569,8866,5343,1098,6865,3937,8267
3138,2009-06-28,2009,6,28,7891,3919,1020,3952,7427,2958,6182,4244,6264,1882,9331,3331,4802,2353,9260,6005,9807,2462,7225,7886,8833,7228,8631
3139,2009-07-01,2009,7,1,8571,2085,9906,7265,2960,9305,974,9657,6604,7986,8074,1153,674,8799,8046,2773,891,9374,7204,3905,8291,6271,8043
3140,2009-07-04,2009,7,4,2026,6501,436,9778,3050,8366,5416,8737,3790,3220,9634,7336,6135,8215,2351,8919,9930,2428,3388,3077,4123,8509,9500
3141,2009-07-05,2009,7,5,832,3125,5783,7492,7481,2020,3381,5391,2424,1273,9688,1847,480,4648,8077,2850,7378,2214,9657,9499,6925,7243,8144
3142,2009-07-07,2009,7,7,6423,4005,3542,5601,5425,8534,3612,8240,3469,7768,1429,5965,6396,842,1770,3488,1569,715,4032,3986,8899,416,7590
3143,2009-07-08,2009,7,8,7380,5234,3402,3219,4076,4840,6253,965,5164,6108,7476,3415,2732,1676,2707,4185,4670,9113,4600,4265,8268,7793,6480
3144,2009-07-11,2009,7,11,8548,9465,5461,6865,9577,6817,4600,2480,5456,5532,1040,5299,1911,7989,1494,3642,8673,7675,7594,4104,8165,5429,6354
3145,2009-07-12,2009,7,12,3049,2415,2356,7615,2665,4086,8481,917,5181,562,5412,6416,168,2081,1803,2121,2822,6277,2952,6089,4668,4564,530
3146,2009-07-14,2009,7,14,1280,283,4872,3340,4431,9261,6574,2874,550,2801,1941,9102,4044,4177,437,6311,1641,4227,1028,368,5407,3022,8964
3147,2009-07-15,2009,7,15,6232,9492,8338,5184,5922,783,1092,3845,8001,6320,5798,2847,7883,3397,5236,7352,354,5550,966,9966,1735,2800,6247
3148,2009-07-18,2009,7,18,2759,7596,453,1725,6553,2590,7313,4847,6521,6116,3654,6182,6775,502,7328,3569,17,2860,214,2332,2921,3667,5771
3149,2009-07-19,2009,7,19,23,9985,1939,6912,8136,4964,6122,9664,3839,6439,8796,2481,2866,4545,6781,4356,5978,4117,4242,7880,2982,1792,9268
3150,2009-07-22,2009,7,22,2491,2932,176,9966,9753,3273,7233,7003,2964,5025,1709,7129,2120,2294,2285,8804,8054,6591,9818,8104,4888,8220,5944
3151,2009-07-25,2009,7,25,6417,6196,8125,2292,2102,5817,8023,8534,1793,551,9541,502,4730,6592,1353,1519,3102,3119,9331,6526,8559,2634,4491
3152,2009-07-26,2009,7,26,9628,4292,791,3064,4336,9,6680,1994,2754,2212,6073,9284,3726,3239,4001,1602,5865,9245,7250,8571,9365,2648,1818
3153,2009-07-29,2009,7,29,678,5945,7507,9854,7191,8916,2764,452,6803,1847,8926,4753,4330,2602,3538,2690,5449,4056,1547,355,7993,4171,9115
3154,2009-08-01,2009,8,1,778,1648,2381,108,1987,9715,9032,590,9263,2790,7350,7563,6718,185,1811,5971,8135,707,9333,2091,2560,5016,5556
3155,2009-08-02,2009,8,2,2940,8780,969,6579,6659,8706,5939,8184,9259,5877,9249,8134,8231,9131,1737,3585,3177,4729,3981,5865,6377,2993,1545
3156,2009-08-05,2009,8,5,6295,4930,1238,1935,8496,4462,4330,4699,8285,4101,2412,4768,1606,8422,8767,9661,57,8395,4029,6230,7738,2790,7326
3157,2009-08-08,2009,8,8,4353,2550,7501,8177,3440,742,4802,9536,33,7711,6065,1623,6654,2148,3834,7261,7126,2039,4622,4407,6699,7725,8465
3158,2009-08-09,2009,8,9,8260,6882,8895,7506,7571,964,201,3129,6200,7463,4714,7549,7959,834,1087,1971,5632,3873,650,7502,6576,1279,364
3159,2009-08-11,2009,8,11,9539,313,1826,4339,5804,2779,1729,891,67,4194,1894,2180,7076,2311,3824,4315,3701,4856,3190,9376,2080,9521,2359
3160,2009-08-12,2009,8,12,2045,5707,4972,6201,9560,6410,3264,5614,2921,9956,9440,7744,7321,8058,9352,9410,1620,8453,3099,9701,7545,4942,1308
3161,2009-08-15,2009,8,15,7112,9994,9097,3915,885,5958,3555,2772,3188,2205,5735,4648,4812,688,1829,6367,9754,9519,9161,7196,8718,6803,5207
3162,2009-08-16,2009,8,16,8089,3408,8645,7951,2365,9743,3100,1643,2144,5042,958,554,4389,2825,8047,9590,8962,6554,6903,3315,5699,3492,2469
3163,2009-08-18,2009,8,18,6982,5225,4961,2161,5583,5862,3686,7103,5486,8354,3268,2425,2258,266,5035,2411,9578,8755,1669,6413,5998,7717,3399
3164,2009-08-19,2009,8,19,56,6676,3062,4987,3185,2661,775,3088,3930,5874,4167,3328,5409,968,2510,2598,9398,3434,9048,1701,5968,7364,3283
3165,2009-08-22,2009,8,22,7269,5334,9890,6334,530,3797,5945,5962,3865,5228,8625,5452,4659,9130,3347,3912,1337,3667,6508,9648,6032,23,3361
3166,2009-08-23,2009,8,23,5920,7881,2195,2731,1791,103,4783,3139,6415,1485,2081,318,416,9307,5386,2426,9967,7406,8703,4555,2870,7710,7868
3167,2009-08-26,2009,8,26,6989,5532,6893,4345,519,2490,7643,652,396,4054,9479,2283,8475,8585,780,8506,3515,5826,5856,7292,827,5426,2794
3168,2009-08-29,2009,8,29,5338,1290,848,1269,2755,6331,5331,1813,2436,5476,5861,5169,7926,4545,6834,7515,4668,2062,9742,3046,2840,7700,5594
3169,2009-08-30,2009,8,30,3150,867,8800,1511,3789,9211,4060,8399,310,1528,8241,8116,8936,7096,5916,2892,5835,397,4373,7181,9103,126,1311
3170,2009-09-02,2009,9,2,4425,5042,2871,7800,255,950,4174,4974,9887,1563,2009,4449,6863,6213,3884,8211,5047,7824,6053,8689,8216,8751,6977
3171,2009-09-05,2009,9,5,7916,3958,2103,9512,4271,2932,7245,4602,2125,4311,7976,4304,6911,5752,6901,6157,8148,6870,4262,833,4406,3133,6570
3172,2009-09-06,2009,9,6,6585,7705,467,9463,9056,8590,3463,4904,5853,7000,6203,6242,2813,621,5034,1456,5876,4118,9735,281,3620,3285,5384
3173,2009-09-08,2009,9,8,2315,724,26,4544,169,6663,2972,9579,3875,7801,6347,5659,2057,1625,1800,1406,9828,9607,8439,1002,3946,6586,6930
3174,2009-09-09,2009,9,9,9207,9153,2003,2318,5429,1655,3755,38,9185,1851,4558,9358,2874,2502,4601,480,5887,2809,9515,642,7578,6150,739
3175,2009-09-12,2009,9,12,4390,1181,9892,8407,8426,3348,7330,1239,7656,8865,965,6325,7258,3528,7747,2086,8410,584,5342,4628,4285,232,9984
3176,2009-09-13,2009,9,13,2491,6119,2119,8791,7464,1197,7770,1522,2194,2047,8241,1426,6754,4772,922,5738,6710,5384,7995,4607,8943,5103,5787
3177,2009-09-15,2009,9,15,5504,9977,7409,4237,6379,9776,1726,7639,7990,2575,3174,6545,1250,6626,8241,2084,3423,6917,8845,8469,7797,4430,1653
3178,2009-09-16,2009,9,16,2077,2724,9562,61,7801,7260,2960,4063,1660,8664,8655,218,5506,60,2933,2076,1008,5559,1222,5440,5317,1639,4328
3179,2009-09-19,2009,9,19,1624,2266,8963,8413,5676,1654,310,5536,5022,7317,8810,7205,688,4970,8748,9732,584,2344,2235,1029,1731,367,8438
3180,2009-09-20,2009,9,20,7885,6021,971,6898,2641,9789,4116,8830,3905,3198,1552,3210,5924,5810,2466,270,8477,3150,1705,5716,2681,4756,3812
3181,2009-09-23,2009,9,23,5180,8394,9396,9185,8859,7201,7104,6082,520,2922,1599,7742,5853,1439,7305,9381,1189,6981,4266,2995,2937,6879,7846
3182,2009-09-26,2009,9,26,9727,4247,431,5943,5095,8211,9169,3753,1404,1088,6956,8906,3667,4734,2532,3678,1565,9456,4741,9311,5074,9547,7455
3183,2009-09-27,2009,9,27,2319,4270,5414,3300,9681,5780,8005,4651,3562,3120,674,4095,7935,3238,8443,1083,792,1691,7557,8506,1236,366,252
3184,2009-09-30,2009,9,30,5285,2262,9401,9545,6237,7826,2295,7254,1570,5496,8690,966,1025,8691,4137,5264,3277,2458,4244,7363,4313,6493,8368
3185,2009-10-03,2009,10,3,9477,802,1667,3440,9951,1414,7608,6890,6154,3748,9058,1873,7016,6977,8859,9361,7235,4913,6622,6127,6837,2187,951
3186,2009-10-04,2009,10,4,9075,9947,8945,1158,1982,5486,7676,8341,991,8067,1183,3442,9098,9315,2982,1713,6260,7903,3911,707,8168,95,6920
3187,2009-10-06,2009,10,6,406,8575,7775,9545,7568,5128,3534,7359,7718,8537,2076,9135,3044,8541,5246,7912,2113,5435,7549,1714,367,7378,150
3188,2009-10-07,2009,10,7,8076,3355,3311,1049,8098,7255,672,6842,5762,7960,6341,2039,140,6369,4168,7886,3947,6695,3094,413,7571,3225,2844
3189,2009-10-10,2009,10,10,2688,6832,8771,9135,3361,4361,8972,7932,705,9057,2747,8558,4849,8321,2805,3555,3291,4225,9282,3402,9070,5994,67
3190,2009-10-11,2009,10,11,1052,2359,6210,2970,2278,2267,7225,3583,8730,2282,1602,2349,3400,7758,3636,3679,6552,5436,9618,3258,4840,4983,8274
3191,2009-10-13,2009,10,13,3227,3097,299,8959,6990,2329,3654,8758,3486,124,441,5618,5378,5565,3530,2923,2468,8542,2846,8256,2366,9016,2315
3192,2009-10-14,2009,10,14,4702,3764,7656,7037,1468,8731,6956,1022,4371,2428,185,2508,2221,140,942,9482,9218,6578,5227,2285,9642,4812,5019
3193,2009-10-17,2009,10,17,4283,3043,797,3897,5673,3357,2491,3495,4352,4350,8690,8466,2477,1311,3252,3421,4130,1076,184,1289,9787,3421,7489
3194,2009-10-18,2009,10,18,1137,7723,9961,4466,6835,1463,7550,4616,3004,3876,2598,3617,3659,9181,6697,4775,9974,6183,1820,3352,8076,6573,8745
3195,2009-10-21,2009,10,21,2008,5116,3365,2964,7437,3494,7605,8060,5714,9399,674,4390,4261,5899,596,4823,1877,2507,3487,4625,243,757,4182
3196,2009-10-24,2009,10,24,857,3985,6188,6870,2871,9080,1465,5399,9743,210,6817,6987,8039,6808,6345,3972,6584,2185,5709,5921,9029,1946,7710
3197,2009-10-25,2009,10,25,9144,8333,9068,7238,9987,2215,7864,5025,9632,5781,1871,2707,2929,4113,6276,7008,5079,9962,1998,7834,7939,9734,8060
3198,2009-10-28,2009,10,28,8661,1293,3799,4138,1590,4691,8968,4472,5365,6966,5622,8088,8679,5603,8886,6329,9369,1670,3077,8531,4358,2500,8275
3199,2009-10-31,2009,10,31,9051,3341,9979,2521,9961,6107,8820,1162,4930,6737,240,4086,1837,4275,5298,7040,8873,277,7374,5304,7158,6110,2150
3200,2009-11-01,2009,11,1,7214,1400,9983,5597,6862,5384,2391,1515,4597,3429,7868,4748,5407,730,484,8688,330,6872,9809,9220,8482,3019,9678
3201,2009-11-04,2009,11,4,8716,3070,4681,5424,9883,6268,9299,2633,2103,2288,952,4491,5834,9448,4676,3190,7705,8181,4404,5376,2870,926,7773
3202,2009-11-07,2009,11,7,7694,5280,3595,7887,4576,769,8320,1143,2831,2580,6666,4210,9930,6141,6646,7520,8169,2198,4558,4955,5234,8509,881
3203,2009-11-08,2009,11,8,6601,4812,1768,117,3546,4169,3435,9230,8194,6522,5204,3085,5995,2530,5132,769,617,6080,8566,8195,5437,9851,8611
3204,2009-11-11,2009,11,11,276,330,9831,1407,9143,5482,904,7975,7537,9595,3176,1108,7663,7729,6146,8620,6811,5641,613,2613,5650,2344,3100
3205,2009-11-14,2009,11,14,5092,4229,304,4275,392,3915,3620,5747,6301,45,2226,5311,8000,310,2754,4408,4476,9257,1639,8747,2580,9961,8904
3206,2009-11-15,2009,11,15,2700,4967,9022,5382,3366,5516,3000,1034,4339,5907,353,9136,441,6020,4660,5555,4659,164,7256,5936,1203,8164,5025
3207,2009-11-17,2009,11,17,4621,6834,8475,5323,8845,4663,786,4692,5535,3806,7702,3126,2580,8082,94,4657,3380,2754,4846,6973,5843,9817,7336
3208,2009-11-18,2009,11,18,5451,6223,2925,5433,2735,4149,2248,2127,601,3551,3851,9394,4143,3383,2283,2886,9756,5224,1547,8684,4481,1654,8668
3209,2009-11-21,2009,11,21,5506,4068,3655,5610,3036,3379,419,6290,2212,9952,1858,854,1022,5685,5429,3638,61,8026,4191,3455,2509,2349,7273
3210,2009-11-22,2009,11,22,1832,2038,2450,7394,7558,1868,5684,7609,5990,8288,9734,9346,2580,7114,170,2291,1676,702,2885,2149,5051,9,8176
3211,2009-11-24,2009,11,24,1778,7319,1197,9611,7172,6989,9585,5932,9547,5206,20,2228,5661,1133,327,4643,4145,5360,3002,7328,6707,5775,9747
3212,2009-11-25,2009,11,25,5085,7631,5744,8267,8287,3619,7541,3347,3472,1680,8280,6018,8389,8149,6766,9716,1256,1996,4831,1388,1453,3904,7320
3213,2009-11-28,2009,11,28,5225,8516,2545,6570,7852,2049,6614,7884,1685,6996,6554,5317,2063,1629,1886,3917,5953,7942,3666,7997,4345,6689,3150
3214,2009-11-29,2009,11,29,6642,1278,4531,8377,7980,4650,4286,1942,981,6444,3669,1408,5818,8987,6260,9349,8632,8062,2972,5171,4080,5173,7144
3215,2009-12-01,2009,12,1,7154,1387,4826,5647,8556,2826,6088,3293,7644,7948,7292,7407,8723,8271,3378,9365,1817,3394,2021,8810,7304,5561,1080
3216,2009-12-02,2009,12,2,3482,2089,4731,1251,5438,9860,4636,7386,871,264,9424,5365,4817,5149,2077,6601,9130,5970,966,630,9501,1080,4190
3217,2009-12-05,2009,12,5,2497,3568,3816,2794,1639,2223,841,4728,7430,5250,7675,4677,1884,9642,7067,7374,8539,9560,81,1405,8614,3107,4118
3218,2009-12-06,2009,12,6,8484,5094,6358,3598,8218,4640,8087,8574,9929,2637,1163,2066,7120,7727,6011,8183,5950,9577,3261,510,6598,9643,4908
3219,2009-12-09,2009,12,9,5735,4603,7723,7534,2637,8218,9722,6604,848,224,6759,2728,7431,3706,869,8929,7904,3663,9345,4385,8137,2619,1222
3220,2009-12-12,2009,12,12,1457,7021,9912,9501,9982,7096,8341,2955,797,5021,3020,7657,4858,9017,4054,2049,7437,4751,5331,4057,9185,6632,1347
3221,2009-12-13,2009,12,13,9911,8199,8938,9593,8622,8949,2687,1692,1837,7719,5889,8974,6589,8046,801,6884,1788,51,7066,4297,1712,66,4869
3222,2009-12-15,2009,12,15,5415,151,8524,8642,7067,7934,4614,1946,9362,2907,329,1372,8679,1496,8414,235,4873,5046,3768,7468,9133,4554,6684
3223,2009-12-16,2009,12,16,5418,3933,6539,1285,4032,6974,8400,1563,4602,4737,6796,6689,5899,5339,7379,7993,834,6054,9041,5257,1793,5999,6773
3224,2009-12-19,2009,12,19,8847,235,7770,1086,607,8308,4457,8728,7882,1042,2134,5662,9506,5904,9854,1940,6733,2261,8452,1556,167,1555,8177
3225,2009-12-20,2009,12,20,4286,9159,3592,2572,6872,7743,8228,3787,1711,3886,7307,1607,137,5123,9673,3047,8746,791,4152,3787,6224,9280,6820
3226,2009-12-23,2009,12,23,5313,6758,8495,683,6738,4234,5642,423,6904,6176,417,8914,9156,8271,8273,4247,5618,5068,9635,8013,1500,1132,6400
3227,2009-12-26,2009,12,26,7557,1725,3815,2404,4275,9301,795,9656,4594,3279,3873,2099,5426,8969,5035,7688,4165,4446,3194,1977,1302,6507,8012
3228,2009-12-27,2009,12,27,5872,9300,9793,2055,4541,3818,6837,3890,6741,9036,6129,800,3959,1934,8127,3410,1838,1490,8266,2215,9048,7492,6096
3229,2009-12-30,2009,12,30,1930,5523,2720,4261,6181,6792,7280,545,6841,2867,2051,9641,6675,1511,7251,6745,809,9078,3937,2136,1008,2998,3519
3230,2010-01-02,2010,1,2,1939,5592,2424,8518,6495,855,7446,2206,8454,5354,4173,2222,4034,9007,4561,4046,3248,7674,3629,889,8998,4753,2336
3231,2010-01-03,2010,1,3,9415,641,7702,9739,1069,4556,3574,813,6380,7842,4592,8009,3970,4544,2142,5802,478,4744,6138,6767,9404,3764,2944
3232,2010-01-06,2010,1,6,1958,9116,2242,8221,5429,7150,4398,3931,4902,8187,1573,3902,4442,88,4849,7535,4785,1680,5890,9126,5073,5174,2484
3233,2010-01-09,2010,1,9,5575,4392,4069,4787,286,3042,5891,97,4503,1028,3209,3371,9970,352,6587,9342,8710,5266,1558,9924,7874,7758,4718
3234,2010-01-10,2010,1,10,6176,4516,6052,1418,3961,369,7639,357,2057,8153,7206,6634,794,2210,6719,4809,3551,151,4855,6018,3310,4312,6568
3235,2010-01-13,2010,1,13,17,732,6439,8361,3360,3802,5991,6230,275,5444,5286,2541,9244,5343,6123,9439,558,6503,6500,9677,5570,851,6661
3236,2010-01-16,2010,1,16,8228,1002,860,5663,9825,3775,5191,3717,7261,1399,9688,9468,1992,2325,6597,5780,248,4478,1058,5288,7059,9206,7396
3237,2010-01-17,2010,1,17,4059,894,8235,5232,1494,317,4101,1035,3114,840,7473,8197,7240,5260,7013,5010,2363,9629,2426,2411,1540,3559,1726
3238,2010-01-20,2010,1,20,3251,4138,738,1186,2951,1527,1748,3267,9263,5677,1448,1113,2456,2872,5896,2218,6254,6613,424,1018,1421,7941,4918
3239,2010-01-23,2010,1,23,4621,5547,9004,7966,6238,6643,637,2625,2994,1257,4731,9183,1616,5958,6741,673,9458,2453,839,7180,2322,1242,5222
3240,2010-01-24,2010,1,24,4986,7338,5302,8744,4632,3435,4711,4086,6847,6388,9799,8726,2505,8119,2927,5811,1968,5896,2882,2509,7556,4828,5256
3241,2010-01-26,2010,1,26,7876,437,55,913,3983,9971,5804,5085,8194,3595,8123,5287,8456,4039,3104,9050,6946,7236,4942,1589,6558,4836,8354
3242,2010-01-27,2010,1,27,6841,5868,6935,3753,3848,6512,1943,4151,3567,5246,742,2135,7584,2888,9310,438,530,2792,1610,4927,312,8566,9482
3243,2010-01-30,2010,1,30,6188,7396,1583,7157,9252,9909,640,1139,6756,505,947,2506,5968,3786,7571,149,8963,1221,6303,966,3545,4140,8268
3244,2010-01-31,2010,1,31,1843,7899,6678,6381,9138,59,6649,459,5857,8066,1148,5756,1401,552,211,6714,7199,2513,3598,2164,5369,4597,5630
3245,2010-02-02,2010,2,2,4175,9930,2953,7634,7295,5627,8971,2016,1707,6593,9055,2998,850,7902,6160,6402,7083,6690,3562,9827,3245,6949,6631
3246,2010-02-03,2010,2,3,50,1417,8352,158,2394,1386,6333,1753,4968,1229,471,5755,8562,6874,1540,9640,9528,9389,8759,6755,5599,4117,6246
3247,2010-02-06,2010,2,6,2701,2397,4931,380,4596,1954,6734,7516,3818,4130,431,1027,7547,8844,8237,1450,9264,2556,3692,4674,6943,9389,40
3248,2010-02-07,2010,2,7,2372,233,9249,6239,490,4653,5620,4888,3097,6877,3157,8188,4703,7183,9130,7063,3180,6520,3012,2735,3857,2326,7913
3249,2010-02-10,2010,2,10,9286,6217,7127,8215,9810,6810,4183,971,7066,7630,5550,759,7237,4418,9459,5755,9197,8413,6522,9445,6591,9697,4526
3250,2010-02-13,2010,2,13,4403,3297,9639,7812,7389,2183,431,4891,4349,9326,5721,2693,1564,438,2664,8935,4594,1348,8318,3479,6760,1301,6654
3251,2010-02-14,2010,2,14,2650,7016,4840,1157,9892,6223,4378,5047,7969,933,4017,2100,7182,7737,2358,6125,3648,4274,5064,5665,5950,838,3648
3252,2010-02-16,2010,2,16,78,7270,9784,4805,5546,6365,1988,5289,6553,278,4554,3306,481,6562,9743,7667,4259,3984,5999,5920,4010,8970,74
3253,2010-02-17,2010,2,17,3535,2754,4849,2289,3777,6715,5375,7812,9593,6057,4016,1027,9331,8983,1709,5772,8848,6076,8941,5709,4411,60,497
3254,2010-02-20,2010,2,20,8842,2204,8278,8919,9858,4850,547,6476,7538,1303,3693,1256,1187,6211,2406,3931,322,2479,7952,4493,2723,996,2308
3255,2010-02-21,2010,2,21,436,5924,9312,4162,4319,6190,3537,4146,2863,922,696,4975,5918,3852,4508,7626,6325,4138,9802,3092,4453,3761,621
3256,2010-02-23,2010,2,23,9779,929,902,2357,1470,9437,8429,490,6998,7617,3754,4664,8719,7849,9226,5532,2603,3305,8781,2408,4786,8032,7818
3257,2010-02-24,2010,2,24,2587,1819,7783,7942,2956,1859,8002,5047,8580,4279,9007,3765,3920,5350,7620,4830,7199,4343,5020,7851,1097,4259,667
3258,2010-02-27,2010,2,27,105,8387,3431,8356,5985,6358,7793,5390,7342,8736,128,1487,763,5002,766,3119,7765,3797,9692,1572,3571,9126,6090
3259,2010-02-28,2010,2,28,4891,2690,9544,1858,2458,9863,6840,7778,9604,9141,7068,5634,5346,6611,7721,9876,1844,3852,255,3278,6386,2400,8904
3260,2010-03-02,2010,3,2,6558,9558,2257,6223,9304,6951,5295,9841,1032,1702,3642,5119,4346,8342,1261,3364,6729,5969,5265,3343,9629,4757,4690
3261,2010-03-03,2010,3,3,6681,3812,8677,2224,8229,4870,2115,5253,100,9234,2383,4336,9066,9034,1694,1828,4272,6595,8778,6963,5666,4645,8538
3262,2010-03-06,2010,3,6,5639,3086,4966,4830,8414,2749,3774,5030,4075,6410,3571,344,1624,2419,2451,1360,5861,6930,8453,558,175,8844,4989
3263,2010-03-07,2010,3,7,717,6795,6992,479,9147,1280,6067,6681,3924,2810,181,6950,7408,2143,9765,8127,727,3119,5929,7710,9494,8233,51
3264,2010-03-10,2010,3,10,865,8563,6093,1219,6137,8245,7588,6204,5838,5322,658,8744,6077,9211,9298,3670,5286,5694,3630,1690,6824,9463,5045
3265,2010-03-13,2010,3,13,5251,2266,4877,2274,4594,6674,9590,1998,535,566,121,4191,3539,7810,4290,114,5164,1879,7547,5847,9313,5878,2597
3266,2010-03-14,2010,3,14,1259,3247,6008,4497,7955,6345,9589,8824,8268,1702,5444,9718,1496,1324,5434,8084,1222,7543,8900,1491,2042,7801,8314
3267,2010-03-17,2010,3,17,6891,9702,1853,2056,8357,9268,1671,5975,4406,345,1516,1856,330,6127,7460,6407,3439,7193,9164,6191,6187,3761,5385
3268,2010-03-20,2010,3,20,7033,8587,6841,1142,4507,7690,3440,5141,1678,3079,6820,6751,251,5438,1352,99,3505,8668,3533,8098,6891,7339,5979
3269,2010-03-21,2010,3,21,32,8132,4487,2363,9885,7733,5219,5537,4199,635,1780,8387,9782,122,5358,5693,1745,6767,6319,9811,5552,567,2081
3270,2010-03-24,2010,3,24,7739,3316,7094,8790,3282,7637,4504,3209,9411,8961,6719,7302,2314,9984,3314,221,6295,7826,8400,6460,2182,5005,4954
3271,2010-03-27,2010,3,27,1499,7486,1012,9535,1410,1194,3606,3028,9622,9489,3356,3881,709,8561,7884,4140,629,7441,6066,7449,9517,5475,7276
3272,2010-03-28,2010,3,28,4980,7431,8110,7871,5517,9380,9266,107,4353,3810,4742,8043,645,6529,6366,9937,8097,3579,2525,3923,8660,1826,4509
3273,2010-03-30,2010,3,30,5549,468,2073,3663,5145,6152,731,2879,810,5191,6655,4778,1132,8822,8121,9479,4357,3603,7972,6183,8899,609,9213
3274,2010-03-31,2010,3,31,1418,7079,2745,4702,5477,1303,2061,7611,1637,8370,4861,4064,4792,648,1650,7241,2727,9141,8306,3500,6412,5218,9553
3275,2010-04-03,2010,4,3,9870,9784,2691,4701,3154,5074,6721,8720,3454,4183,1387,1259,3034,9851,1321,7662,170,1817,9251,7551,4230,7601,9780
3276,2010-04-04,2010,4,4,6541,9109,3643,5774,7298,3455,4617,8112,6497,2898,7259,633,3407,8189,638,2559,4685,2185,2898,2791,706,4053,3613
3277,2010-04-06,2010,4,6,5313,3200,2520,2011,3649,8256,8771,404,8324,3845,1107,5960,136,4068,4043,350,7556,7522,2324,1260,7045,7411,7895
3278,2010-04-07,2010,4,7,6009,933,6148,3849,2828,498,6354,5428,4158,9403,4513,3411,1898,4064,1106,9637,5847,8159,5545,565,2062,1551,1590
3279,2010-04-10,2010,4,10,2318,8417,1597,4638,8900,1829,5386,2932,4785,101,5219,9936,7392,6242,3540,2102,1902,7709,1155,3214,2089,4714,9295
3280,2010-04-11,2010,4,11,3372,1621,6759,9143,7039,7089,3137,8670,2294,6856,1840,8552,749,5703,8265,7044,9976,627,5175,322,1088,8522,1526
3281,2010-04-14,2010,4,14,3231,6911,9355,1551,3877,7880,6152,212,9033,7580,7159,7845,8391,8422,261,1023,8229,6091,885,3459,8581,4592,1307
3282,2010-04-17,2010,4,17,645,3799,2133,4741,8231,9944,7216,3967,1991,8273,4667,322,9644,4729,7612,8981,6862,3496,6470,3081,1663,7348,7007
3283,2010-04-18,2010,4,18,2935,569,8388,7814,8690,8262,4594,8684,3847,518,2591,5669,2974,7230,9042,3711,2615,4508,8257,7708,4457,2486,2578
3284,2010-04-21,2010,4,21,7174,8137,3936,7614,8684,2296,2377,824,9632,3657,9393,5472,1459,8041,6531,2682,2458,7278,2212,2211,6321,5308,4374
3285,2010-04-24,2010,4,24,863,4838,72,1051,5313,4018,9722,7938,4283,1155,5033,7033,8159,1132,1217,1446,6505,8657,5035,2522,9859,4990,1246
3286,2010-04-25,2010,4,25,4624,2794,377,5820,4087,846,3656,7347,3659,5736,3607,1805,3224,5433,2295,445,6781,2435,3453,1588,7427,4237,3858
3287,2010-04-27,2010,4,27,7541,8212,2010,8966,7240,7808,4597,7171,3361,462,6759,5577,8070,6001,6530,5477,9786,3096,1432,1560,6407,4213,9054
3288,2010-04-28,2010,4,28,5523,3867,8392,9695,8170,6636,7648,1212,1342,7468,8716,7431,6666,141,5562,7664,4486,9728,660,8174,7405,5040,9405
3289,2010-05-01,2010,5,1,6593,86,2488,3196,9600,8531,8441,3451,4758,6950,9879,4856,6742,7588,2213,2443,9483,3852,7523,9905,3965,302,5937
3290,2010-05-02,2010,5,2,1243,6641,6980,4182,1161,7650,6130,2024,8429,5676,7180,156,6935,1738,9644,5729,8120,2779,9281,1820,2145,784,5065
3291,2010-05-04,2010,5,4,4768,2891,8932,1854,142,8306,3647,1551,9463,4702,2496,6350,386,5678,797,7232,5974,6282,970,8896,128,9845,1839
3292,2010-05-05,2010,5,5,721,618,4603,7239,9765,6261,448,7908,7474,8956,362,8944,5592,4453,2971,4947,8901,7259,6256,1738,2426,5663,3039
3293,2010-05-08,2010,5,8,9146,3012,6212,734,5596,4731,6355,9067,2406,2542,5107,3563,6213,9279,7576,9893,7570,9803,5687,1109,5300,981,5531
3294,2010-05-09,2010,5,9,5950,2469,4705,6201,3210,1769,2550,6392,7409,5831,7497,8378,1683,2262,6017,6282,4368,8710,7775,2056,3563,5740,7533
3295,2010-05-12,2010,5,12,4887,4316,1910,915,6562,5978,5234,9395,6195,2375,599,9507,4622,7231,4945,7191,4210,1103,1937,826,5540,7634,1701
3296,2010-05-15,2010,5,15,8687,3695,1155,8183,2007,7797,5455,5109,8440,2380,9782,6112,2076,6247,2638,3576,8655,3348,1485,4994,6411,9693,9227
3297,2010-05-16,2010,5,16,1228,2355,8743,3187,5150,8787,8590,63,3914,9261,994,4361,2156,6344,7866,4494,8717,8734,8289,9231,5162,893,5345
3298,2010-05-19,2010,5,19,3556,521,8108,7718,7503,3994,2551,6626,7119,8089,1857,6726,2568,3481,9846,9716,4683,6286,6920,7145,1925,3233,1033
3299,2010-05-22,2010,5,22,5951,5696,840,6299,3278,7399,5167,135,1186,4582,5125,5040,4877,1889,7731,6902,8697,8765,497,1028,2142,8561,6166
3300,2010-05-23,2010,5,23,4047,5041,1099,6823,4713,774,1325,4986,4279,923,9321,6863,733,3127,4009,9843,1373,1870,2288,5140,1826,1206,3658
3301,2010-05-26,2010,5,26,8806,6655,8859,3489,8800,9648,6232,5742,2367,701,5010,1111,9661,6515,2481,6842,957,2285,8038,4394,47,4773,5846
3302,2010-05-29,2010,5,29,3660,8219,7273,3598,4668,9375,2830,9922,4616,8336,2389,2451,7405,3981,3262,4991,6782,1477,2735,9008,370,480,3469
3303,2010-05-30,2010,5,30,6463,8094,9451,749,6953,6966,7694,3360,5110,7339,5691,9330,4828,4961,4089,3915,7786,809,6162,9901,7306,96,8523
3304,2010-06-01,2010,6,1,6846,3373,5007,788,5226,8654,3466,308,4925,1637,2149,9710,5520,4708,1340,2062,2461,426,2430,4705,8074,2803,3687
3305,2010-06-02,2010,6,2,370,6372,2224,4235,4058,2514,5606,8057,2461,4590,7645,2953,4163,3134,4318,3090,6878,1084,6033,533,6123,4915,5861
3306,2010-06-05,2010,6,5,9655,9952,2488,5558,7266,1560,5257,6822,8441,4325,2309,2306,7073,1530,4999,8106,9294,3067,9459,6051,542,1965,3965
3307,2010-06-06,2010,6,6,4316,222,5759,2560,5817,1738,878,5366,7710,3185,4165,413,3811,6724,95,2265,7956,927,8265,3588,401,4705,7375
3308,2010-06-09,2010,6,9,9050,2119,7334,5518,1081,7104,3365,6983,3062,9631,1629,2954,7104,2275,1748,178,7736,3299,9634,7383,183,760,2598
3309,2010-06-12,2010,6,12,6752,8547,3487,6494,2,980,4672,4681,4272,4827,2544,3675,9446,3669,9652,1574,5953,2123,2087,4016,5233,2854,9499
3310,2010-06-13,2010,6,13,3161,5187,1090,6254,9425,4997,2758,8901,1941,6315,1865,9807,5931,4850,6842,4538,3074,6174,4247,9376,5673,2734,5072
3311,2010-06-16,2010,6,16,3672,8331,4340,9101,7926,2876,4612,941,4785,846,4858,2129,1656,4907,3646,6728,951,4166,2769,6933,3197,2663,5723
3312,2010-06-19,2010,6,19,8735,4819,3006,7720,6887,301,8528,3033,3287,5399,4793,5594,1553,6589,7075,400,5719,6324,7196,2651,6348,9722,5395
3313,2010-06-20,2010,6,20,1212,8592,4963,5452,1056,6854,4038,8840,1663,6865,4601,4808,761,8754,151,7489,402,9540,8692,9458,96,5627,4866
3314,2010-06-23,2010,6,23,2228,5,1502,1908,8827,3121,921,2347,3228,3371,6827,5813,5935,4729,9342,1372,588,6209,96,3668,3436,355,4707
3315,2010-06-26,2010,6,26,928,8571,6397,3036,5494,6435,5444,1607,1418,4672,6048,3332,4561,8598,2409,9088,2643,9986,6531,3561,9087,1528,8168
3316,2010-06-27,2010,6,27,6335,9136,6652,1005,7940,921,2860,1183,2692,6306,8217,2949,8780,8160,2561,8414,5107,5782,1433,1532,8130,5055,6343
3317,2010-06-29,2010,6,29,595,6006,1904,5647,844,9981,4609,1091,1610,5526,769,9383,8990,2411,23,2158,4632,396,1237,749,3025,7714,9047
3318,2010-06-30,2010,6,30,8502,2100,82,1081,8117,5028,3523,5583,5456,3568,7103,9715,5538,157,3243,276,6553,4850,5334,7720,8817,4033,6286
3319,2010-07-03,2010,7,3,2755,5747,9828,1011,9183,1312,9479,4146,1324,8732,560,5337,7735,9190,9714,9256,1340,4215,7017,703,9919,3737,6635
3320,2010-07-04,2010,7,4,3633,9598,796,9704,5959,7005,509,3401,9863,1381,5262,7618,4254,3366,3062,2488,628,7453,8381,5046,4926,712,9416
3321,2010-07-06,2010,7,6,8201,4419,5316,6808,3529,6924,9987,9077,2868,1191,1613,764,1450,1207,5707,5134,2346,9708,6068,9010,6333,8676,6015
3322,2010-07-07,2010,7,7,2585,2710,8855,4375,1975,3775,1708,8018,9409,3959,315,8892,2300,8525,1898,9527,1161,8611,801,8903,5588,4412,8273
3323,2010-07-10,2010,7,10,4856,0,8068,7682,4690,6359,1267,3067,1540,7804,7648,5878,1868,2327,4486,7077,8540,9147,5343,2643,4273,5391,7296
3324,2010-07-11,2010,7,11,1429,8505,5948,6994,7323,4631,6061,4165,2281,7659,9453,8670,2785,8686,4513,1669,6498,4206,7646,4969,7364,9699,1560
3325,2010-07-14,2010,7,14,5639,5729,6860,6250,2443,6701,8041,328,3145,9319,5848,2875,3585,2159,4993,4750,1485,6298,9160,1712,972,1154,7352
3326,2010-07-17,2010,7,17,9650,5521,969,4718,6026,2892,9870,8765,2982,492,4757,1659,7547,3040,1736,3683,1978,9947,4203,642,3003,2023,6437
3327,2010-07-18,2010,7,18,6756,8131,8382,3731,7702,5267,1946,2503,422,8540,398,533,8845,7276,1182,7752,6412,1058,2681,9858,2158,3035,2565
3328,2010-07-21,2010,7,21,6130,3179,6701,5853,1175,5475,7886,978,763,746,6314,364,9958,3780,4682,4217,1849,8874,1794,2807,1403,8843,272
3329,2010-07-24,2010,7,24,4649,8214,6856,2495,8058,9683,6292,4809,6742,4192,1744,9736,8019,7004,6721,9045,2400,1034,2238,3114,4655,5325,2501
3330,2010-07-25,2010,7,25,9778,9395,9653,7589,5780,941,3239,9965,7712,1147,2517,6188,4754,4045,7115,5390,1831,3847,6892,6751,5155,8470,7213
3331,2010-07-27,2010,7,27,6408,3285,4163,5320,3333,6669,6444,8226,2707,9809,4443,424,5418,7699,8531,5403,2948,3917,2802,2978,6712,1435,9538
3332,2010-07-28,2010,7,28,2068,6141,8638,4757,4438,7988,1050,9251,5458,2226,6307,9560,1221,4969,2217,6137,1044,22,1454,3626,6709,4573,8953
3333,2010-07-31,2010,7,31,618,182,2503,7234,4209,7800,9311,3935,2519,6982,7306,3423,7290,6491,896,4688,6449,2143,4808,4408,7828,6114,8041
3334,2010-08-01,2010,8,1,1408,5691,6421,2265,215,3536,3071,9907,6311,3222,1067,4512,9025,4343,2241,5877,1655,6354,4380,1029,6203,9628,4322
3335,2010-08-03,2010,8,3,6766,8769,9249,9781,6522,8849,7460,6982,891,7216,9158,4952,960,3524,348,6626,5778,4581,400,7128,702,9948,4169
3336,2010-08-04,2010,8,4,8265,7165,5713,5749,4360,3106,572,6758,3739,4317,7314,1996,1983,7289,7801,7742,8252,3539,7632,5053,739,9639,5912
3337,2010-08-07,2010,8,7,4358,2891,9104,3222,4346,8440,5080,1810,767,7941,9955,8134,7244,872,7371,4803,3847,2551,6348,9901,9632,2516,7344
3338,2010-08-08,2010,8,8,2840,856,6350,4113,4009,5531,6011,7185,1324,3778,5508,1002,738,284,4085,5083,5234,6093,1396,7896,5851,4375,4038
3339,2010-08-11,2010,8,11,4508,4483,1075,5882,3188,1709,3977,5268,2089,3144,9398,7447,3840,2447,8414,2938,4604,9828,9351,3500,7188,4584,2424
3340,2010-08-14,2010,8,14,2485,4897,6605,3846,468,1379,6831,9692,2571,9672,7683,6929,7691,4724,3704,147,4649,9407,7644,3698,4806,9998,9117
3341,2010-08-15,2010,8,15,9838,8240,5191,3092,607,8677,1199,9392,6362,3144,5032,5623,7385,7663,6940,1058,5337,9597,4419,3931,5879,9907,4482
3342,2010-08-18,2010,8,18,1776,6004,2085,6938,9055,6189,7549,8458,7748,4867,6477,7676,3411,5293,7591,8771,2597,5921,6951,6758,3038,3108,9239
3343,2010-08-21,2010,8,21,3481,6484,4877,9206,1864,4990,6005,5779,2012,9448,5454,3564,2039,2658,1074,9661,8929,2279,464,1489,2214,5440,3173
3344,2010-08-22,2010,8,22,9286,2374,9874,9969,4508,17,7203,1950,1508,5167,6245,4445,2726,6691,7993,8909,8306,9850,5804,6131,7442,9789,391
3345,2010-08-25,2010,8,25,1283,6332,486,211,5164,9921,5546,8014,653,5167,8308,6328,6471,3287,5179,9239,109,6272,9869,8148,2663,4303,5247
3346,2010-08-28,2010,8,28,4280,8759,7920,5930,9169,609,8277,6054,7746,7454,867,6825,4944,4368,2739,9175,2669,9654,724,7244,5254,7890,9372
3347,2010-08-29,2010,8,29,9609,7180,6882,4341,6126,344,5743,5199,7048,5622,5130,5051,2405,9688,3823,6504,4274,9284,4040,3036,506,4852,698
3348,2010-09-01,2010,9,1,4302,4430,7132,7587,8510,3918,4723,2308,5235,9127,3703,2756,7015,1442,8231,4495,1905,6636,6203,4776,3773,9165,1892
3349,2010-09-04,2010,9,4,5080,7034,7925,6317,3936,3895,7896,6562,2126,2715,5452,9588,7218,935,7803,9297,4814,1502,7269,805,9520,4787,9276
3350,2010-09-05,2010,9,5,5147,7927,2959,3319,8443,5959,4980,9347,3070,601,8231,1712,4204,7250,3398,467,2009,6897,831,8673,2771,3890,6341
3351,2010-09-08,2010,9,8,9745,2632,7866,7320,9947,6944,7046,84,6049,461,1796,5418,7573,3537,84,9349,1695,9178,2247,1559,2608,2531,7282
3352,2010-09-11,2010,9,11,9594,7174,485,9170,8999,724,9598,368,4563,675,4196,6206,5439,362,2238,5263,994,1025,8827,1237,9634,2561,4521
3353,2010-09-12,2010,9,12,2071,5653,7162,8178,2495,527,9646,5414,411,3714,2710,6790,3657,3971,7527,3663,619,5876,4098,6286,2294,1657,9282
3354,2010-09-15,2010,9,15,81,6772,9990,4111,8461,1036,8271,377,2789,5455,3203,8190,1250,2913,5489,6931,2399,7328,8634,4849,5451,7227,1840
3355,2010-09-18,2010,9,18,9365,5766,7829,4436,2051,8680,1318,3204,4289,8425,5200,4187,4816,8303,2089,1120,3637,5979,289,8763,69,3220,4097
3356,2010-09-19,2010,9,19,4332,4279,7058,9029,5990,9053,4078,3462,4029,5454,1436,544,5595,1361,9484,772,8612,6556,6668,8247,9788,7680,6382
3357,2010-09-22,2010,9,22,427,7440,686,8064,8663,2403,8531,6836,5844,2839,3874,2614,35,9427,3280,7733,3738,4542,8783,8929,2154,7162,4774
3358,2010-09-25,2010,9,25,2332,2513,7136,6968,2219,9233,1429,3562,3912,767,7952,7799,28,9306,4374,8962,5997,6429,1498,6345,8963,9774,6972
3359,2010-09-26,2010,9,26,8600,1287,8840,8813,8164,5069,8893,6917,1344,1830,9491,8111,7251,2557,4741,8155,5747,9524,5857,4760,9103,5671,3204
3360,2010-09-28,2010,9,28,8252,43,9341,8988,6679,2052,5664,3309,3965,8309,4758,3977,502,7195,1173,2333,448,9240,9657,542,5990,1478,9012
3361,2010-09-29,2010,9,29,1442,7103,9593,8591,1266,7241,6047,1539,6230,9639,7918,3163,3611,3198,2108,6246,7719,4749,3437,8983,5737,348,2948
3362,2010-10-02,2010,10,2,161,1853,1491,704,7101,5773,5714,1521,8500,9571,456,945,9361,3012,6766,3823,6889,4096,532,6628,757,7007,2601
3363,2010-10-03,2010,10,3,8632,4925,835,5427,8364,8401,4911,4868,882,2317,9192,5266,9454,3391,3884,5832,6794,2078,404,4520,6676,9612,1097
3364,2010-10-05,2010,10,5,2441,8078,3874,7642,9810,8417,3353,5341,4049,1079,338,8504,1178,9046,4587,4553,9797,5496,1343,4887,4347,9228,5151
3365,2010-10-06,2010,10,6,1679,9788,429,9113,6248,3146,347,920,7924,9902,7328,6381,9472,2667,2326,9783,4330,9509,4949,7751,3580,9830,270
3366,2010-10-09,2010,10,9,1854,2443,9800,2260,6688,8536,6679,9113,967,4600,9120,1981,4010,9246,6807,5802,1237,7049,5811,3734,4162,391,3383
3367,2010-10-10,2010,10,10,6222,2375,6182,9972,2196,3400,5616,9527,7001,9492,7818,6619,2744,6692,9588,9083,597,3543,6310,4498,2307,4491,5703
3368,2010-10-13,2010,10,13,4320,5278,7113,1796,3606,568,6314,1809,1120,6112,1989,4181,9175,4602,6186,5355,5596,8512,8974,5203,8054,5471,1513
3369,2010-10-16,2010,10,16,9615,1888,9132,7879,1431,6184,7687,146,9806,4995,2377,8963,5591,6557,3803,5562,6296,7814,1765,8636,9693,2990,5246
3370,2010-10-17,2010,10,17,9481,6478,4060,8195,1075,9496,2137,4480,3807,4311,2930,9942,7800,7428,4901,8445,7089,6161,9892,9947,6952,7395,8291
3371,2010-10-20,2010,10,20,6477,2113,64,6075,2739,2794,6253,1413,5659,7234,3686,1711,8879,6069,7566,9321,223,7543,2908,1076,38,7920,8510
3372,2010-10-23,2010,10,23,6682,74,3830,6834,5990,7608,2715,2213,1681,357,8550,201,892,1602,707,5663,9329,3875,5522,3952,2059,2501,5901
3373,2010-10-24,2010,10,24,5778,7689,4848,3816,7210,9462,383,6084,8290,1946,8011,5710,7215,1685,1140,4441,2538,4248,8980,3825,2906,6821,398
3374,2010-10-26,2010,10,26,8836,7870,1570,592,2346,8371,3312,4514,4593,5461,6982,9519,3116,8650,5849,1886,4009,9644,6939,5576,4739,5942,1895
3375,2010-10-27,2010,10,27,1522,2933,2569,773,4067,7770,9349,6621,7631,4407,2734,5373,148,6858,8276,8639,2607,1323,1803,5608,232,8176,7326
3376,2010-10-30,2010,10,30,3684,6929,9229,3405,8224,6096,2629,5402,7496,6545,3775,4481,5707,7325,1464,9956,1719,7294,4975,5640,1769,396,1801
3377,2010-10-31,2010,10,31,267,6138,3984,6439,9042,2447,1033,4,5161,9832,4354,1429,120,1005,6831,8735,9313,1150,3594,9299,728,419,5262
3378,2010-11-02,2010,11,2,2276,2969,4286,2801,4267,4953,5204,1330,4173,7405,9416,2145,3832,2546,6091,245,7966,1512,2362,8265,5576,9434,3353
3379,2010-11-03,2010,11,3,5002,3727,3790,8589,3096,4303,7178,114,8750,3439,1488,8060,3953,740,4973,9588,4693,8472,4471,3033,8722,4707,1861
3380,2010-11-06,2010,11,6,5360,7794,8971,4588,682,6840,7780,96,8232,514,8656,507,6444,385,5758,7015,1275,1590,7150,4005,3954,6688,7645
3381,2010-11-07,2010,11,7,8844,2996,2296,2778,5140,9005,5115,579,9846,1988,2325,3443,4784,9318,1479,8772,5461,7316,8711,6493,9558,2737,6349
3382,2010-11-10,2010,11,10,944,2526,5352,4436,164,699,2086,5287,9338,3494,8679,5041,2476,9405,8616,7008,8834,5335,1299,6254,4795,584,7997
3383,2010-11-13,2010,11,13,6733,3453,6818,2019,6969,7709,2645,7442,5094,722,246,3617,9445,9511,7735,3973,8209,6874,1663,866,2828,9323,2610
3384,2010-11-14,2010,11,14,7952,2357,359,4196,832,9859,6521,4393,1660,3258,8375,1693,8404,8773,9067,8888,8101,3268,2679,3868,8258,5934,1409
3385,2010-11-17,2010,11,17,4789,2324,9918,1622,4808,1948,15,5063,2613,3134,2160,1026,9663,3525,4282,8467,690,6070,7207,4396,9886,4111,8097
3386,2010-11-20,2010,11,20,1456,4681,2238,3589,3099,7955,4984,3959,919,4392,9507,8352,1150,400,7370,2745,788,4116,4168,6787,5297,1023,2506
3387,2010-11-21,2010,11,21,6424,2964,6141,8111,9917,1859,6745,5321,9074,4203,6567,7737,3969,109,7461,7336,2676,2101,9300,5380,6923,399,6486
3388,2010-11-24,2010,11,24,9761,7740,7020,2165,7253,6763,3024,700,5814,3538,8276,4315,1761,4186,2570,8994,6390,783,1480,2991,2903,5589,126
3389,2010-11-27,2010,11,27,7634,4503,8840,1441,8879,4191,3258,2055,3984,3191,7372,9525,7463,11,5300,199,1658,6298,9555,7835,8716,6355,6758
3390,2010-11-28,2010,11,28,7146,4,7587,9813,7380,6133,3530,9601,8268,8599,5869,9756,8787,8241,2027,7229,4586,3068,5765,1323,364,5799,4838
3391,2010-11-30,2010,11,30,5575,817,3346,8019,1985,4022,7628,1003,8235,4161,2966,4859,2832,3301,1193,2166,2631,2061,2191,6360,4734,2736,3586
3392,2010-12-01,2010,12,1,8751,2024,8416,3421,1217,6915,8463,3001,8761,4533,333,238,1833,4315,4855,3608,8013,4,9418,1198,9432,7679,1428
3393,2010-12-04,2010,12,4,4681,8540,7365,1450,5972,1096,4353,2592,455,3552,3510,5661,4671,354,1748,8923,6876,9564,7119,1576,9241,7694,1219
3394,2010-12-05,2010,12,5,7118,8322,3832,7706,2650,3506,5811,7011,9691,6596,6129,7223,3055,925,7218,3470,6585,7196,4384,5777,6075,3969,301
3395,2010-12-08,2010,12,8,8753,8536,9429,3988,3180,564,2517,1805,3099,539,7324,3443,9325,8993,2686,5999,67,9448,9892,7324,4514,4834,3376
3396,2010-12-11,2010,12,11,6906,2429,4859,8238,118,6668,253,2864,4600,8141,4690,146,8636,8395,9598,1720,8856,816,8845,6992,3142,7016,659
3397,2010-12-12,2010,12,12,8057,1741,2547,8075,1505,5710,4226,4641,1388,9888,2456,3934,4271,3443,7101,5378,6162,1621,3102,7903,9426,369,3425
3398,2010-12-15,2010,12,15,9130,6934,5817,7114,7993,3642,7811,7637,9427,143,1568,2618,6210,8876,5239,7709,8558,4666,6076,7626,2723,4356,9376
3399,2010-12-18,2010,12,18,2655,6460,5273,5297,2168,365,7103,3648,437,8644,7099,8502,7858,4424,3501,9623,3088,8270,2752,4698,968,1394,2312
3400,2010-12-19,2010,12,19,6874,3857,4739,3917,3345,4372,5109,2277,7723,8086,423,5686,2843,844,7775,1436,3175,8897,5024,394,7684,9612,5227
3401,2010-12-22,2010,12,22,3562,7556,3991,4786,9654,1571,8705,9149,747,2013,7436,8994,7705,696,2406,516,9680,6487,4859,2243,5945,505,2693
3402,2010-12-25,2010,12,25,457,1830,973,6595,8052,4778,8271,6298,4216,6405,7157,4843,3429,8789,9283,4461,1545,4662,4790,7175,4383,3865,6782
3403,2010-12-26,2010,12,26,7385,1615,7152,6276,5432,9444,8431,1831,6332,4518,5211,5944,8530,154,4989,9038,5199,3249,5645,6216,446,5407,7205
3404,2010-12-28,2010,12,28,7261,510,2631,7559,2665,8080,3685,2742,8701,8072,8851,6336,7930,5265,4922,7814,3219,8668,1452,5999,5312,8170,1605
3405,2010-12-29,2010,12,29,3921,2776,7883,2757,6375,1159,1449,3407,3477,6034,618,3584,6534,4590,9824,4737,6361,4848,431,9968,3421,2343,6395
3406,2011-01-01,2011,1,1,502,4375,7582,9349,2683,6330,9301,7269,7636,638,3772,8463,818,3581,4285,4239,9639,8181,6612,5981,8661,138,8300
3407,2011-01-02,2011,1,2,10,6097,8712,5695,7465,2824,7415,9988,8302,2611,69,6900,8507,8737,8603,3355,5315,7675,6240,9367,2066,2319,4558
3408,2011-01-05,2011,1,5,9036,4610,3763,1988,1835,4568,7673,8257,2441,3391,7744,8991,6532,2067,9829,3750,9039,8072,1894,7265,9679,8683,5392
3409,2011-01-08,2011,1,8,5762,9530,628,8754,4774,7028,8286,2969,7629,6065,4400,9001,9053,6334,8988,9616,4854,5336,2446,1911,9624,5427,3333
3410,2011-01-09,2011,1,9,3602,3089,495,9891,153,6912,8538,7835,4751,2824,1619,4842,1781,5863,6351,4228,6109,7586,6005,53,5234,2915,5409
3411,2011-01-12,2011,1,12,8992,6749,1457,2402,4969,7246,6758,8855,9632,2384,4296,4996,8137,1379,4288,354,6567,4606,8321,944,926,2621,2106
3412,2011-01-15,2011,1,15,7750,5703,1741,3257,5037,4022,5847,2923,1223,6609,9747,7109,8491,9104,3800,864,3983,3281,1299,1187,8907,7776,788
3413,2011-01-16,2011,1,16,2447,3487,3252,5687,2603,245,8902,4271,4364,6153,3559,7681,133,480,8575,2007,753,3449,2950,9347,543,5078,544
3414,2011-01-19,2011,1,19,1574,2750,6131,9900,8066,937,1860,7242,9290,5694,3588,4074,7073,8061,3271,4938,5161,5,3446,9950,2370,6703,3987
3415,2011-01-22,2011,1,22,7321,5471,7079,3773,3695,6677,8749,5141,192,389,2261,2833,4543,2551,4707,450,5647,4587,288,9389,2718,1364,1458
3416,2011-01-23,2011,1,23,5881,8130,5165,9254,4220,1485,4346,5512,5919,9769,1009,3346,7916,1067,4012,2915,8653,4683,1342,6216,534,7590,1841
3417,2011-01-25,2011,1,25,5649,140,3851,1054,4532,1770,2610,1128,4747,9839,3129,8178,3886,3879,8027,8559,8533,2821,7827,8304,8519,657,2782
3418,2011-01-26,2011,1,26,8998,9720,4075,2979,1802,3311,228,8182,3303,8702,1305,2700,1008,823,8541,2264,8057,6102,7609,4809,4361,5426,1096
3419,2011-01-29,2011,1,29,310,1434,2551,2103,619,6749,1393,5624,8232,2600,8115,8052,6946,5244,3679,23,2794,3144,347,9004,7839,9604,5654
3420,2011-01-30,2011,1,30,9047,8718,815,1224,8412,7767,7581,6962,6263,3689,7427,9045,6975,6010,4538,9102,6493,8915,8703,2568,5524,4638,4831
3421,2011-02-01,2011,2,1,8342,4331,9454,9587,9386,8363,3211,119,3609,7942,1879,1628,3048,7615,2661,7204,1174,1935,2386,4212,3837,270,6532
3422,2011-02-02,2011,2,2,9821,2519,680,9109,7613,6906,5310,3167,5342,5368,9490,1843,7355,8769,6298,1390,784,5939,4459,295,6630,4494,3321
3423,2011-02-05,2011,2,5,4614,7048,2647,1074,3371,6067,5747,7892,4688,6868,1213,5841,1632,1520,3288,699,6451,2398,3553,5942,5952,3831,8815
3424,2011-02-06,2011,2,6,4482,6181,4752,1165,5736,1859,1218,7093,3647,2147,9315,966,1666,9947,6496,555,3875,7131,6582,4935,3064,8756,8435
3425,2011-02-08,2011,2,8,6379,3030,6631,2939,756,7931,5131,9180,5606,468,1303,132,5124,9877,1087,8119,4735,5286,3027,5795,6359,4305,7501
3426,2011-02-09,2011,2,9,6533,9051,8032,9772,3223,1054,2493,2520,4832,4543,2282,3112,6191,7711,9795,9881,7890,6071,4096,1839,2362,5310,4467
3427,2011-02-12,2011,2,12,2889,3305,6858,2613,5180,6164,1891,2019,83,2684,5160,8355,538,6266,2579,3768,4288,6698,3301,5878,5997,4281,1520
3428,2011-02-13,2011,2,13,5493,711,2544,1283,7806,4117,4486,8957,2009,767,1128,8669,3884,8009,9221,2284,7466,7450,4897,8254,2721,3096,3934
3429,2011-02-16,2011,2,16,245,7464,239,3155,380,3349,9106,5675,5772,4894,6177,5403,5745,4987,4247,1182,2380,8637,9632,2128,6843,3135,3585
3430,2011-02-19,2011,2,19,9533,6129,7611,80,1918,7743,635,3497,5254,4913,4249,6000,2250,4290,7202,83,167,1858,5042,2331,1134,7423,1608
3431,2011-02-20,2011,2,20,2145,6398,219,4111,6504,1151,6104,4978,4034,3007,843,9440,9392,7924,5152,3527,4910,2847,1123,7435,5169,9854,6455
3432,2011-02-22,2011,2,22,6118,6515,8496,2742,9526,6129,5771,5748,4426,2928,2028,4383,3006,9729,832,1958,524,9450,294,1817,8913,7208,5172
3433,2011-02-23,2011,2,23,9186,8928,5953,3340,3867,6650,469,8009,6148,8612,3143,1496,3381,6489,3836,707,8818,4382,377,8581,9780,6989,8876
3434,2011-02-26,2011,2,26,8854,3981,2132,6716,8737,3041,2970,6346,5193,2163,6331,55,3862,3628,7246,7043,3937,7603,1835,7333,1572,9168,3547
3435,2011-02-27,2011,2,27,5029,641,1347,8142,5730,3522,9447,2980,7330,8506,9114,2081,9322,6583,3131,6343,2792,2000,2498,7744,5307,7969,8910
3436,2011-03-01,2011,3,1,1341,5810,1662,6436,7852,7298,1532,408,6889,3121,647,7003,9690,181,488,2055,7413,692,8184,9895,4574,1733,3833
3437,2011-03-02,2011,3,2,2765,609,2725,4268,5952,3019,6939,6739,8247,9933,2050,4396,2513,6542,1905,9831,5269,6096,3292,1810,3998,5915,5806
3438,2011-03-05,2011,3,5,9983,770,7191,8175,8160,5724,9945,5377,9392,4300,4648,3893,7933,8863,3515,6421,5059,8186,3954,3514,1594,4709,9704
3439,2011-03-06,2011,3,6,4079,9985,7607,258,9271,1699,8160,4053,4424,4327,1451,9166,7753,4095,9568,1893,4090,7817,7840,3750,770,5083,3301
3440,2011-03-09,2011,3,9,9112,3266,585,4616,7933,123,6691,7144,4265,9607,2591,6883,4833,2143,1042,6295,8570,2267,2285,124,311,8363,4095
3441,2011-03-12,2011,3,12,4032,9402,4671,5386,7309,9132,8667,4485,8290,5037,2065,4646,3266,4783,643,4511,8973,9308,2033,8500,3087,7374,1039
3442,2011-03-13,2011,3,13,7298,4871,4836,8646,5771,3568,359,253,7468,5549,6869,3100,8551,3142,843,9894,9420,6975,6310,1512,7663,7655,4623
3443,2011-03-16,2011,3,16,809,911,4160,7037,6959,6389,9507,8998,2885,5974,3182,246,697,2619,3062,8952,287,8004,3156,98,1748,8948,6521
3444,2011-03-19,2011,3,19,6472,5998,7998,9757,3479,7016,8331,1607,2814,8905,3974,3102,6785,7104,1916,1119,7888,1708,4543,5902,3482,1825,7989
3445,2011-03-20,2011,3,20,9574,4999,6096,1532,683,2381,2196,64,2433,7029,3955,4025,925,1708,7041,2494,8492,9466,2519,6565,4592,2168,2848
3446,2011-03-23,2011,3,23,8554,2857,5114,6965,106,1953,7837,388,6188,3723,1958,1140,2332,8012,5146,1687,8263,4906,5578,7275,5440,1248,6549
3447,2011-03-26,2011,3,26,549,8658,5895,8044,8219,3362,2413,9398,2584,9646,6391,4966,8113,1130,7437,3632,5945,1485,5090,7260,3343,5536,9227
3448,2011-03-27,2011,3,27,2226,2677,8262,535,2059,5186,9774,5959,436,6459,7584,9639,8334,4197,3514,5620,3741,6192,2017,3966,3500,7438,2785
3449,2011-03-29,2011,3,29,7232,8123,8466,1534,309,1184,4069,7437,7369,4088,4105,1447,7851,3115,6038,3651,8810,1712,3557,4662,1174,9664,4354
3450,2011-03-30,2011,3,30,3431,2913,9769,2053,9202,3678,9700,414,4614,8452,8065,7975,5503,4407,9599,1482,5897,6418,6967,9,5333,7292,8062
3451,2011-04-02,2011,4,2,1311,8461,9890,7510,2894,7348,1492,221,69,3432,7351,9353,1777,5248,7701,2424,9637,1763,3173,3249,860,3713,2145
3452,2011-04-03,2011,4,3,6617,1526,9100,1759,4189,9208,3715,9283,1821,1801,8391,8630,4806,7829,2512,7735,6656,8660,5578,2057,7,5395,8733
3453,2011-04-05,2011,4,5,5836,8476,2886,389,4909,2971,9687,7312,6379,8500,8558,9994,9334,3705,8289,8728,5861,4027,8177,3103,1683,9217,7788
3454,2011-04-06,2011,4,6,4578,1007,8108,8317,3097,2381,9723,7459,6516,676,163,6358,2113,6250,663,8136,3930,748,4512,3115,3263,4291,769
3455,2011-04-09,2011,4,9,774,9004,9563,8278,4685,5732,1258,6949,1643,5370,3371,5375,6111,8947,2400,2862,5878,1796,4605,7421,1606,746,4883
3456,2011-04-10,2011,4,10,2350,1110,1456,6608,1074,1147,6480,996,2354,2880,8511,2046,9296,3862,602,6519,8224,6040,2435,4281,5469,4522,6924
3457,2011-04-13,2011,4,13,687,5349,1545,2813,7470,1118,7831,317,2145,9362,1905,3996,5481,8098,2881,569,1234,9844,2132,8289,8904,1067,6782
3458,2011-04-16,2011,4,16,7916,7786,6913,6754,1308,6572,8871,6250,4643,7682,9564,750,7296,8834,9723,2573,1171,8220,354,5444,5560,9992,2225
3459,2011-04-17,2011,4,17,333,2717,8133,3612,5959,5432,772,8623,7351,5339,4293,7875,3099,9294,2378,3662,260,7476,3817,6089,5350,7253,6830
3460,2011-04-20,2011,4,20,3831,6251,4368,3003,6525,7804,2712,3576,9510,6692,7567,8723,70,6334,4253,1225,4972,4582,3581,1977,126,1983,4668
3461,2011-04-23,2011,4,23,9937,7113,4173,7798,6245,147,8841,3146,7951,9250,7919,3690,7676,2618,1703,5190,9632,5987,5715,1311,1943,7177,6359
3462,2011-04-24,2011,4,24,3093,2487,1518,6071,402,6713,1697,4555,2033,4146,7670,4217,1296,9844,9752,9592,2229,8495,4080,6498,1813,8035,3951
3463,2011-04-26,2011,4,26,3443,1480,6582,4407,1186,7767,7828,6572,8152,8212,266,9340,4258,2557,8401,5131,1568,1930,2715,5916,308,8353,995
3464,2011-04-27,2011,4,27,9491,220,9074,1976,658,1786,417,1980,9252,7576,2528,4384,4324,9334,3657,2013,2004,4849,3386,3498,7452,7811,9088
3465,2011-04-30,2011,4,30,7913,2333,9688,3262,1053,2285,1747,9018,6261,4113,3409,4700,5213,4948,9283,1222,3791,2240,6413,9827,1595,8060,7865
3466,2011-05-01,2011,5,1,8775,265,2145,4412,2614,4412,6627,783,8592,7890,944,4814,185,205,7267,2594,4587,5363,4394,9975,1237,967,9419
3467,2011-05-03,2011,5,3,4019,360,9547,2372,2952,3323,34,9795,5658,930,1876,6043,927,1339,8344,5171,7086,6075,2289,7538,9156,7710,114
3468,2011-05-04,2011,5,4,9954,9966,8681,5531,4525,6972,1766,1491,8503,5806,1068,8158,1726,9070,570,2018,7803,3465,8666,9108,5105,8472,9965
3469,2011-05-07,2011,5,7,3398,4766,4437,2457,1912,9249,2642,7483,5817,4820,7624,3112,1172,5193,841,2200,8128,5469,8070,7942,5119,2321,6807
3470,2011-05-08,2011,5,8,3257,3099,8236,4073,2467,7456,8760,642,4035,3808,3523,2219,100,3447,5183,3079,12,3748,9508,1731,3296,9236,1817
3471,2011-05-11,2011,5,11,1097,6150,4040,1772,1297,2903,9484,450,430,5372,4106,5145,7220,3481,943,2670,1995,1176,1108,9476,5760,4654,6962
3472,2011-05-14,2011,5,14,5712,8521,1095,7788,9058,4143,6519,5312,9582,5301,6810,5534,3702,4342,8955,1716,3383,4095,3199,4988,1002,7886,4761
3473,2011-05-15,2011,5,15,5950,2832,2083,2943,3639,8023,9569,6271,1054,4554,2104,3008,6236,8504,5135,7729,8271,5672,942,940,4845,8381,6584
3474,2011-05-18,2011,5,18,1821,686,1464,6051,3774,1561,2161,9370,6907,2188,9555,6256,510,2373,8057,9450,738,9076,6091,1812,9704,9845,2675
3475,2011-05-21,2011,5,21,4270,9723,1582,6014,3859,7909,4013,4733,6877,6891,9386,9971,2337,8765,1073,7417,991,6283,2422,5046,1869,5215,1236
3476,2011-05-22,2011,5,22,2622,5617,2522,204,3578,424,5010,8614,6921,44,74,800,7946,7215,862,8439,9520,6236,4232,5077,2887,916,1374
3477,2011-05-25,2011,5,25,4192,5284,8323,725,9356,4957,9339,8795,8382,1236,2725,6487,3598,7597,5941,2021,3008,4934,3757,4917,9970,1149,6394
3478,2011-05-28,2011,5,28,934,3255,4906,5056,4154,4446,3604,2313,7580,1029,1594,6477,4369,7623,6493,1756,3820,1135,6655,7240,2296,4716,6362
3479,2011-05-29,2011,5,29,2452,3100,548,1762,1259,3392,8018,8096,4186,2821,5585,5913,9213,1155,5830,6761,5200,4459,7605,4730,3546,3085,5160
3480,2011-05-31,2011,5,31,8570,3111,473,7783,3215,1146,9185,1756,949,1271,1659,8891,3361,6414,1243,4559,9755,7468,8878,2648,5449,7074,7259
3481,2011-06-01,2011,6,1,8425,9465,5246,5936,1176,4850,9557,7772,1322,8659,7130,2099,1837,4753,2991,726,8624,1997,8321,6550,3004,8407,2443
3482,2011-06-04,2011,6,4,9992,1173,1706,6429,1216,6693,2275,5288,4771,2061,5093,7823,425,8291,7794,135,3459,1409,1028,6230,4333,2507,8377
3483,2011-06-05,2011,6,5,4505,3850,3158,7987,9466,8679,3779,3218,563,2806,5129,6055,6824,9593,2191,420,5809,7363,1981,4884,7571,2405,7899
3484,2011-06-08,2011,6,8,4374,8224,1878,8145,4703,6424,8908,4227,5716,4207,6711,1622,7125,1833,968,9760,1069,2779,1247,1660,4252,8296,2489
3485,2011-06-11,2011,6,11,1627,6824,5554,1444,8127,4333,8930,414,2977,6398,2690,1908,1357,3080,3925,616,8736,1480,239,1463,8941,7850,8467
3486,2011-06-12,2011,6,12,589,3054,8847,9627,5690,2749,2293,9675,6380,2583,5119,4690,6487,5447,9854,3996,5535,5734,5309,2295,3323,3876,5425
3487,2011-06-15,2011,6,15,4353,8625,6878,5999,8868,8963,6781,3715,9424,3485,2571,8664,7196,3558,9027,3350,7240,2315,9771,4732,541,3305,646
3488,2011-06-18,2011,6,18,6172,8228,3878,5146,1839,9361,1100,8032,252,4774,3643,3585,5374,9195,5520,7145,3387,4301,9668,6310,2572,4356,1042
3489,2011-06-19,2011,6,19,6259,1024,7719,625,9997,7703,4594,3873,9174,3765,392,3825,1794,7607,6254,1121,386,382,2928,9073,6722,5967,7650
3490,2011-06-22,2011,6,22,7929,1278,5807,4283,9096,923,2898,5526,5471,5519,9317,1321,4975,2591,2040,8358,4374,9659,5473,9887,1753,3575,2777
3491,2011-06-25,2011,6,25,4881,9591,6752,4488,6487,3401,7205,8419,7292,1906,3063,5223,8082,4369,5027,981,7672,2939,8819,4272,3399,5115,8394
3492,2011-06-26,2011,6,26,7361,5369,5740,4668,7606,1214,947,4090,3042,6410,2423,3109,8067,2438,129,6764,1397,9107,9262,514,5,7164,7405
3493,2011-06-28,2011,6,28,3015,9681,3973,8821,2367,8392,670,1778,7588,1481,7262,5827,1698,3803,1793,2877,9302,533,9290,4312,3168,4953,6455
3494,2011-06-29,2011,6,29,1802,7958,6478,9761,4013,7972,790,6368,4390,5437,1351,3431,3958,7780,7876,6349,4202,4487,7584,9237,6625,3523,1980
3495,2011-07-02,2011,7,2,3543,6355,5339,884,6234,1135,1792,8646,3580,8527,8153,829,273,6196,959,3731,9966,1390,9467,8808,1775,1704,1143
3496,2011-07-03,2011,7,3,9428,7185,2652,1706,8350,1267,4860,4376,930,3733,5804,6368,4187,4677,7046,926,2055,8302,319,1299,6642,1932,4808
3497,2011-07-05,2011,7,5,793,1931,4882,4642,1251,7819,5554,6029,4730,397,9327,1868,3037,7636,2885,3437,1759,8319,8109,3130,5453,3658,2610
3498,2011-07-06,2011,7,6,6720,3589,570,7195,7079,4036,8210,9846,8874,9770,2861,7776,7734,8704,1747,1435,9374,9920,921,200,3179,2298,9302
3499,2011-07-09,2011,7,9,809,3010,6974,5548,8432,6464,1990,1799,2461,2120,7556,1902,5754,4855,6650,9585,2490,9765,2363,7878,9339,7481,2115
3500,2011-07-10,2011,7,10,1412,1610,8131,7611,5040,7872,5185,587,2321,1276,800,7999,3764,2363,9172,7065,679,3596,9567,9126,6108,9847,926
3501,2011-07-13,2011,7,13,4232,4276,2909,5338,9699,7274,1939,2574,2881,1477,6684,2241,1490,3353,2002,7965,5075,7145,4295,2626,8646,9991,8458
3502,2011-07-16,2011,7,16,8487,2918,4252,6760,17,47,1432,5165,8822,3713,2363,4796,9811,9510,2549,4927,1183,2739,2889,6894,6317,4921,1790
3503,2011-07-17,2011,7,17,9328,3372,9448,4883,8421,4924,1438,8780,9398,9138,6330,1178,8306,7200,4527,2886,3933,6217,3877,1836,1439,8292,8980
3504,2011-07-20,2011,7,20,5886,9062,8295,7150,7182,4361,9963,4817,7794,3490,251,3354,8250,7212,6071,1875,9594,598,5444,533,712,9886,4863
3505,2011-07-23,2011,7,23,4092,8668,7961,8824,9298,6233,9510,3975,2029,2829,7020,7588,3325,2162,7824,6824,954,6450,7826,5597,6257,4808,4990
3506,2011-07-24,2011,7,24,7742,2300,7258,4634,8636,1460,5,1639,6531,8931,6412,8743,8523,5177,5330,7797,4515,7059,4930,3216,7778,4595,4021
3507,2011-07-27,2011,7,27,2531,6985,6059,6610,554,4383,9809,6718,572,4902,5050,9953,6055,2331,7419,9694,9514,9883,3147,264,7600,4613,4009
3508,2011-07-30,2011,7,30,9939,8764,8584,7803,5447,9900,5030,3982,9882,8524,8010,786,9157,1285,5591,9251,2920,6842,3758,5560,5681,5793,792
3509,2011-07-31,2011,7,31,2655,6787,3474,3981,6703,6035,5273,3894,3856,7553,4647,7611,9988,1225,6966,9425,9921,7201,4199,5328,6432,7578,3381
3510,2011-08-03,2011,8,3,4894,1128,3679,3814,3473,4364,4597,564,9571,4176,9304,4650,4465,5152,4911,6007,3081,8825,4206,8017,6360,6260,9990
3511,2011-08-06,2011,8,6,3407,8575,1296,375,1074,3649,4565,2615,7031,178,4944,1710,4271,4397,8354,5801,5899,4701,3761,271,4222,8308,9607
3512,2011-08-07,2011,8,7,5653,3414,2227,7162,6945,8390,5167,899,883,4014,2938,4450,2142,4479,6522,7709,426,448,3831,9897,7685,2666,7210
3513,2011-08-10,2011,8,10,2709,6563,7325,453,9545,3710,7952,9899,8139,4315,23,9063,3939,8314,4690,6756,7702,9728,1973,642,9572,9818,4797
3514,2011-08-13,2011,8,13,4514,6430,722,4885,8376,2748,7490,1159,8928,7739,3507,9592,8808,152,6805,5552,1267,6503,1342,9025,7686,2028,8603
3515,2011-08-14,2011,8,14,9630,6460,1262,8334,6727,4475,5734,3705,5126,7628,2883,584,6168,3140,183,6484,4756,2851,9924,3597,1078,1853,8053
3516,2011-08-17,2011,8,17,3991,7672,8903,1235,2170,10,9699,6991,5958,4932,9209,934,4925,3229,229,4359,4704,496,6509,1261,8389,7119,4987
3517,2011-08-20,2011,8,20,8560,4136,9783,7302,285,3218,6719,5046,4624,1392,9513,7359,9250,9230,429,6512,6022,2018,3291,1165,1126,2805,9891
3518,2011-08-21,2011,8,21,7978,5868,7419,9236,4879,2275,3498,9521,8348,3843,4843,4062,1142,7337,439,5496,1583,399,8132,724,594,5293,1166
3519,2011-08-24,2011,8,24,7149,5490,6164,2578,9753,1303,2191,2199,8104,7336,7493,2506,2494,2122,9856,2320,8241,5783,7283,8585,4153,9477,926
3520,2011-08-27,2011,8,27,9410,9065,5643,1140,1900,1983,9957,9384,9811,7281,5708,1473,3639,4146,1143,1594,5587,8908,1887,4638,2082,1300,2589
3521,2011-08-28,2011,8,28,168,3395,3423,9980,6399,2036,1768,9504,4289,1244,8895,8865,1094,265,8872,5237,6114,9555,5126,3770,571,97,6857
3522,2011-08-31,2011,8,31,5157,1647,405,9139,4261,1549,6728,881,8151,7485,4673,993,3302,6112,3152,5861,373,7368,4912,1127,4170,3794,8019
3523,2011-09-03,2011,9,3,2366,6400,3355,2795,3870,9491,2664,9258,9812,6063,4892,5769,9060,2441,9902,9356,3033,8292,9585,1100,8856,1529,4203
3524,2011-09-04,2011,9,4,4171,8256,5956,7513,3939,3534,4523,4545,9317,2385,3891,4526,4582,1087,2117,6367,1274,547,1477,971,3466,4155,6913
3525,2011-09-06,2011,9,6,400,454,519,2286,4438,1781,5303,6969,4298,5802,4639,4051,1853,1709,8163,2087,7127,3545,1721,2708,149,9953,7501
3526,2011-09-07,2011,9,7,7248,8683,1288,7827,1503,2374,5632,7769,5629,9677,7263,3804,1937,1019,1941,2872,8960,5736,8363,8197,3737,8576,1124
3527,2011-09-10,2011,9,10,1798,993,667,1210,634,5285,758,3007,8777,3872,9901,6952,7081,3160,985,6590,7102,4318,8102,4473,2401,4035,5087
3528,2011-09-11,2011,9,11,9803,6365,6846,8404,57,5159,9991,2933,9363,5921,967,7815,3508,6639,1132,1906,1318,163,6150,5224,3786,4771,7626
3529,2011-09-14,2011,9,14,8055,9559,2636,5081,8525,6101,1914,9401,164,8672,8844,1798,4132,1746,3637,1906,1961,901,1694,5953,4610,1819,7295
3530,2011-09-17,2011,9,17,4851,7147,7868,8222,1225,4512,4807,9230,4029,5818,1278,8748,7224,4807,1348,9335,1669,1614,2900,5003,2959,7850,5827
3531,2011-09-18,2011,9,18,1929,5147,9388,6427,9413,7622,120,2007,521,7439,289,5182,5378,2204,799,8643,4635,9337,2313,8900,231,3673,381
3532,2011-09-21,2011,9,21,6553,4925,2559,3615,7298,4888,4429,2822,8450,4740,4576,2609,4871,2999,8180,6763,7769,8412,4730,7933,4433,1864,7322
3533,2011-09-24,2011,9,24,5283,4959,7305,6368,434,9156,5093,3480,4806,7073,4700,1061,4792,8290,3963,1956,4762,2873,1094,9867,4086,7044,8608
3534,2011-09-25,2011,9,25,1201,3439,2840,3084,6367,3904,1108,5135,7827,1306,8085,6761,9982,7413,5682,4639,3255,4854,2966,8665,9183,1700,6371
3535,2011-09-27,2011,9,27,1480,5370,4932,8349,1539,6986,4784,6123,3666,6321,7567,1215,6510,3416,1992,3301,5452,9614,5625,2749,1502,7368,7143
3536,2011-09-28,2011,9,28,2279,4374,2794,1701,4241,1949,3252,3569,7547,3522,9846,2810,3336,7613,4591,2225,7446,8979,6901,1195,1604,6400,1679
3537,2011-10-01,2011,10,1,7380,353,7899,2059,7748,7808,3333,2860,6797,3656,6828,8942,1565,0,7089,4777,4525,1128,2520,1794,7909,387,9496
3538,2011-10-02,2011,10,2,2998,9316,8429,6364,5725,2292,9258,7576,1413,2879,1075,7046,6443,2312,3321,9568,5516,2001,2366,687,2438,9444,6145
3539,2011-10-04,2011,10,4,9342,3622,8110,9425,4976,7503,4676,6643,6581,8728,2885,4128,6457,4146,3835,1091,7313,8787,3951,3185,441,4485,479
3540,2011-10-05,2011,10,5,7918,3155,780,283,6155,3598,9421,2782,4697,9160,3659,8707,4681,3538,6019,28,3863,4654,7016,3828,2490,396,5041
3541,2011-10-08,2011,10,8,4716,123,5777,8963,9115,8599,1669,4333,7904,934,2315,4820,4216,1109,8150,6218,9926,3000,4386,5104,9781,527,3258
3542,2011-10-09,2011,10,9,1689,197,7015,5558,1802,2050,3293,422,4208,7996,7364,2562,2586,7128,7673,4531,4484,2314,1044,4015,2453,8734,6083
3543,2011-10-12,2011,10,12,7382,6549,6807,8474,2956,7297,5933,3561,357,2300,2287,1132,3394,6450,905,7452,9409,5475,8995,2160,3648,3097,5473
3544,2011-10-15,2011,10,15,5622,1352,3567,6050,3231,7695,8782,8162,1489,2713,3798,8895,6240,4051,4316,1235,3498,4944,7297,6754,6665,2114,6565
3545,2011-10-16,2011,10,16,5091,5874,9943,1558,8209,2678,5480,6583,6955,2091,2729,6928,8835,7947,3460,1404,8768,8561,8516,2525,7437,9679,5605
3546,2011-10-19,2011,10,19,6528,1030,9891,8730,6439,7539,7902,2441,3058,2923,4024,1587,8866,6681,1022,9812,2749,2783,9366,1148,771,2884,9816
3547,2011-10-22,2011,10,22,6306,6580,3334,5066,5409,3153,9531,9110,4532,4104,2613,9800,1806,6535,7071,1085,3199,9341,1371,1935,9386,2769,6540
3548,2011-10-23,2011,10,23,311,9072,734,3918,289,1092,4083,5864,19,8974,6943,4238,4504,8180,1842,2984,6398,2363,386,6795,8200,5148,8792
3549,2011-10-25,2011,10,25,7596,6684,9901,9704,7044,415,954,948,7459,8012,9963,4735,5568,9853,1260,7838,7158,6304,7956,4598,6595,7434,5985
3550,2011-10-26,2011,10,26,938,7571,1859,5721,9599,9029,5862,5986,5557,6363,8807,1541,1507,2512,5418,9920,4311,7267,1719,9497,7947,502,614
3551,2011-10-29,2011,10,29,3662,6190,8768,8388,6972,6131,1835,1407,9505,9146,5332,2908,9020,4135,2313,8254,9349,6221,3744,3551,1294,2615,8719
3552,2011-10-30,2011,10,30,2796,9443,1410,4099,2759,6628,80,5644,4287,7773,7770,407,685,9770,8359,3824,5258,7994,4417,602,1537,4573,2687
3553,2011-11-01,2011,11,1,6042,730,6828,4129,5992,2342,33,2660,6347,9493,8308,3732,6923,5717,611,6742,4462,1377,8977,7958,7552,7930,5232
3554,2011-11-02,2011,11,2,781,1007,5648,6739,5821,160,7007,1038,2699,8244,2585,8346,7104,3181,7349,244,4826,8290,682,8417,3883,7730,9706
3555,2011-11-05,2011,11,5,4564,1098,6794,9941,7429,7954,4790,9434,6837,9339,3005,7471,3426,1594,5502,2298,7186,8889,6272,6268,9647,3652,9459
3556,2011-11-06,2011,11,6,8139,5572,9626,325,1555,2587,3784,920,663,6881,3949,6265,8425,6748,7822,8081,9009,1832,6002,421,3175,4349,3202
3557,2011-11-09,2011,11,9,8036,6587,1784,1963,6571,4268,1989,2733,1454,8122,8060,283,9107,3512,4174,1094,349,4149,4503,4533,9466,674,7080
3558,2011-11-12,2011,11,12,5773,9555,9098,541,8028,6250,5936,6594,7603,7310,8387,3667,3048,2216,6798,1830,3978,4910,2013,9961,7878,2797,6343
3559,2011-11-13,2011,11,13,9920,6084,8787,6121,8513,2022,8146,9700,9204,6946,6402,5339,1631,2137,4576,6370,3479,7759,1873,5823,4024,2497,3083
3560,2011-11-16,2011,11,16,244,9287,2471,1177,8809,1961,3904,6746,9040,5025,1925,5405,6273,566,3024,9754,8028,7120,8113,8781,3355,7160,487
3561,2011-11-19,2011,11,19,9602,299,2895,3568,788,2845,3758,5941,2287,6782,5696,1926,4737,8410,5211,2882,2129,6202,8164,7372,8020,574,7466
3562,2011-11-20,2011,11,20,4514,3028,7076,8317,5822,1670,7803,4977,6479,9051,6503,1599,1444,9075,5386,1299,8736,5764,6504,9526,7153,7836,416
3563,2011-11-23,2011,11,23,2914,2861,2014,8204,2860,1474,4731,7863,1522,4659,2251,5119,4111,6805,9662,6711,4804,4472,8357,1318,7254,2730,6446
3564,2011-11-26,2011,11,26,6228,5080,7999,6040,3110,6127,4821,6585,1632,5569,3569,3904,4247,8714,6219,8312,254,7678,9593,3226,1172,6009,2730
3565,2011-11-27,2011,11,27,8590,3343,4997,1398,5032,5129,4110,2458,3487,9764,3540,718,2806,296,1907,9375,9453,6176,5447,1106,3750,4657,8880
3566,2011-11-29,2011,11,29,1020,446,1387,5740,7438,623,2299,5651,1934,8667,4898,2967,25,8045,3067,6969,3828,1583,4213,3048,6583,8762,5486
3567,2011-11-30,2011,11,30,9055,7392,6322,5785,521,8067,4794,5665,7979,4080,6038,5974,7016,9526,3886,1837,5036,9904,4400,2099,856,5423,520
3568,2011-12-03,2011,12,3,3922,1725,2670,1372,8247,8220,4468,578,8201,2974,8007,5238,3594,4903,7818,2547,1137,7186,3702,7468,6946,3111,748
3569,2011-12-04,2011,12,4,4179,4687,6798,7802,4253,3835,9435,3558,4676,1674,4748,2352,5396,488,3281,9858,6335,5797,4960,7431,9066,3314,6858
3570,2011-12-06,2011,12,6,1863,1139,8302,1775,6631,800,6269,5444,1629,1114,9267,3835,7563,7985,7810,2736,3944,2080,4747,7801,8785,2376,6377
3571,2011-12-07,2011,12,7,5565,8232,2421,786,6082,8973,7129,4470,8647,5340,2139,3073,2498,3160,6303,7079,6217,7348,2580,7522,626,6374,177
3572,2011-12-10,2011,12,10,6776,3284,5639,9658,1729,6243,3258,7478,8314,933,1302,2482,4853,6965,4367,3385,3835,3613,6698,4244,7722,8516,2415
3573,2011-12-11,2011,12,11,1862,1594,2286,8295,5367,3155,9465,5554,5818,2825,6571,5853,520,8956,8941,4957,5630,9235,1259,590,5867,222,1501
3574,2011-12-14,2011,12,14,8717,5493,458,294,8244,7201,5254,2390,1857,5771,3073,9581,7794,5423,2093,8987,7564,5435,5017,7866,7611,8266,8415
3575,2011-12-17,2011,12,17,1782,2755,2155,4266,7363,2373,7228,2132,8612,9026,8769,117,2593,1852,394,2405,3620,3555,9565,3687,5013,2335,4993
3576,2011-12-18,2011,12,18,4566,3656,1338,4730,8352,2175,9208,2722,9986,5145,2854,5085,7254,5183,1434,4137,6054,1587,6452,1569,1454,7425,9510
3577,2011-12-21,2011,12,21,5489,8546,6437,7366,4829,2347,9590,3155,8242,5930,7816,2180,4233,9604,8125,7395,5681,1305,1172,8507,9357,282,1648
3578,2011-12-24,2011,12,24,2292,61,8925,550,401,7527,6914,3266,7021,1073,8622,1754,1019,4608,816,2360,2360,4074,4958,3054,5555,2786,9513
3579,2011-12-25,2011,12,25,4594,8690,8093,5589,3970,4730,6762,2937,5703,22,1586,9030,5815,3347,4787,6394,7466,8501,7937,7973,9087,1686,8572
3580,2011-12-27,2011,12,27,9526,9343,771,8615,9743,911,9397,9784,9095,5483,6855,1020,7012,6646,959,2875,5472,5804,6601,2624,1337,9812,1489
3581,2011-12-28,2011,12,28,523,4095,7901,9428,339,1870,2792,3292,8429,4997,7919,8283,9463,290,4824,9738,7769,8464,4447,3816,1114,3731,5500
3582,2011-12-31,2011,12,31,5690,2256,6478,6902,313,8096,5536,5110,1113,700,3994,4988,27,5453,8883,1986,3852,1242,508,3782,8986,9798,594
3583,2012-01-01,2012,1,1,6855,3103,5609,3338,9030,8654,5378,3814,8603,9792,2903,7942,5091,7615,1858,2976,8328,9741,7929,896,8172,5908,2495
3584,2012-01-04,2012,1,4,3547,1074,1565,1512,6267,4972,764,5614,5686,9216,8991,2272,6185,5575,1055,7941,7028,6460,4595,521,902,5266,708
3585,2012-01-07,2012,1,7,5693,9342,9593,5852,6029,5461,151,4191,7083,5136,7594,6983,8189,1439,9490,9248,7949,6613,5310,1594,2210,6629,459
3586,2012-01-08,2012,1,8,128,3218,8095,1408,2162,7003,6201,1241,9680,213,6060,364,9993,3282,2207,7025,115,5224,370,152,9266,5906,8885
3587,2012-01-11,2012,1,11,4443,1270,5803,9409,3509,6452,4019,8035,2814,7213,6536,8283,1322,5093,2113,1836,1301,7658,3115,6336,6620,7423,9469
3588,2012-01-14,2012,1,14,6855,2247,840,2983,845,6069,7192,6727,1140,9260,7720,9744,4932,9853,7384,5756,5665,411,8323,5564,2182,7233,2650
3589,2012-01-15,2012,1,15,6358,5121,3066,6194,4833,8655,9214,5532,4722,6936,9332,1928,6038,792,1777,4485,5881,8211,1534,9104,3817,208,7841
3590,2012-01-17,2012,1,17,5089,9220,6518,3116,1408,7582,1249,7110,6716,3130,3824,6981,1075,4300,5786,7708,6262,224,6183,6189,5374,3946,1625
3591,2012-01-18,2012,1,18,4149,6572,1186,509,9504,2068,9929,8462,3626,1307,3411,9532,5022,9720,8721,286,6610,8154,8823,5889,2619,4308,4957
3592,2012-01-21,2012,1,21,8604,3906,938,9319,6718,3173,1095,7959,5098,5886,8463,4605,1287,9421,277,2270,1359,5162,2775,1543,1625,3683,2059
3593,2012-01-22,2012,1,22,8009,3498,4117,1814,16,3883,1068,6723,5271,413,1397,7293,1330,6581,8757,9005,1994,6298,5469,8952,7627,3059,4831
3594,2012-01-24,2012,1,24,6115,6156,5049,7977,534,8618,8361,641,2392,7198,4711,69,3668,9674,2869,1387,4611,1390,3108,7204,3784,7326,2959
3595,2012-01-25,2012,1,25,3708,8017,7220,7343,1306,7345,5126,4878,1483,1904,9117,5671,4894,6014,2444,3416,9719,7643,9113,3063,9869,8958,4174
3596,2012-01-28,2012,1,28,4646,5731,3589,359,2139,495,1534,303,6711,5402,3365,3095,6486,3025,8603,8850,1905,847,282,1148,2306,8949,4671
3597,2012-01-29,2012,1,29,145,9518,4692,8875,187,8043,6120,9478,9252,1940,5,2187,9747,3939,6471,2857,7604,3561,8041,526,7607,8598,5152
3598,2012-01-31,2012,1,31,2752,8869,2753,5884,7665,2862,1266,5255,2264,148,7766,4652,9748,9610,8746,5150,5419,4626,3180,2784,4531,2349,1530
3599,2012-02-01,2012,2,1,786,8420,5649,3755,2037,9515,4837,3867,8964,9144,6957,3844,4097,3977,9049,3015,1737,8490,2631,1521,5580,2469,3265
3600,2012-02-04,2012,2,4,979,7130,7115,5164,7665,7529,4502,132,283,9212,5322,5002,3065,285,6826,6786,1022,8251,2550,9087,6426,3213,5777
3601,2012-02-05,2012,2,5,9378,3350,2245,7691,4683,6881,3368,1759,8062,5570,4217,5881,4256,1626,1282,9700,5923,9316,8824,9763,3573,3247,8069
3602,2012-02-08,2012,2,8,742,256,2328,1273,1614,5816,902,5640,4509,4241,4068,6391,3564,9799,1739,9038,3515,2699,8897,7800,5704,1798,4086
3603,2012-02-11,2012,2,11,9857,778,3761,7927,943,4898,9977,5818,8671,3915,9474,5099,3518,4504,6792,3896,1661,9217,3518,9347,6746,5405,5578
3604,2012-02-12,2012,2,12,1841,22,1215,4233,4267,3954,5832,7036,5253,6838,7170,9800,7918,7757,7639,7608,4584,6154,1872,6955,5751,6998,3069
3605,2012-02-14,2012,2,14,3202,2656,9243,6593,2656,6787,8469,6717,7301,1521,1674,5643,9400,1169,2335,7460,6683,5816,7595,1195,1609,8750,6317
3606,2012-02-15,2012,2,15,2955,5612,5093,1119,8890,8608,253,7883,6881,6492,1140,6569,6519,7067,9110,6309,4764,1781,9743,858,1674,1344,7311
3607,2012-02-18,2012,2,18,7023,3905,4487,4512,3259,7129,2666,4385,1459,9942,7718,1120,9699,8486,4682,5827,1162,8255,106,6695,3140,2881,8025
3608,2012-02-19,2012,2,19,1283,6432,4479,4494,547,2761,3579,1859,2024,5862,4371,8187,1605,9441,3256,471,1008,4077,6711,6556,2928,6851,7086
3609,2012-02-22,2012,2,22,5580,2840,6056,5466,2745,2746,578,5248,1934,3929,9062,3807,9997,6870,6062,3346,4258,3710,2978,9323,3797,2226,3231
3610,2012-02-25,2012,2,25,6807,532,5780,2708,652,7399,1058,4056,5560,7965,6684,1007,4253,2386,5326,1425,8708,7465,3489,295,1233,1572,5430
3611,2012-02-26,2012,2,26,6378,2071,9682,8780,40,7606,4565,2691,2195,9248,7512,221,226,2569,8625,6651,3933,4539,2421,7936,5289,1380,9184
3612,2012-02-28,2012,2,28,357,9445,8656,1909,640,8931,1352,9126,8015,8519,8979,9955,53,2586,3705,1625,237,7262,424,4682,1035,881,6209
3613,2012-02-29,2012,2,29,2221,510,3549,8793,5133,354,7638,5080,7702,5243,8758,6125,4701,1650,1538,7896,6893,168,6026,9926,7590,5793,6362
3614,2012-03-03,2012,3,3,3492,1566,329,5727,2677,2557,1016,5514,9013,7865,3576,9384,2860,201,1599,1708,4540,5978,4654,283,3925,6019,9428
3615,2012-03-04,2012,3,4,8783,7858,8548,1462,2864,2101,6627,377,4425,8657,3724,5662,9648,5223,9782,2744,5518,4556,9386,7432,2386,4976,5300
3616,2012-03-07,2012,3,7,8407,8047,521,12,739,198,2023,3241,3273,949,3405,9158,6193,2883,5873,1040,1775,521,2194,399,6914,3195,6134
3617,2012-03-10,2012,3,10,4745,8732,1678,4476,4170,3718,4823,7257,9484,4848,1204,8638,5203,6374,6715,2371,5943,5837,4837,3992,7878,3614,1437
3618,2012-03-11,2012,3,11,9326,1609,5237,7393,1053,5764,7788,7708,597,9508,1650,9102,6868,3030,6534,2610,3753,1444,8243,4475,1268,9600,8308
3619,2012-03-14,2012,3,14,921,6499,4619,8964,3066,8436,8129,9670,7128,1231,6621,4144,9987,4702,8695,350,365,655,8153,6758,2729,591,391
3620,2012-03-17,2012,3,17,5954,9437,8624,5485,1945,1777,5314,9683,3568,4806,5506,4766,5948,6305,2367,5999,3533,6534,4564,2987,7783,9121,8619
3621,2012-03-18,2012,3,18,318,7357,1124,810,4981,7142,1349,5586,3708,6144,3728,1702,6769,7702,7065,4447,4333,4437,8190,293,1251,3032,1116
3622,2012-03-20,2012,3,20,528,783,4181,3691,8555,7882,933,9028,4830,6146,616,4299,460,6184,5295,2203,692,9733,9908,3499,6955,2104,2631
3623,2012-03-21,2012,3,21,2896,2634,5336,1480,6052,8163,54,380,8312,9856,8346,5091,4897,5999,2050,7601,3986,3877,8728,509,2515,6802,7759
3624,2012-03-24,2012,3,24,7237,4979,7078,4110,4041,757,340,1817,1685,2375,1106,3404,5859,9708,8131,2925,2351,6181,7781,2979,1074,4776,653
3625,2012-03-25,2012,3,25,2672,6199,5582,5964,5578,9174,7060,2656,8529,2754,2094,8718,7291,1141,3133,9898,9321,3952,7305,8009,505,307,9771
3626,2012-03-28,2012,3,28,1696,7984,8683,5008,7487,3056,651,7252,6857,3416,8294,1801,3688,1362,7813,5410,9534,4911,6093,6126,5266,8114,5655
3627,2012-03-31,2012,3,31,1564,3906,3049,8522,8992,4977,3917,5763,7117,5641,4987,2338,8576,633,3803,992,1355,7562,3687,8980,5556,8198,6843
3628,2012-04-01,2012,4,1,7922,4117,8113,2697,8166,3185,7389,3318,7313,6149,1465,3393,777,799,7635,444,8321,4813,4045,2008,7520,8480,1142
3629,2012-04-03,2012,4,3,8512,656,1374,6507,1562,5349,3502,6991,4620,5230,5478,3327,2596,17,8187,5558,2657,944,7869,2581,6837,2162,3167
3630,2012-04-04,2012,4,4,6939,3402,4501,9929,4255,9127,5264,6641,285,8253,7173,5657,7887,9412,4607,8289,5605,3782,1555,7965,6426,880,2092
3631,2012-04-07,2012,4,7,906,9811,1481,4863,9015,9459,1685,923,1486,1020,7368,8066,5231,6881,1329,1489,9942,9233,5243,3319,9188,6226,9915
3632,2012-04-08,2012,4,8,2592,5917,85,1096,3480,3953,7627,8013,6991,6728,6758,2867,9222,2103,212,1943,2130,6112,6917,9947,32,3034,2952
3633,2012-04-11,2012,4,11,9527,881,3023,876,3372,1048,7581,9260,3694,607,5340,9712,1236,7676,4262,731,2081,9703,8690,6221,7161,3726,6836
3634,2012-04-14,2012,4,14,6661,2055,7796,8784,79,7016,1258,3319,5416,6484,8171,3503,1477,5746,7707,1090,1861,7932,3214,2344,5186,668,9475
3635,2012-04-15,2012,4,15,5925,9922,1085,745,1205,1842,4244,6974,5772,7152,956,372,7630,6544,190,9343,3744,7752,6260,6399,7230,4055,4310
3636,2012-04-17,2012,4,17,2905,4152,4482,7486,3996,2595,2052,1687,4271,7214,4840,8293,7921,6560,1383,8593,2903,9997,1620,8938,7495,3340,8881
3637,2012-04-18,2012,4,18,4460,6114,2308,4057,417,7709,6539,2703,5520,8596,785,6157,2540,857,2318,2165,2324,3575,1737,5883,1245,8623,7953
3638,2012-04-21,2012,4,21,4785,5962,707,7728,2484,8286,3600,4640,9699,2318,3281,417,4028,4432,8692,9269,2665,486,9474,6987,8113,8681,7048
3639,2012-04-22,2012,4,22,7822,5382,5601,5492,5579,7113,8869,7043,5534,820,2398,1599,8721,7490,1989,483,7641,6430,8960,9824,7657,4055,8562
3640,2012-04-25,2012,4,25,1418,6169,7892,9547,1180,2193,5100,8033,8345,8044,9960,5608,3975,7069,8267,563,9893,5326,5206,7642,1394,2828,5699
3641,2012-04-28,2012,4,28,8164,2022,6136,2176,9655,8893,4818,6799,1357,736,8112,1071,4930,1991,6477,3072,3016,2290,1660,1779,2975,4677,7478
3642,2012-04-29,2012,4,29,5367,9690,9543,9522,3401,2810,5703,6976,339,1252,1515,7451,4176,6695,1874,7260,8534,351,7961,3680,973,717,8211
3643,2012-05-02,2012,5,2,3392,5691,578,537,4626,1381,7096,4209,3436,6876,7795,3330,4593,83,9984,4696,3071,6137,7888,1156,8073,8134,8571
3644,2012-05-05,2012,5,5,70,2099,8259,3681,1549,8949,6183,5887,433,9265,8668,7121,1456,3913,553,7611,9580,4073,5457,1493,1135,8870,2623
3645,2012-05-06,2012,5,6,1071,9133,3687,9606,7908,9531,9681,3687,9450,7688,4421,5286,1537,7843,4889,6981,8319,4733,1814,5946,2323,8378,8939
3646,2012-05-08,2012,5,8,9333,1183,9180,5188,7425,5842,2785,1992,5369,3553,2951,3867,8027,287,5818,1563,2786,6384,3621,3128,6408,2790,8291
3647,2012-05-09,2012,5,9,385,489,4871,8790,3665,572,1733,5590,8631,5525,3281,5750,8543,1625,2481,2215,9131,8967,5383,9961,2880,8541,2821
3648,2012-05-12,2012,5,12,2193,584,454,7370,2043,8291,2676,5481,260,8088,4455,1575,1594,8413,420,9248,9692,3611,2966,8386,4219,9390,4627
3649,2012-05-13,2012,5,13,1039,5177,16,9789,7496,8606,5400,5316,2817,3471,7979,6959,4092,3606,8098,8868,421,9166,9283,3346,5951,2461,2178
3650,2012-05-16,2012,5,16,2101,6870,248,9207,1360,9214,5972,2017,1698,1843,8739,5461,356,5779,6755,2016,7217,9451,8174,8676,8361,2996,5523
3651,2012-05-19,2012,5,19,3632,4455,8393,1296,6842,4904,4631,4315,5801,1626,4262,7038,1799,5285,5591,1003,1769,3977,2029,8938,4169,1303,8388
3652,2012-05-20,2012,5,20,5423,5413,2824,9469,1070,9649,3824,6426,8280,1900,378,7157,3243,3563,9649,4336,550,2536,7147,445,634,9760,4418
3653,2012-05-23,2012,5,23,3166,6712,9090,6918,4500,9831,7021,9767,7680,8428,8124,4583,5403,7151,5021,8959,2225,1040,6194,2308,9799,2772,4581
3654,2012-05-26,2012,5,26,7519,7036,1832,7480,6594,7572,5157,9612,2242,5293,7346,3020,2192,2524,768,913,3759,5322,9848,5910,6288,3091,5988
3655,2012-05-27,2012,5,27,9844,1913,4087,4889,5522,7195,315,4690,1448,3748,1770,638,4144,3632,3654,3368,5593,422,83,2484,4871,2298,26
3656,2012-05-29,2012,5,29,1092,3278,1782,1835,852,1946,5861,181,1204,9679,6742,4065,1914,9460,9809,4255,2164,8618,8550,5747,3197,51,7670
3657,2012-05-30,2012,5,30,9649,5723,5141,2705,7714,8108,9146,972,6568,7250,6811,3403,6517,9098,5994,2475,855,8279,6762,9935,2034,1598,5138
3658,2012-06-02,2012,6,2,6157,3341,9523,1260,2439,2100,7057,2172,3889,9219,6234,3365,1171,8626,2159,6256,5818,1243,6846,4589,7244,1343,8172
3659,2012-06-03,2012,6,3,3137,7635,9589,3058,6588,6086,6639,9614,1944,2229,5987,251,6202,159,6593,5351,9536,6527,2659,4126,3819,5538,3652
3660,2012-06-06,2012,6,6,1534,2440,4479,9227,4166,9597,8214,5538,4430,9459,1349,3334,2000,3850,9766,5060,5414,1642,453,4219,8165,440,3390
3661,2012-06-09,2012,6,9,5318,9418,100,2907,2214,3627,5266,2483,3387,8446,4391,2443,7298,3595,2836,1747,1457,9758,3018,1915,6214,234,8359
3662,2012-06-10,2012,6,10,4010,8900,4330,7238,5042,3982,6978,7513,1493,1152,6689,5840,7355,7748,4879,1886,3421,7416,3812,6482,5416,2906,9979
3663,2012-06-13,2012,6,13,9372,4872,7262,7979,6367,2774,7157,1280,6429,8762,4090,9013,3072,6980,2491,8184,9015,6886,5477,5252,1467,2472,3712
3664,2012-06-16,2012,6,16,7403,3220,4476,1545,9869,5458,1243,3858,5357,380,4189,6214,9056,2558,4249,6744,8002,1117,8439,865,3327,444,7515
3665,2012-06-17,2012,6,17,3040,6044,2160,8335,4368,6494,2661,4380,8535,4216,4899,9466,3407,7681,3201,9398,5206,9978,9504,2655,4553,2510,2112
3666,2012-06-20,2012,6,20,7557,4970,5156,8367,5657,5576,483,3787,4116,2354,8065,7700,8214,1963,2950,462,8752,3535,9528,2780,7836,3639,2312
3667,2012-06-23,2012,6,23,5257,3616,9252,1999,2695,4089,7603,9882,5335,1373,1644,2031,4975,7709,2969,2238,2516,8454,6114,9427,1358,275,4442
3668,2012-06-24,2012,6,24,9726,6677,7853,2221,9670,4210,2812,5607,3515,397,9818,330,2996,2577,6330,5793,7222,9417,9901,726,5859,1461,1259
3669,2012-06-26,2012,6,26,2870,7156,4072,2598,1441,2659,5867,5971,1529,9359,159,1933,4193,5328,2202,6577,7418,1619,7648,8640,2166,9417,9525
3670,2012-06-27,2012,6,27,5112,9545,8950,3909,9142,8825,256,6749,6958,5065,5179,8514,3086,1369,6921,9095,1217,7924,6320,9820,2454,9111,7918
3671,2012-06-30,2012,6,30,7214,3995,5254,1635,2927,6289,7603,7793,7015,9203,9104,2663,7177,5117,4333,5729,6652,5305,7220,9929,7741,1272,7576
3672,2012-07-01,2012,7,1,3945,1278,7703,8955,3882,3475,26,3426,1092,5532,569,1575,5878,9582,4400,203,8419,3164,7162,1794,6038,563,4102
3673,2012-07-03,2012,7,3,9541,3541,6776,2722,5830,2722,7760,5728,2858,6559,3571,2325,6695,9574,9250,9518,5419,7597,7858,9655,8799,7022,600
3674,2012-07-04,2012,7,4,1092,6985,7090,8427,1915,8208,3366,8581,248,1203,4876,7749,2398,2727,4181,7596,9575,329,4838,6509,7408,9218,5137
3675,2012-07-07,2012,7,7,8378,1068,5537,9343,2828,3459,4373,9030,5188,2137,8193,9063,7551,7297,8129,4885,4786,8274,5297,1418,1051,988,2580
3676,2012-07-08,2012,7,8,3516,907,3624,8226,4969,8903,3238,489,5010,7638,8053,1118,9818,1434,706,7878,5857,765,5714,6571,1967,1447,7536
3677,2012-07-11,2012,7,11,7560,7851,7245,6305,6078,6753,4212,1233,7337,9151,4046,9896,8701,906,4305,3954,8480,65,1534,337,4424,8463,5521
3680,2012-07-17,2012,7,17,7340,5316,1155,921,2777,695,5872,379,5522,4750,1410,5595,6201,4250,4315,412,9615,2879,2385,5358,207,848,4398
3681,2012-07-18,2012,7,18,816,7665,417,9602,7044,8885,3564,4344,839,6524,9122,2256,1183,6001,6095,5008,1599,3756,2900,3729,5464,6756,6381
3682,2012-07-21,2012,7,21,196,8876,1022,5818,4598,9899,7470,3897,8597,809,3107,9538,8306,8035,7153,8639,4975,1576,2807,3834,4989,3588,4077
3683,2012-07-22,2012,7,22,2646,4810,6871,4877,1475,2010,2866,2403,1815,409,8119,6129,6964,8690,2764,466,9980,4640,2952,4208,2748,6285,6395
3684,2012-07-25,2012,7,25,1614,5175,7165,1688,1746,7439,9950,2706,7625,5831,4875,5538,8547,2166,3579,4023,8408,9282,7390,215,5509,3764,2711
3685,2012-07-28,2012,7,28,4249,4395,5455,6884,2404,7901,4379,9264,9201,6650,2659,8289,9891,1690,6018,7978,995,8050,249,5982,9206,6056,1836
3686,2012-07-29,2012,7,29,7224,3364,1891,9029,8603,1571,4099,9387,3436,2071,6152,1027,5939,8898,5873,5959,7023,9983,5524,5268,9346,422,265
3687,2012-08-01,2012,8,1,5977,9565,2443,4155,199,7980,584,8045,9614,8129,5182,8321,488,118,1270,50,272,927,734,7815,7052,7859,3622
3688,2012-08-04,2012,8,4,8658,7928,829,3975,8592,4020,1110,7656,6365,8797,5963,7735,7219,964,6011,3066,3402,3335,7709,8916,9673,4212,6693
3689,2012-08-05,2012,8,5,7550,682,8880,9444,1042,220,8481,2070,8501,1389,1266,2169,691,3478,2090,5909,1767,6002,7632,1607,7944,7246,5025
3690,2012-08-08,2012,8,8,9927,8414,5716,9600,4311,7650,2731,7823,8827,5536,9708,3689,5712,4633,4619,5900,846,8387,601,3685,7437,6875,2688
3691,2012-08-11,2012,8,11,8927,6325,2861,1991,1219,9196,9760,7965,5328,4168,8605,3775,2955,8623,509,261,2054,8774,154,3548,2847,5484,8694
3692,2012-08-12,2012,8,12,9244,4201,3747,5170,7920,5202,2047,6827,8938,9734,8981,1138,8316,7896,7224,2696,6451,2553,9511,7799,3423,2281,4128
3693,2012-08-15,2012,8,15,356,1598,5620,1743,5683,7097,6527,2109,2576,9559,1585,2200,8319,8291,783,9919,9913,6701,2682,7845,4338,9702,9624
3694,2012-08-18,2012,8,18,3524,3102,4221,6158,1923,4117,8437,3128,3758,5412,2252,4218,4566,4111,2656,1390,3458,9018,142,7555,3195,3835,185
3695,2012-08-19,2012,8,19,1113,7442,7453,133,4284,9741,8145,6519,9943,5014,3258,8744,4415,5887,2466,7414,9349,1123,7700,2224,7841,3705,1897
3696,2012-08-22,2012,8,22,5283,3652,7019,4275,1155,4147,1483,4685,9909,869,549,5068,3654,8211,4448,2278,3807,3472,8660,6018,4977,822,8831
3697,2012-08-25,2012,8,25,4868,5314,1136,2759,7417,2069,8270,939,6610,1579,9348,5955,7058,7077,8583,2250,6809,3607,4896,888,7645,2910,2247
3698,2012-08-26,2012,8,26,6677,8401,2707,8707,6477,657,9090,4096,7080,4640,1160,3282,1835,8743,5927,6817,6758,4241,982,2111,9089,5642,4655
3699,2012-08-28,2012,8,28,3608,3754,1666,5874,9541,6830,4399,6094,2191,2339,2133,3519,8493,9832,3233,1956,7791,3338,7514,4567,8117,2335,139
3700,2012-08-29,2012,8,29,4156,3431,8160,6444,807,1325,3277,1979,226,3291,8385,9867,9020,8882,1758,1670,2389,7170,5881,3832,1880,6032,412
3701,2012-09-01,2012,9,1,8559,3840,968,1042,2378,5266,1983,5837,932,1898,7161,1685,5948,5971,4916,9018,1693,6979,7216,7763,1328,6723,2407
3702,2012-09-02,2012,9,2,5137,6491,8054,9051,5350,5738,6,1502,4092,5377,5658,4632,1779,7742,6090,5155,350,6376,8780,3977,5641,5563,9106
3703,2012-09-04,2012,9,4,6400,2114,8420,3623,8855,9463,5100,8154,4232,1152,6648,8062,415,5236,863,2827,6234,6192,6471,7044,5602,7110,2567
3704,2012-09-05,2012,9,5,8845,848,842,3761,225,1729,9647,1097,8283,1217,3104,9195,5260,4410,4578,2386,3503,7002,6928,1833,5715,7726,3988
3705,2012-09-08,2012,9,8,7342,6394,5012,4998,7050,5951,4504,6849,43,9731,7253,7204,374,9945,767,3311,2865,6355,7845,6826,8807,2919,7192
3706,2012-09-09,2012,9,9,7055,2100,7821,3101,5727,3214,6294,2876,7777,3121,441,8263,1520,2846,7362,2507,994,1867,1988,1689,4723,9478,2309
3707,2012-09-12,2012,9,12,9197,34,9816,9334,5628,7479,6196,6473,158,1744,8546,9505,3310,3801,1584,6628,7243,6582,1502,5766,6086,3765,751
3708,2012-09-15,2012,9,15,5231,1866,2330,9860,921,59,507,5818,8768,1131,8364,2065,2776,7857,6042,5123,775,3922,9335,1811,9901,9592,301
3709,2012-09-16,2012,9,16,2878,5171,5978,3194,9757,4010,8986,7169,5750,1176,3176,8822,2788,4381,6256,7182,1902,5962,1797,9300,3790,8950,4706
3710,2012-09-18,2012,9,18,2188,6267,7375,1973,1675,374,694,7382,5356,1052,6860,113,1659,6911,1626,1195,9479,4898,2072,4834,4312,9497,1300
3711,2012-09-19,2012,9,19,9555,3039,6353,8720,6017,7490,1438,1294,8441,2294,64,4042,4000,1252,9609,797,1680,917,7492,9488,3253,1071,7915
3712,2012-09-22,2012,9,22,5168,9472,6091,6497,2624,6708,3617,8814,5397,6566,4508,4426,7779,5889,6787,1210,5117,384,5484,7676,5490,8098,6637
3713,2012-09-23,2012,9,23,3384,488,2268,2152,8406,3693,7972,5413,2523,9576,5887,2477,2317,9011,8377,9215,6734,7233,966,4141,5625,9790,8238
3714,2012-09-26,2012,9,26,9165,1554,9205,9269,3747,9876,4512,6888,9960,7879,351,1624,9740,770,7283,1966,7445,2891,6806,4301,2537,5993,5515
3715,2012-09-29,2012,9,29,3666,594,742,4682,60,5603,18,1771,2450,4877,879,7565,4626,4848,1158,7574,6137,8473,8846,5396,2739,1039,5037
3716,2012-09-30,2012,9,30,4233,4851,9133,8951,7287,1318,5895,4101,6195,8967,1648,9406,3161,7647,2497,442,3500,8661,3583,361,3478,7377,9816
3717,2012-10-02,2012,10,2,9257,8433,9103,740,2553,2741,1672,8201,2509,3192,5161,7428,6748,5315,5823,8546,7643,2853,6209,4141,8429,6161,5134
3718,2012-10-03,2012,10,3,7697,5777,6352,7223,6356,7115,8906,6742,5548,3054,7073,2948,8806,6353,7346,5894,1206,1114,2997,6650,8159,8018,6528
3719,2012-10-06,2012,10,6,4040,8568,85,3490,9606,7512,2718,7828,2687,7096,2834,4960,656,2686,2357,2589,9728,8783,4547,9729,9343,5810,7594
3720,2012-10-07,2012,10,7,3337,8932,9989,1479,1534,8421,1972,9972,5669,109,3150,7531,1714,5464,1512,6278,3513,9724,9893,7261,6134,2821,6860
3721,2012-10-10,2012,10,10,947,8010,8099,3224,5013,1501,4404,6871,2581,3243,1998,5316,6652,2236,4315,769,2165,5332,3192,314,7053,2822,6974
3722,2012-10-13,2012,10,13,2652,9427,6193,2864,4527,7184,9488,7947,4012,2218,5719,1687,7315,8423,3124,598,4558,3635,2419,2490,2934,9394,6179
3723,2012-10-14,2012,10,14,9497,8393,177,5899,1062,1010,9258,6256,1466,6940,5837,9458,851,1185,3684,513,2059,9814,28,8460,8026,9356,4060
3724,2012-10-17,2012,10,17,9113,1554,5438,7385,8582,5444,7813,328,7137,7979,7265,2248,394,4017,5359,5317,5351,295,9845,4291,4984,285,6632
3725,2012-10-20,2012,10,20,4267,7973,8755,8503,4779,3613,9780,8894,4244,6195,9508,8797,8037,6131,2434,1727,6203,4759,1489,7498,610,6164,3714
3726,2012-10-21,2012,10,21,5965,7765,1690,4499,9066,8386,2158,8157,1348,2009,2841,2992,9885,6281,5524,3034,3352,17,8659,7845,7240,4129,3221
3727,2012-10-24,2012,10,24,7646,737,7262,2554,456,4614,4098,8625,8903,3672,376,7133,1729,6995,478,9919,6614,7375,4986,9910,5028,5396,6027
3728,2012-10-27,2012,10,27,7105,2031,8949,8527,6665,9531,5728,959,2689,5574,2340,7523,2531,7852,5077,8449,1577,6853,8681,9875,2629,5395,1344
3729,2012-10-28,2012,10,28,4324,6709,5860,400,2832,4605,9263,9346,160,6420,9646,8725,4001,7870,4741,5263,8708,1104,6080,3720,4100,1590,7046
3730,2012-10-30,2012,10,30,4200,3950,4976,6695,4026,4202,8103,2149,4714,8263,2905,5560,8534,3334,1223,9231,2445,3273,3820,4924,218,2318,902
3731,2012-10-31,2012,10,31,460,2087,2029,3043,8591,6758,6417,2659,7269,9908,4651,7097,249,9554,9371,7467,5775,169,7055,9753,8726,3977,4041
3732,2012-11-03,2012,11,3,8709,8569,1070,8841,8103,7019,5168,7490,6817,3022,7653,9296,6669,7350,8610,9236,5605,9653,3891,8432,2971,3548,8627
3733,2012-11-04,2012,11,4,6239,7240,9093,8911,6964,3086,307,2270,404,206,735,2813,4,176,3106,1365,5308,8339,2700,8103,591,1505,6627
3734,2012-11-07,2012,11,7,2917,8396,3641,9935,154,8928,3573,1896,391,6582,5439,2291,2076,3778,1917,9067,5294,8799,3795,4497,7761,2034,9415
3735,2012-11-10,2012,11,10,5101,6568,5938,6046,946,3792,8453,1753,5389,755,4784,5811,6479,6863,1579,7055,5901,9433,8946,3069,2512,6719,2062
3736,2012-11-11,2012,11,11,5624,7023,4389,6522,6108,9665,1975,8770,1807,6547,2470,3992,8304,8171,8403,3766,5744,2037,6056,1093,604,712,2412
3737,2012-11-13,2012,11,13,6715,5299,6453,2490,9381,8847,3091,7570,3981,2536,4097,1238,6977,3086,833,2752,2395,391,5602,2234,9686,6141,1521
3738,2012-11-14,2012,11,14,3883,5790,7885,9147,8698,1268,8565,5248,7014,3574,8731,6279,676,513,8818,9720,5467,1437,9967,4264,9700,3722,601
3739,2012-11-17,2012,11,17,8611,7649,6998,2945,5452,8516,8890,7388,3779,6250,257,7246,6384,5799,7283,5801,8767,8739,5705,2674,2642,4740,510
3740,2012-11-18,2012,11,18,8155,564,8320,2510,3577,4296,2929,7066,5740,2263,91,4362,166,8795,7583,9450,6122,1394,1650,8000,7772,1432,1461
3741,2012-11-21,2012,11,21,3834,9664,2109,6087,9630,268,9572,382,6412,6824,3689,877,9702,8648,2607,1086,9638,7338,1589,7548,383,7191,580
3742,2012-11-24,2012,11,24,9978,1922,5254,830,7688,7916,3265,4087,7405,2335,8806,2583,8591,1064,6149,3974,1967,5173,9508,144,4212,3817,1570
3743,2012-11-25,2012,11,25,2131,5699,4234,8053,4327,8907,6585,4747,3320,628,1139,5045,1608,5352,7513,3464,104,4628,8147,9317,6603,2475,9946
3744,2012-11-27,2012,11,27,9636,1226,1169,6011,797,6587,2788,4834,343,923,7504,7851,3105,2323,7182,4089,5172,4266,4175,628,352,9712,754
3745,2012-11-28,2012,11,28,8757,4271,5646,1830,9579,2653,6742,244,1660,7481,5795,7041,3155,9849,7969,3049,458,4172,4156,1689,5679,8174,4030
3746,2012-12-01,2012,12,1,8520,9615,1644,8611,4024,9992,5129,7918,68,8432,3257,3271,9192,3696,7147,5373,3817,4067,1081,4017,2094,8010,6955
3747,2012-12-02,2012,12,2,324,6631,5568,1366,8988,6367,9036,1516,1096,4141,5523,6165,8549,2149,6979,7474,2559,1702,2549,1010,6069,3129,3176
3748,2012-12-04,2012,12,4,7443,1100,417,1665,1333,8077,8359,2319,4242,7849,3540,3140,8935,8617,1243,4500,5917,7042,5646,4834,8383,3847,7375
3749,2012-12-05,2012,12,5,9039,1952,862,2774,835,1793,1324,4330,2564,9549,7444,3614,3647,9063,9881,9259,5798,6783,2179,2495,2542,3969,2819
3750,2012-12-08,2012,12,8,3627,3867,8735,3832,447,9036,9221,4387,6186,1281,439,900,1132,6640,4107,8504,1512,4179,541,1634,3563,4075,3950
3751,2012-12-09,2012,12,9,4952,6886,2276,2314,1062,6033,7821,176,5479,631,7992,8059,2101,8622,5148,1150,4219,6307,9379,8723,8285,4654,7023
3752,2012-12-12,2012,12,12,6450,3823,8883,3009,3955,8206,7496,5263,6916,4430,7858,3754,8891,6746,5217,9201,1506,5982,3167,9804,6267,4486,5428
3753,2012-12-15,2012,12,15,3621,954,1301,9645,8091,4878,285,5458,5666,2655,2260,9144,8774,7705,7109,1366,7953,9588,4018,6216,8282,1791,7198
3754,2012-12-16,2012,12,16,6545,8839,2656,3546,2598,5147,7013,6563,2143,9928,4675,2898,81,1135,4156,4303,5372,5874,9859,1050,5394,3485,718
3755,2012-12-18,2012,12,18,8491,1483,5042,6186,18,6747,4814,4368,6316,5725,4288,5251,8410,3915,742,5673,4122,7817,2249,1916,9726,2358,2067
3756,2012-12-19,2012,12,19,1307,4018,5783,3397,4180,3682,3855,1336,4654,4719,2623,816,6744,9254,2014,6616,85,9546,8096,9356,4325,5076,5768
3757,2012-12-22,2012,12,22,3304,5912,5120,5388,5433,2800,3794,258,9019,9605,9651,507,2468,9998,7113,4238,2412,9920,2471,2919,9748,9799,8208
3758,2012-12-23,2012,12,23,4283,5878,9430,3101,2740,9910,2739,9292,5981,7388,2803,3010,969,5927,6165,2088,2849,7463,6698,3893,77,7790,774
3759,2012-12-26,2012,12,26,2806,9000,7746,4297,839,5144,3972,6194,8593,7170,1561,6965,8825,1131,2162,1083,6770,9302,4298,505,3599,3330,4560
3760,2012-12-29,2012,12,29,1531,5174,4734,6648,4533,9792,5246,5804,727,8911,100,4476,3423,1776,6983,3038,5755,3379,3829,3710,9472,6105,8547
3761,2012-12-30,2012,12,30,8859,4248,5412,7663,4679,6940,9328,7301,3833,5911,1813,7838,2705,2711,9812,4141,1507,4687,9744,3392,9485,6417,1535
3762,2013-01-02,2013,1,2,616,8161,8366,2323,687,6535,3704,4119,3545,7793,8402,3686,1910,1542,1173,5385,1897,1773,1642,5997,1707,1042,1262
3763,2013-01-05,2013,1,5,686,3903,3341,1813,3471,7869,4307,4435,6504,8006,3072,9996,5758,1672,5489,7565,278,135,3384,8157,4643,7079,852
3764,2013-01-06,2013,1,6,9862,8829,6961,2809,5579,8721,7786,3470,3197,307,7058,3171,9348,8685,2083,6152,2133,2797,2324,2895,8555,3746,6665
3765,2013-01-08,2013,1,8,5631,4671,1318,5059,2420,5165,4858,2388,5481,8011,2050,2340,7736,2954,508,3200,8218,7926,3686,8200,7298,6096,8999
3766,2013-01-09,2013,1,9,8204,2287,5590,1112,3006,4658,5426,2992,2544,3268,910,8253,1479,7236,5837,7855,5515,6423,4595,1042,8638,1903,2341
3767,2013-01-12,2013,1,12,9011,4575,1570,7840,3299,8318,4180,6345,1136,9843,2767,144,3498,123,8608,1294,6984,5483,1442,9459,7927,363,1304
3768,2013-01-13,2013,1,13,243,2573,3538,9431,2975,746,1881,3242,8851,8221,4661,4312,5110,6516,277,2031,5124,2488,8070,9615,5225,7921,5537
3769,2013-01-16,2013,1,16,3508,6874,4928,1660,1477,4269,5040,5165,5678,7895,3447,3954,9331,5114,4430,3241,7400,1776,4855,681,8671,2298,8865
3770,2013-01-19,2013,1,19,4427,8791,4867,6077,3813,2111,5198,8166,4272,4073,7313,8899,1838,9956,8790,9812,8912,1316,876,5484,2985,195,7495
3771,2013-01-20,2013,1,20,1943,3596,9664,7735,1698,7180,4106,1642,7402,2832,9429,9740,5448,5186,3887,1382,3903,9097,2562,8719,1696,1765,158
3772,2013-01-22,2013,1,22,7353,69,7385,4660,1911,4896,9126,3757,4024,5264,9512,3380,1759,7562,5233,6074,785,710,4487,8279,320,8300,4386
3773,2013-01-23,2013,1,23,9929,5936,6868,5110,5015,2905,9363,4890,6282,3924,4482,6816,7685,6035,4322,9468,5858,3282,2995,2017,2032,6897,5903
3774,2013-01-26,2013,1,26,4210,9338,1911,4409,7150,1345,838,254,3632,4701,7777,5521,8482,7321,9389,3333,6507,5402,9062,8546,9051,8336,8986
3775,2013-01-27,2013,1,27,4525,3932,329,7978,3579,4872,955,5995,8840,7236,6948,9316,9892,5955,1219,3145,8758,1012,3721,187,7722,5133,584
3776,2013-01-30,2013,1,30,6601,1743,36,4624,7012,3817,5228,9571,969,2600,3179,8061,8401,637,289,9956,465,6462,1285,5965,725,1360,6688
3777,2013-02-02,2013,2,2,6570,7212,5334,7586,7662,251,3672,1242,209,4567,1983,9914,3895,9474,2636,2943,8443,9257,5898,3454,8449,7851,7318
3778,2013-02-03,2013,2,3,2204,4793,1725,3349,8685,6232,5361,5874,255,4855,9687,7553,2902,2443,831,9332,1929,1263,7718,4345,8951,1828,8196
3779,2013-02-05,2013,2,5,1752,668,1854,5196,331,3532,6876,4743,6671,8369,6106,1777,8323,8276,1954,8614,1727,6741,1735,2913,4781,5216,9369
3780,2013-02-06,2013,2,6,3301,4937,7048,5171,3670,8373,7172,698,5601,7152,9001,9464,8371,3220,5114,4324,7659,132,2733,8548,572,940,5077
3781,2013-02-09,2013,2,9,8792,5182,7579,9009,1245,5136,3626,7164,9111,8837,3362,1966,1995,8785,8768,4143,2991,2095,5009,9116,6937,2755,7291
3782,2013-02-10,2013,2,10,7745,2208,5174,3451,1914,3047,7474,6150,8938,7439,2265,2960,7486,6216,4951,9487,2905,9321,3390,5931,1875,4578,4032
3783,2013-02-12,2013,2,12,7312,8218,1717,6996,7325,8456,2883,579,8958,4445,1437,3818,6869,2377,4690,9535,8728,203,5285,8720,460,5162,7547
3784,2013-02-13,2013,2,13,6567,2368,2937,4688,1231,9867,2220,152,3312,9565,9167,4113,9642,1,9079,7032,4505,5324,3305,5504,3830,2247,6174
3785,2013-02-16,2013,2,16,5187,16,9006,9731,3693,2379,7047,3516,7092,1655,1216,6491,1334,1542,5164,7103,8084,249,9416,9349,9225,4281,2491
3786,2013-02-17,2013,2,17,5233,9846,6346,4700,5545,8246,7757,6141,5469,3093,6309,1447,9040,6450,8385,4665,4055,3980,9140,6177,3609,7506,966
3787,2013-02-19,2013,2,19,875,5790,5737,5835,2772,2022,4786,8305,9957,961,9169,6668,5791,4849,8519,506,5893,7443,5604,4504,9213,1891,279
3788,2013-02-20,2013,2,20,447,1961,5885,3394,8737,6959,6042,6310,3088,1638,1833,6338,3464,7094,4814,7174,4497,5909,7950,4169,7405,5927,1451
3789,2013-02-23,2013,2,23,4659,7990,9667,5635,1330,5698,8338,8293,9696,5854,3980,6536,5418,1727,8262,6901,2220,9483,7499,8409,598,1700,6519
3790,2013-02-24,2013,2,24,931,971,9525,602,5378,3393,7706,5281,5625,8983,4979,6203,2314,3177,4087,5719,6879,5959,650,8708,89,6055,4650
3791,2013-02-27,2013,2,27,897,2581,5524,4029,1099,8244,5637,473,8396,9688,9540,2059,9100,900,3117,1283,102,2489,7823,3069,9635,1234,8842
3792,2013-03-02,2013,3,2,4553,9656,2157,6012,5289,5853,6258,7242,7872,1313,773,5615,6931,9344,5066,9070,2829,6038,9764,7446,1981,6834,3970
3793,2013-03-03,2013,3,3,3323,3240,2220,6697,7663,8433,3330,7770,6538,2984,944,9234,6049,1202,6858,3210,1190,6786,7766,5785,9049,7881,968
3794,2013-03-05,2013,3,5,4380,8676,2391,9781,1921,8298,2699,8870,3649,5308,4169,8707,3300,5749,4023,5407,1475,4286,4553,3446,9904,6579,4706
3795,2013-03-06,2013,3,6,7496,5931,8557,5872,4822,3990,9465,1132,1543,6494,1820,2427,5202,5230,9920,4403,1223,4791,9804,9640,2815,109,1891
3796,2013-03-09,2013,3,9,969,8207,9386,59,3320,3220,616,2679,7959,1173,3413,6495,4930,1315,4189,826,747,6411,5992,5302,2112,6855,3466
3797,2013-03-10,2013,3,10,4755,4128,4566,4154,8069,3689,7764,3664,3372,4785,6954,1110,4316,401,2060,1679,3932,8020,8021,9610,8626,610,2074
3798,2013-03-13,2013,3,13,3054,8005,6992,8483,5139,5975,6248,3180,328,2182,5959,4598,3597,6170,3048,3832,3063,2308,7340,163,4962,2829,1029
3799,2013-03-16,2013,3,16,6224,4296,1307,1566,7862,9230,5602,2756,2846,2919,8142,9500,5375,6401,3213,257,9215,4452,6025,3773,4169,8529,5284
3800,2013-03-17,2013,3,17,4422,2232,2114,6672,9863,5494,6959,1178,8166,7659,4246,183,8447,4888,5900,9436,6864,3288,1791,8243,9307,5851,1387
3801,2013-03-20,2013,3,20,866,2171,5390,7564,7321,6264,2897,9248,5956,1025,4542,8688,5787,3873,1534,4110,6303,4507,6410,6033,9300,5024,5117
3802,2013-03-23,2013,3,23,2899,2517,8063,3976,4171,5061,7290,1659,490,9899,242,9121,1564,6252,5645,222,3274,766,2134,3811,2270,979,5254
3803,2013-03-24,2013,3,24,215,4562,9526,3533,612,3711,1734,4161,7389,1857,647,2145,7092,2952,8206,4658,5809,3072,2844,1542,8803,9130,3866
3804,2013-03-26,2013,3,26,6378,7115,9014,4315,7545,772,6144,150,5864,1542,721,2994,9901,6463,3024,7149,9848,9731,5822,313,2555,5329,9425
3805,2013-03-27,2013,3,27,5557,8322,9442,7270,6425,644,5783,3039,3332,1264,1313,7932,517,5050,956,3862,9897,7124,8226,907,4203,1399,3785
3806,2013-03-30,2013,3,30,6162,8986,4956,9297,2063,6957,918,8713,7957,9374,2190,7521,7260,9334,9705,9167,1077,3363,6868,7981,4570,1083,1244
3807,2013-03-31,2013,3,31,3125,9165,6299,5630,7656,3434,8000,8582,2574,9877,4204,9220,5981,6967,3557,895,5037,6663,8189,6729,9916,3223,5559
3808,2013-04-02,2013,4,2,8038,5213,3731,1893,2903,4272,9617,2063,7756,1743,9971,2434,2260,1078,2786,3699,2075,9274,2370,5583,8546,9375,4519
3809,2013-04-03,2013,4,3,1805,2376,4446,2662,2717,1113,6412,9870,5323,2748,5091,9599,9969,5095,9343,813,345,1819,208,4463,4950,9375,9177
3810,2013-04-06,2013,4,6,9661,9891,3631,951,4310,4573,2665,9184,5588,7099,907,291,4992,6607,2632,788,1893,4927,8745,6494,8019,7691,8690
3811,2013-04-07,2013,4,7,4501,623,2850,874,9166,7180,3824,9106,7270,1821,7219,6466,3295,3649,6800,4242,8031,9716,3032,4126,7666,9051,6704
3812,2013-04-10,2013,4,10,9605,5831,8468,66,7444,8484,1279,48,2040,645,5636,19,9686,1151,1926,6727,7298,5335,6634,6526,6308,6375,5420
3813,2013-04-13,2013,4,13,8790,8023,6615,689,3709,6242,6793,9729,4337,1423,5281,9776,2626,363,9256,5,6830,2860,5772,8668,2470,2394,2861
3814,2013-04-14,2013,4,14,7616,9047,76,189,9574,7440,9361,2022,2274,6420,1283,2682,902,7729,5334,3897,9959,3183,4274,1440,6284,6601,803
3815,2013-04-17,2013,4,17,1511,955,4609,2977,693,7452,4892,3992,53,4226,2162,5248,4726,4947,3509,9171,7131,5640,7700,4046,8688,5056,5823
3816,2013-04-20,2013,4,20,7304,9836,7282,2057,6423,5364,8862,6093,8280,4864,2722,8630,6035,3338,4220,6498,8616,4289,1165,777,84,4694,974
3817,2013-04-21,2013,4,21,9301,1127,4132,3725,9970,5967,6103,6144,344,291,967,3501,1771,2524,5024,6191,6916,2100,4963,2280,296,6698,9187
3818,2013-04-24,2013,4,24,2698,4099,5091,6456,1161,9778,6009,1012,4587,2061,9079,1069,1957,5010,7836,635,2295,7665,7828,5125,9753,1177,8501
3819,2013-04-27,2013,4,27,1272,3800,3300,5550,428,9534,4465,6099,61,4316,3638,5401,2742,1317,8641,7904,8537,4178,5375,8239,6607,6903,5743
3820,2013-04-28,2013,4,28,9349,8920,933,1705,5647,3663,9467,2653,4257,8052,5563,1895,9547,8376,769,4877,9422,3509,9892,7286,7619,5862,850
3821,2013-04-30,2013,4,30,4066,1910,7445,2540,5456,3070,8307,6925,4218,7863,6344,6846,4534,7177,9877,8008,8570,1772,8127,4774,4310,7136,1057
3822,2013-05-01,2013,5,1,2596,6005,9991,5238,9040,8418,8716,7563,5403,6744,4025,1451,7359,7469,8198,3320,1376,95,4094,235,2183,2653,3792
3823,2013-05-04,2013,5,4,4093,6123,4165,3602,3159,8994,2932,3178,8963,8761,1471,1846,611,1127,9205,2558,8506,6350,4488,6371,359,32,530
3824,2013-05-05,2013,5,5,2735,3553,4104,6763,3118,1463,2101,8059,5486,5854,8275,1669,3824,4585,810,7615,8127,277,4927,6871,8563,7095,4823
3825,2013-05-07,2013,5,7,916,916,6772,6432,6152,3251,8975,5993,7273,2465,826,4616,5615,1969,718,5783,1051,8701,1316,5332,3353,7703,5242
3826,2013-05-08,2013,5,8,9461,5211,9240,8754,8303,1356,5878,3167,5873,5044,9766,3952,8287,3096,5987,4523,5713,5459,6904,4520,681,2216,171
3827,2013-05-11,2013,5,11,4248,4678,4524,7582,9099,1820,2695,5926,9041,1407,850,7246,3610,4483,4372,8978,6880,2905,9274,1551,9927,4708,7846
3828,2013-05-12,2013,5,12,1423,6091,7691,2787,5522,8465,4079,3526,5843,8965,5903,6758,9780,394,5619,9981,9819,1404,8303,3764,5895,7817,2139
3829,2013-05-15,2013,5,15,704,5242,9666,1697,1323,2076,1179,3869,4521,3620,776,1354,1186,3107,2544,289,3216,5052,9214,5299,7996,63,5063
3830,2013-05-18,2013,5,18,5924,4688,6622,7317,9531,5336,255,5091,6799,965,5651,4076,2415,6766,9970,5283,2964,2689,8546,3803,744,5973,4438
3831,2013-05-19,2013,5,19,2522,3234,6695,6440,7387,2080,6164,3224,8693,5366,1085,3313,7796,2109,3165,3914,3746,333,239,6133,7964,6620,4273
3832,2013-05-22,2013,5,22,4425,1752,7413,5360,9135,6071,8619,9831,4409,3647,2906,8712,9890,4099,22,6764,7390,9689,8633,9009,3895,5602,6505
3833,2013-05-25,2013,5,25,6795,2874,1281,1164,5123,8701,3292,4345,3119,4037,559,7874,5167,1037,1905,2556,891,3473,7006,646,3124,9323,2472
3834,2013-05-26,2013,5,26,496,570,3428,2844,5633,4451,4099,3278,4291,6695,6307,1756,7020,2568,6693,593,7401,4432,6540,1294,2748,6662,2357
3835,2013-05-28,2013,5,28,3030,3970,420,3698,3666,5986,6428,2157,4197,2257,4297,4068,2814,2190,1106,2681,3001,2004,9823,2500,294,4896,4974
3836,2013-05-29,2013,5,29,8147,9794,4426,2353,1092,5422,2976,1256,4588,1923,370,6395,4497,9188,9297,2128,9648,1668,6112,4398,750,4897,2792
3837,2013-06-01,2013,6,1,9025,8563,3201,534,8640,8587,5423,4862,2546,1067,826,3858,6253,7628,3027,8199,4308,7491,2203,4730,5946,5017,4594
3838,2013-06-02,2013,6,2,8858,9054,1821,380,4057,3838,3870,1120,9268,8497,6038,5224,392,2764,1333,7552,7689,1204,5145,2117,5894,8267,7081
3839,2013-06-05,2013,6,5,7121,6546,8165,8164,4136,9857,1346,2354,591,8381,3430,6558,5968,585,1627,2331,1256,8352,6281,5178,1732,3923,1125
3840,2013-06-08,2013,6,8,3324,1903,9844,8317,47,8827,8147,4088,6243,9065,5840,4582,2240,4094,8614,9148,2141,8959,2034,8995,1159,1238,5147
3841,2013-06-09,2013,6,9,7542,8296,8598,491,560,5340,6479,8443,1676,8618,221,3138,1742,5576,6319,8008,5516,1497,3569,9699,7018,6601,791
3842,2013-06-12,2013,6,12,118,5560,5841,600,1265,9055,6747,9521,3619,8929,2395,5176,6065,4641,3360,5661,9112,7673,8860,5320,8694,8683,7009
3843,2013-06-15,2013,6,15,5748,9560,4513,6199,5242,5549,9219,5505,5895,2085,9368,3543,5790,9650,5931,6577,4213,3996,7047,2991,6942,8428,9433
3844,2013-06-16,2013,6,16,180,8952,4456,1916,8145,7354,73,3033,9339,2763,6865,5659,7570,4044,6089,8743,5037,9211,8074,2399,970,1395,5695
3845,2013-06-19,2013,6,19,4745,7327,3933,1288,2232,791,2098,2643,6693,7237,556,2861,7634,362,2449,6469,2827,3607,6497,8139,454,6337,5618
3846,2013-06-22,2013,6,22,9835,6143,2567,1981,6829,4974,5640,4568,6244,8150,8823,3885,8365,9023,3985,157,5158,9661,624,8441,666,151,6009
3847,2013-06-23,2013,6,23,5820,1087,8187,6957,9360,6425,7995,7613,5291,8464,8955,2753,2458,1125,4580,9825,7941,3287,2414,3202,2717,1377,6235
3848,2013-06-25,2013,6,25,9266,6376,665,7875,3662,6591,9017,1330,3976,7506,6125,2701,3297,6773,3927,9724,2251,8448,8977,8276,6275,3539,6342
3849,2013-06-26,2013,6,26,3851,3483,743,7520,3957,7865,8601,1983,1959,4216,444,554,4713,8704,3986,662,7067,4836,8105,5022,5890,5544,4018
3850,2013-06-29,2013,6,29,226,9539,8621,9330,1934,2402,8918,2929,4188,4537,1611,1611,6849,7915,2856,6446,7537,1115,3193,1053,9385,9527,2763
3851,2013-06-30,2013,6,30,236,2347,3937,8428,717,1151,1714,4284,5666,4679,7869,1022,6450,2104,4044,5429,9245,6301,8509,3675,8432,346,985
3852,2013-07-02,2013,7,2,1207,871,6128,3272,6790,1312,5232,2905,1976,8975,3816,1204,406,9134,5212,7761,7236,7139,6606,5998,9845,9066,9457
3853,2013-07-03,2013,7,3,8954,8284,858,6533,1550,9950,5064,7171,3240,5442,2916,1574,7344,1235,3468,5690,4960,7193,9872,7171,1070,8522,5655
3854,2013-07-06,2013,7,6,4040,527,7357,1036,4057,4379,5998,7000,6629,854,7291,3526,208,1442,4416,2171,1897,9643,405,6647,1994,6170,8197
3855,2013-07-07,2013,7,7,195,5082,4137,3156,9964,4083,5774,9138,4597,8932,3093,6211,6507,9539,8870,4011,2191,451,4139,3617,5505,307,7320
3856,2013-07-10,2013,7,10,6954,2762,7026,9044,4832,540,2671,5816,2785,8718,538,5775,8724,4292,2429,6002,8614,6212,3577,2927,5093,754,9634
3857,2013-07-13,2013,7,13,582,2118,7999,337,4547,1053,3959,5153,3591,3691,619,7363,7943,1193,1617,5745,8016,3900,3950,2795,9482,5254,2185
3858,2013-07-14,2013,7,14,9906,571,7306,8,5007,4162,9974,1239,132,3429,3720,4581,6603,9935,4597,7853,2420,8495,6347,7413,3396,8092,5386
3859,2013-07-17,2013,7,17,2780,5824,4019,656,2667,3786,6264,5012,7048,254,8949,1390,5052,2909,5686,296,8031,6167,4341,7800,8700,819,1626
3860,2013-07-20,2013,7,20,5508,62,2127,9048,2954,6201,3477,3695,4203,8354,4502,3850,8316,901,3405,6645,8877,7716,7976,377,715,205,7213
3861,2013-07-21,2013,7,21,6179,5902,4661,3803,3697,8316,8935,5755,8952,8722,458,7447,9414,2711,2903,8863,9368,9193,1379,4334,1686,2053,5227
3862,2013-07-24,2013,7,24,1871,121,3373,4220,4078,1352,4199,4674,4415,8250,4935,490,5686,8803,8605,2660,2628,6366,7368,2701,6646,4442,9091
3863,2013-07-27,2013,7,27,8865,4505,3652,857,377,5410,1111,3408,7673,474,894,9535,2598,1451,7138,9416,9316,2793,3486,1425,9296,9463,6783
3864,2013-07-28,2013,7,28,3374,2673,4,3233,6512,8366,3656,9959,196,9502,594,9847,8158,852,1303,728,9339,5099,5938,6538,7093,7862,6804
3865,2013-07-31,2013,7,31,7650,5940,567,3455,9360,6926,9344,1013,447,9175,4889,4714,4177,9314,5048,7118,8452,3478,9932,573,3063,6784,2449
3866,2013-08-03,2013,8,3,8527,9122,458,430,8341,5353,5768,7038,4287,572,9914,7914,9130,7106,1420,8886,3402,5785,7162,9824,6484,2601,7478
3867,2013-08-04,2013,8,4,9718,205,4729,4083,1054,7116,1860,138,4757,8264,5529,4902,7133,4190,9265,2248,2494,5011,3199,3052,3716,9544,3322
3868,2013-08-07,2013,8,7,5829,1820,3872,4519,7603,166,6635,3641,1125,4680,2228,978,3522,5713,9805,299,8311,9936,6520,9656,7664,6700,9391
3869,2013-08-10,2013,8,10,5114,990,543,2345,7115,8113,119,1807,1016,6199,1345,7790,2247,9198,8196,881,5172,5853,2117,7297,368,8966,4927
3870,2013-08-11,2013,8,11,8617,8779,8573,8205,8724,5195,4880,6811,6114,7856,3503,4266,505,3329,4408,3064,250,638,7661,7665,2230,5273,8360
3871,2013-08-13,2013,8,13,1019,3200,6803,5906,892,694,8838,8672,8952,7238,3684,6071,4274,1573,8595,3795,7953,152,8771,5382,5036,2356,7074
3872,2013-08-14,2013,8,14,3220,4616,4625,8715,4233,7580,7854,7119,8334,8947,5399,2183,4540,6019,4663,431,5682,1633,6155,8756,7350,5835,7731
3873,2013-08-17,2013,8,17,5681,754,2554,3065,678,4004,502,7131,8323,3286,6527,6753,3263,1711,8750,9614,9138,2453,5416,48,8777,7573,9034
3874,2013-08-18,2013,8,18,7032,9902,7070,7221,5038,8463,1615,858,6080,2794,9810,8910,823,1961,7875,2440,7360,369,4751,3892,7660,2874,2734
3875,2013-08-21,2013,8,21,4168,5067,5095,9176,5226,3360,9441,8113,6737,3704,1935,5319,9627,7508,8135,9188,2787,4024,518,1920,1452,1168,3783
3876,2013-08-24,2013,8,24,9256,2777,3273,8259,87,7175,4826,1447,8011,9859,2718,7103,861,160,9082,2994,2216,1096,5072,3755,4340,5177,1106
3877,2013-08-25,2013,8,25,962,5772,4949,6569,6116,6542,2955,1155,6880,4636,2659,8006,3885,8114,8216,6282,9151,5268,902,3331,2893,2380,4546
3878,2013-08-27,2013,8,27,493,8855,1357,2032,8773,372,7708,1044,6404,7700,9522,4901,2425,5913,5987,4430,9748,41,202,9471,6458,110,4942
3879,2013-08-28,2013,8,28,2009,7165,8466,5595,658,377,3899,1599,3862,9077,4571,5683,9920,963,6917,844,3190,1661,9138,9172,5347,9740,2360
3880,2013-08-31,2013,8,31,1007,2909,6398,3797,1825,2011,934,2582,2567,9734,3048,5253,186,713,7729,1187,5140,6085,6302,3956,9513,3933,1748
3881,2013-09-01,2013,9,1,4494,4270,7108,6096,860,6878,4197,8962,9456,6970,1603,5186,6555,4047,8991,7978,3189,513,7399,2103,1960,365,1742
3882,2013-09-03,2013,9,3,7731,8876,90,7497,2427,4860,3094,7127,3750,3957,4337,1762,3171,7406,951,2689,9188,6010,6712,2525,1961,4032,459
3883,2013-09-04,2013,9,4,1443,6651,2901,74,6725,3895,1711,9157,8178,950,6564,5942,3741,7429,487,2137,99,3288,4172,6346,6646,5116,1138
3884,2013-09-07,2013,9,7,3407,5022,7217,1906,3547,9995,2551,6219,6328,3298,1408,4287,8639,7649,9779,4085,5688,3105,5164,4506,9713,2055,9646
3885,2013-09-08,2013,9,8,7139,7732,6737,2073,8889,3478,9400,4887,3174,9876,4605,1863,3938,7999,4582,7823,4567,5037,4416,2323,5379,4326,4726
3886,2013-09-11,2013,9,11,1593,9627,5413,1324,3701,7853,4888,7864,8807,8296,4454,292,1223,8563,5404,5494,9725,8621,6167,3925,8524,8917,1213
3887,2013-09-14,2013,9,14,3305,9138,3910,2047,6518,5687,680,4054,1379,2933,4457,9498,5700,6678,7434,1747,8708,1474,2566,624,7600,93,1890
3888,2013-09-15,2013,9,15,2911,1441,7822,7239,7497,1273,4820,3285,9976,5920,414,5599,7187,57,4890,7938,6619,5956,5837,356,9703,5595,7115
3889,2013-09-18,2013,9,18,1760,2843,785,5593,5444,5226,8808,5377,9232,4820,3071,2588,6316,9394,8853,6770,9399,1012,6568,3207,1595,9165,3084
3890,2013-09-21,2013,9,21,2785,9273,3328,6151,7796,2986,8548,9259,5485,7412,8952,7766,4970,1411,3175,1335,6328,4793,3895,451,6632,3772,3692
3891,2013-09-22,2013,9,22,4601,4351,513,694,7592,6532,8473,144,2227,1672,7270,1301,8340,9033,6750,5727,3169,8252,9601,5731,990,2471,7217
3892,2013-09-25,2013,9,25,3965,8826,20,5659,3524,6401,5459,2887,897,5673,713,2911,2527,7127,9754,6370,9308,7754,1221,5939,9948,1599,8491
3893,2013-09-28,2013,9,28,2119,55,9111,9353,4491,1131,1561,3141,7372,8453,3368,7460,637,551,4473,9886,4668,702,3695,5784,771,5499,9563
3894,2013-09-29,2013,9,29,3224,5937,2176,8031,8589,5284,6594,6046,4623,3571,1711,6046,2785,9676,5975,2900,6095,301,1383,9291,3489,8767,2052
3895,2013-10-01,2013,10,1,46,8935,4455,5565,2775,7900,939,1978,979,8138,6096,6775,7165,4060,8113,896,8953,6690,5518,6703,6904,7279,2082
3896,2013-10-02,2013,10,2,2451,9773,5011,1320,8367,9279,7025,2969,6481,8089,1734,2341,5522,4375,4251,1587,9610,2401,3343,6905,6670,2136,154
3897,2013-10-05,2013,10,5,4173,8039,9851,9227,9274,3817,6627,8470,2634,2210,9461,13,9629,7236,5126,5075,7718,7667,9444,1426,8362,5285,9711
3898,2013-10-06,2013,10,6,9466,1627,3075,6028,1892,2882,3207,5167,6832,259,34,1326,1648,4108,8807,7015,9162,7562,149,6353,8730,7417,7454
3899,2013-10-09,2013,10,9,3089,3754,8119,5444,7846,8925,4410,2769,5985,8568,8352,5633,2482,4998,2946,9452,7260,8881,820,2869,6093,1102,58
3900,2013-10-12,2013,10,12,4491,5015,3556,1277,8581,9798,3256,1597,7963,4499,3160,1999,4552,7861,5899,9551,6580,7768,5638,6271,3418,2893,6900
3901,2013-10-13,2013,10,13,2649,2006,8506,6557,5411,3533,6764,6450,5334,4379,6121,8352,3083,4064,3403,2153,4265,7343,2059,4804,3857,648,2944
3902,2013-10-16,2013,10,16,9720,5771,4776,9282,9224,4065,4662,4186,9906,2869,3997,1253,4738,6894,4924,4314,5455,2404,2130,6026,7142,1508,8974
3903,2013-10-19,2013,10,19,419,3841,3661,7736,1137,9914,337,4805,6090,8690,6395,4684,3964,3707,7459,1098,7,6478,4987,552,4377,7912,3193
3904,2013-10-20,2013,10,20,2289,9584,2230,4639,5150,2134,2220,7117,5775,9550,3652,627,346,2912,1397,9765,4716,4889,6968,5373,1077,5434,821
3905,2013-10-23,2013,10,23,1689,2346,9157,956,8492,1841,1032,6471,4499,5114,4775,2567,3410,6659,7959,9292,9813,3200,852,4291,7757,934,1481
3906,2013-10-26,2013,10,26,4683,5324,3137,4887,8760,4851,2756,1858,1348,7122,9636,961,2030,6800,7793,7998,8931,9093,5159,9256,312,5241,8070
3907,2013-10-27,2013,10,27,2408,6242,6466,5514,5872,9961,6946,6382,3263,8343,4570,4690,2913,4379,791,2191,6067,2778,8927,5157,4276,8867,168
3908,2013-10-29,2013,10,29,4456,4030,228,2162,3856,4344,7700,6520,4957,7484,7293,1355,7856,9398,5033,5650,3472,6773,8967,4168,3451,6163,8576
3909,2013-10-30,2013,10,30,5577,9330,6308,7109,6895,643,9366,7474,6096,9786,1538,8827,8423,8061,5074,6927,8993,7037,105,4924,9484,3964,3558
3910,2013-11-02,2013,11,2,2266,1864,8360,7014,5620,5484,2229,5298,8761,4477,6495,7916,8457,5894,5996,6945,6542,5347,8235,6787,3551,6011,6597
3911,2013-11-03,2013,11,3,8850,3709,4810,5832,6611,2508,3197,5140,5346,9744,936,3465,5020,6198,7133,4834,1840,4022,1647,9715,6629,9884,2539
3912,2013-11-05,2013,11,5,7826,4582,1187,6652,7266,7944,7609,2553,9887,1266,3351,3047,9579,4180,1763,2892,2600,9554,5347,9388,9651,5071,3952
3913,2013-11-06,2013,11,6,8670,8473,2130,8946,1311,5971,6615,1167,4556,4230,3162,5021,3565,7805,7909,5358,7744,5962,312,1953,7685,2045,6270
3914,2013-11-09,2013,11,9,4811,9227,9631,7642,7739,434,8699,8371,1812,8275,1025,6898,4059,6197,6655,9265,960,1039,4115,218,3026,6733,6537
3915,2013-11-10,2013,11,10,1200,1061,6669,4779,4999,6735,6262,7124,8726,6251,1268,7913,1786,5795,1120,5036,424,6495,7753,3685,1193,757,7141
3916,2013-11-13,2013,11,13,3318,6494,6747,9868,3522,3383,6662,7065,9156,1770,3857,7147,1076,2817,1142,8643,4607,5900,2333,3807,1899,7519,9254
3917,2013-11-16,2013,11,16,2597,5141,7546,7365,7061,91,1180,3982,320,3089,9670,3478,2141,647,4161,4217,109,2550,237,1093,9880,3956,866
3918,2013-11-17,2013,11,17,7843,8251,9876,8632,330,6378,1357,8038,1715,2278,9244,9454,6117,4356,3438,8364,1070,8868,3749,7003,1986,4728,1204
3919,2013-11-20,2013,11,20,8716,9506,783,3597,3617,5805,310,9545,9202,3827,8488,9587,5310,4285,1259,881,3531,5847,2859,1217,1084,7545,2815
3920,2013-11-23,2013,11,23,1754,9772,2106,44,7592,3203,6849,5801,4818,3038,4317,529,2824,2979,107,2868,5105,5399,8264,4158,1212,9202,8361
3921,2013-11-24,2013,11,24,8841,9702,8863,7087,2476,4230,4861,1285,2627,4090,6492,8506,5197,8940,6262,6027,5875,8709,7775,6762,6984,7432,4351
3922,2013-11-26,2013,11,26,3712,7197,7389,5385,3363,9297,8881,6020,1724,291,5203,5380,3774,2762,3685,7193,8835,6405,9053,9445,6662,9773,4503
3923,2013-11-27,2013,11,27,3625,4355,7016,2083,9898,299,9099,1381,120,8815,4866,5677,3491,20,4955,5242,3078,4840,1322,2158,4624,6932,944
3924,2013-11-30,2013,11,30,3184,5562,9651,1601,8759,1858,8131,8054,2326,1647,2788,9233,6665,9037,573,4546,1465,3312,6081,8732,6227,7203,9659
3925,2013-12-01,2013,12,1,1648,5697,6127,592,2126,2348,2178,77,7285,788,3591,7892,1689,2459,8425,3278,781,8924,5938,3443,5778,6355,2675
3926,2013-12-03,2013,12,3,4331,1613,7666,6210,9173,1435,3870,389,6200,7030,4485,2608,7877,4374,9650,728,1297,7528,2260,1305,261,2158,786
3927,2013-12-04,2013,12,4,7134,3308,9410,3339,3771,1396,1597,4161,3876,9988,5300,4522,6171,5681,3074,300,4321,6636,5111,4805,1833,5143,5853
3928,2013-12-07,2013,12,7,1280,451,6066,7928,803,4127,9832,5984,5317,9961,2016,2243,9533,5269,7107,9470,4996,4770,4895,6430,8214,3074,776
3929,2013-12-08,2013,12,8,2909,3540,1709,9575,477,7051,8311,3666,3890,9948,7400,1220,638,9418,1902,5367,3617,4906,1873,757,5974,3712,545
3930,2013-12-11,2013,12,11,6101,1299,7072,6373,8776,1853,182,1091,8047,2035,7936,6579,3389,7627,9339,4816,1248,1227,1017,3876,3080,4901,3939
3931,2013-12-14,2013,12,14,1126,9102,7657,9231,2077,6705,3455,5867,2860,8351,364,2821,7139,4430,8359,6926,347,8991,6445,3669,6208,1673,2301
3932,2013-12-15,2013,12,15,9479,7088,6935,2618,3984,4790,8108,4638,6041,5258,9000,5328,9305,3241,8156,8341,7604,3121,793,3125,1797,647,2357
3933,2013-12-18,2013,12,18,1926,5626,4521,1170,6845,164,1441,8247,1532,7536,6284,1963,9949,9878,6351,3213,4691,7820,1611,892,5293,6621,5261
3934,2013-12-21,2013,12,21,126,4397,6664,8122,8590,2380,9536,1134,9035,6527,7908,4718,9791,2229,752,5780,183,193,1990,2700,164,7672,1263
3935,2013-12-22,2013,12,22,1300,6229,654,8859,9571,6340,659,7507,8709,7912,9119,3546,9495,3358,8816,4816,5006,1640,4680,7319,4385,6836,4934
3936,2013-12-25,2013,12,25,2099,1026,920,9109,1951,6626,1642,7924,9760,8124,9405,4249,5409,4631,404,9086,8504,6922,7620,6361,7778,3052,5371
3937,2013-12-28,2013,12,28,4766,4934,9697,4291,7951,5631,9400,3704,2081,4306,4956,4406,3950,2619,2891,6212,6045,359,9436,1258,3767,9045,6880
3938,2013-12-29,2013,12,29,4270,9213,4411,2242,3537,9474,4360,7332,6029,6420,259,5549,3389,6164,4400,9857,8016,6714,7317,2253,8961,808,1743
3939,2013-12-31,2013,12,31,7928,1,7421,6481,3311,115,908,9136,2873,4874,9315,7015,8386,3958,2658,6218,4088,6266,1831,4588,7593,5915,5684
3940,2014-01-01,2014,1,1,1034,643,7825,4450,5813,5728,150,4309,805,8265,5727,1159,4557,5735,5979,7934,1431,649,1485,1690,4341,62,7804
3941,2014-01-04,2014,1,4,7424,3541,1244,975,4845,7172,9207,9932,9846,6318,199,4211,5310,8391,6522,8905,3831,1547,5058,3457,3897,7303,8980
3942,2014-01-05,2014,1,5,4601,2641,290,4024,8505,8216,6489,8707,4499,4429,2142,8508,5060,9018,655,8219,8027,31,9636,1319,5750,703,4623
3943,2014-01-07,2014,1,7,5971,6958,983,6804,8957,2527,8787,4255,2086,3871,4435,7956,2248,3297,4772,5415,38,1309,6329,2665,2256,9120,4678
3944,2014-01-08,2014,1,8,8736,931,6566,2080,2233,7898,6148,9938,8432,7332,495,991,9460,5037,3183,7688,8998,7655,6995,7951,6153,5109,2284
3945,2014-01-11,2014,1,11,1316,5329,5048,6226,212,5269,6998,7107,9722,5116,1394,4758,5118,8306,5349,2513,4345,3180,1339,8458,9947,8593,3478
3946,2014-01-12,2014,1,12,7338,8927,1001,5313,4836,4758,1649,1335,9928,2243,5872,4776,8314,7370,268,3437,1252,1568,5024,841,2742,2270,2857
3947,2014-01-15,2014,1,15,5225,1469,3760,8425,7667,6584,4503,6420,8856,2949,5789,4194,1374,776,9655,5076,4858,418,698,3302,7101,8649,9456
3948,2014-01-18,2014,1,18,3967,2860,4805,1630,3845,7045,4346,1332,216,8037,1677,3333,8845,6046,2841,4043,5637,5367,3157,7007,9415,3543,2287
3949,2014-01-19,2014,1,19,3105,9761,5926,3758,4427,7987,7086,1416,8278,4475,2913,5419,573,364,1875,6962,2175,920,8179,3412,4853,2528,6399
3950,2014-01-22,2014,1,22,6005,3921,9586,4085,6207,3321,5323,9004,9701,2077,5180,6494,7291,5684,1523,9587,5035,3795,1377,3488,2266,9835,1232
3951,2014-01-25,2014,1,25,1940,4109,2328,9392,7973,9350,714,934,100,434,8000,4935,4100,7081,3635,4746,3979,2268,6721,9785,292,7788,7530
3952,2014-01-26,2014,1,26,5914,3336,3606,7982,9310,4534,1619,3677,9920,4302,130,6482,8672,1212,9286,6238,1238,9401,9974,6094,7983,7697,4522
3953,2014-01-28,2014,1,28,6967,1247,9522,254,1746,8302,9003,1966,7669,2761,2542,8665,6130,9555,6516,1853,8468,4054,983,7127,6218,224,1606
3954,2014-01-29,2014,1,29,2782,8179,7817,4948,4040,8317,9511,3491,256,1551,4059,4593,2332,3872,680,7393,8736,6536,7705,302,6453,4831,1547
3955,2014-02-01,2014,2,1,2839,8411,8707,5323,1511,2579,1054,5373,1069,2289,2222,3164,2232,3164,5344,7071,571,6613,2618,303,8064,6629,6969
3956,2014-02-02,2014,2,2,7035,409,3018,115,3651,3814,5274,1701,5948,718,660,6367,6833,2242,3,8769,1070,4924,2083,3265,1568,2091,3135
3957,2014-02-04,2014,2,4,1444,5503,4810,3658,3441,6537,5219,8449,4958,1625,9163,3412,635,4757,1463,2933,3498,3406,4618,6835,4729,8231,8562
3958,2014-02-05,2014,2,5,1585,4521,2430,1189,9074,4097,949,9279,8082,1396,75,7120,109,2496,9795,7043,2757,9378,9094,1927,9864,6560,3947
3959,2014-02-08,2014,2,8,6452,736,9361,10,5244,853,6416,1861,2236,9205,7506,7124,9485,6906,9869,7293,9231,2227,8207,5877,7271,6327,5782
3960,2014-02-09,2014,2,9,9638,9837,5029,6535,2863,9436,3021,1692,6808,1650,8511,6499,5867,9854,1588,1316,6894,4807,9808,2357,2337,4899,8164
3961,2014-02-11,2014,2,11,3803,6994,6062,2416,1261,9269,6870,3196,5447,6875,669,6188,2487,6755,756,5902,7736,2478,1155,436,9543,7230,715
3962,2014-02-12,2014,2,12,9972,2507,7834,8420,5742,8663,9077,2720,5213,8393,911,3516,8255,3903,7609,5994,5781,9199,8778,9497,9624,4410,6896
3963,2014-02-15,2014,2,15,2077,5809,975,9285,5194,4768,9234,1148,7140,8548,494,7486,3058,284,8059,3443,9566,9219,5294,5412,1900,7122,8642
3964,2014-02-16,2014,2,16,4470,863,1628,4518,5100,7339,6954,7386,7145,318,1061,6354,5990,4976,4953,8369,3674,694,4520,1570,6212,8222,2977
3965,2014-02-19,2014,2,19,3388,3532,5023,5817,7968,1128,5972,5555,7949,888,3118,3058,9851,1827,409,9938,1122,9419,4479,1068,1534,8604,1121
3966,2014-02-22,2014,2,22,623,3097,4564,1518,408,8392,6680,6890,4033,6054,9988,8612,6174,2039,4434,4570,1652,1378,847,4101,8596,2186,315
3967,2014-02-23,2014,2,23,5184,7482,5072,8478,5061,612,839,7897,1141,6143,1036,501,5452,166,1684,6136,8051,2698,5031,4262,259,7423,3202
3968,2014-02-25,2014,2,25,4020,4163,7830,5626,101,5466,1512,7483,7215,4102,4065,2540,910,6931,9528,6800,2040,5527,6865,6343,3808,4752,6931
3969,2014-02-26,2014,2,26,428,8559,1743,25,2886,2810,1326,3725,1091,5837,2409,9849,4716,2851,7570,924,6659,9747,9715,4602,7452,1705,9376
3970,2014-03-01,2014,3,1,3604,3185,6114,2638,3143,8463,6259,4439,8076,3679,9779,3172,8831,4327,3699,4418,4967,9463,9210,7555,770,9692,7675
3971,2014-03-02,2014,3,2,5800,4568,5399,1929,8114,1492,6936,2747,2412,1000,2573,2117,3821,8310,4708,512,2584,5276,6239,1186,8183,3220,2051
3972,2014-03-04,2014,3,4,9924,3839,5108,1099,569,4226,7681,4370,391,8522,580,8004,7125,3358,6505,2264,7215,8976,4066,986,7254,4887,8423
3973,2014-03-05,2014,3,5,6033,215,3955,4290,9133,8889,9327,3740,8867,1074,1399,733,5914,2773,6881,9534,8634,4443,2768,5226,7931,8954,1165
3974,2014-03-08,2014,3,8,77,6609,3095,8734,6554,3261,4013,9248,3903,3483,4493,5933,2708,8120,5919,6301,8942,7099,463,5948,8666,7656,6899
3975,2014-03-09,2014,3,9,1771,305,2187,1941,4703,6119,9232,2166,865,2115,737,5715,1457,6753,2181,8542,6057,4528,7288,7682,1532,3842,7447
3976,2014-03-12,2014,3,12,98,7494,1198,6594,1052,2173,4038,9104,5483,5590,7827,1815,2035,4844,1394,9912,9245,6664,4268,8704,8661,3913,8017
3977,2014-03-15,2014,3,15,407,4392,5136,5152,7598,916,9642,8507,7940,6171,2973,7724,118,7799,8435,9922,9967,3806,7137,3694,8155,591,6097
3978,2014-03-16,2014,3,16,7406,14,4457,5832,4582,609,3745,9800,6205,8514,1858,9479,1592,9400,2249,5899,1596,2841,36,5818,9245,8131,1876
3979,2014-03-19,2014,3,19,493,686,1400,5656,4439,5041,4036,6749,3330,177,2296,508,1773,4925,213,954,8230,7715,4110,4046,6574,102,2030
3980,2014-03-22,2014,3,22,8812,9673,3841,6469,3258,4115,1969,1150,139,3404,6280,746,1064,627,6813,3836,558,6826,890,8744,9541,5232,4529
3981,2014-03-23,2014,3,23,9767,3447,7819,9385,8429,5619,7413,7936,9439,6338,8226,1709,3739,6001,4703,7498,5432,9247,5252,6135,8232,271,4688
3982,2014-03-25,2014,3,25,3707,1188,4005,6253,3099,6915,8139,9617,3968,7840,7093,1073,4478,46,1865,8052,8646,8538,3255,3935,8204,1785,1626
3983,2014-03-26,2014,3,26,3402,2243,639,1278,4181,6303,7733,4684,6436,9542,6565,2974,3228,6810,6272,9759,6853,5442,1674,6229,5010,3870,2021
3984,2014-03-29,2014,3,29,1077,7935,692,3490,2790,7216,3447,2823,1882,1455,4687,3508,8682,861,6108,6302,7959,7139,8566,5865,5732,1983,6217
3985,2014-03-30,2014,3,30,9409,2753,7138,5487,6250,9796,7764,2300,4514,6811,6154,4183,4279,3769,3528,9849,5495,3267,9089,3433,5475,7919,1824
3986,2014-04-02,2014,4,2,6642,7064,1242,4947,6594,4283,6352,5927,9026,7316,2757,8430,443,8604,5288,5989,8965,8702,3285,9194,2835,7923,5638
3987,2014-04-05,2014,4,5,8423,9576,5843,2678,107,1268,7806,9018,1380,1636,1335,7298,8803,7487,9353,2313,7192,2504,8903,9839,8055,2633,4242
3988,2014-04-06,2014,4,6,8412,1597,919,4025,7077,2597,4884,4687,8897,5177,7777,3791,33,7696,9837,6380,7183,2882,3462,9158,1698,7724,5820
3989,2014-04-08,2014,4,8,4611,1986,5061,1434,6515,1812,7420,2877,8523,5094,500,2264,9410,8875,8604,5509,6348,5136,9427,2661,6668,7469,4616
3990,2014-04-09,2014,4,9,5107,1043,6115,7573,7648,9320,1977,2389,945,9535,7055,9194,9382,9963,833,2477,1050,1858,291,2763,3468,4283,3699
3991,2014-04-12,2014,4,12,3834,3184,5442,2609,2140,7428,8044,9336,6231,789,2178,4712,3594,4733,5716,8791,3206,5881,9258,5183,5864,5476,8995
3992,2014-04-13,2014,4,13,8719,3490,6070,2121,1268,8917,7483,8674,7634,7388,2107,760,2641,3376,7892,3097,2624,6455,5377,6865,9993,4935,9787
3993,2014-04-16,2014,4,16,6988,2530,2614,3717,3267,3082,4560,717,8375,1741,9421,7838,1794,2873,6992,9565,6406,3434,3666,9803,7810,1241,7820
3994,2014-04-19,2014,4,19,9126,6990,8940,3853,2982,2584,7816,5094,1792,8057,6050,2519,2803,6386,8541,123,1601,8109,7378,9991,9377,4993,7009
3995,2014-04-20,2014,4,20,7062,957,3460,7760,174,9169,4287,4951,925,9627,1775,942,9624,9911,2987,5399,5724,4061,4299,1391,5558,7260,8698
3996,2014-04-23,2014,4,23,4298,8060,7163,4593,3908,3602,8631,7469,7901,936,7778,9444,6471,5968,4562,9263,9597,3312,955,6579,1950,9550,500
3997,2014-04-26,2014,4,26,4101,6849,5231,5733,8345,6065,7168,7665,501,8333,6171,7368,6791,5421,6533,3915,1809,2422,6381,8211,8848,4120,3103
3998,2014-04-27,2014,4,27,1059,7624,7484,3122,1548,1184,9947,630,5577,7891,2209,5285,6388,6787,3659,8236,9329,8645,9195,8320,526,2058,7632
3999,2014-04-29,2014,4,29,4595,695,7288,2081,5743,61,3211,6136,5078,3026,8365,2562,7780,6396,2728,5282,1934,7645,8120,5352,3741,4838,8592
4000,2014-04-30,2014,4,30,3041,4595,2534,8362,9908,6703,3582,5118,9589,5386,6812,5550,5297,7708,5282,5607,9703,8568,6602,1181,8202,1028,3550
4001,2014-05-03,2014,5,3,1097,5397,8241,3159,4394,3025,7957,5602,3859,7888,4629,3004,2726,6618,195,8046,9822,8035,9725,1322,4195,1200,6097
4002,2014-05-04,2014,5,4,1356,8245,8989,2834,6547,8642,7020,4360,5042,5741,5181,6597,2957,8233,2541,5137,4941,817,4133,372,2050,7866,7422
4003,2014-05-06,2014,5,6,560,7331,6285,6747,1965,7224,6988,4572,9051,6277,3105,5673,8222,4283,4896,4175,6479,4946,8904,998,13,5026,1744
4004,2014-05-07,2014,5,7,5824,4066,8355,6442,6472,3297,3860,7033,2518,8931,5611,1299,5509,2230,462,1916,9651,7375,7731,4173,9011,8195,5393
4005,2014-05-10,2014,5,10,4631,4969,5631,9804,795,4699,6854,9697,4619,7867,2057,720,7609,7772,2784,9766,823,7739,4230,4823,6359,1610,4121
4006,2014-05-11,2014,5,11,6502,1494,6020,3846,2092,78,8039,6150,1368,4746,6426,8547,1791,435,1464,7845,9618,646,8380,9017,3477,7560,3359
4007,2014-05-14,2014,5,14,9946,8333,3727,4167,9105,3404,8611,6238,4680,7585,4165,5108,8820,7860,7244,5697,3895,6182,3237,4271,3182,8764,9721
4008,2014-05-17,2014,5,17,2247,5049,733,5056,9394,1137,2748,7948,9376,9993,5668,4940,7930,1726,5046,9196,3623,4911,1482,5361,8059,7129,7586
4009,2014-05-18,2014,5,18,5600,5355,6013,9907,7450,4947,1196,8528,9210,3191,7984,659,7005,8048,567,6276,8268,1844,1800,567,8731,4652,1865
4010,2014-05-21,2014,5,21,4444,3974,2840,275,4795,4431,2223,9535,5755,5551,4743,6767,5131,273,6736,7969,9240,1440,331,3332,8742,9712,5188
4011,2014-05-24,2014,5,24,9422,6662,7006,8025,2059,4484,7363,1542,5341,4110,3460,44,2092,1202,4614,683,7921,3925,3214,6770,5978,1305,1036
4012,2014-05-25,2014,5,25,696,2390,6667,3845,944,9837,6995,8416,2883,3372,4362,6482,2434,7180,5278,2109,7319,5267,1569,4738,3896,3671,6522
4013,2014-05-28,2014,5,28,5475,5265,7456,448,1305,658,5828,3710,2591,761,3715,3783,3308,8575,3232,941,3272,1486,6899,3234,8380,7840,1207
4014,2014-05-31,2014,5,31,8550,4985,2602,4289,4063,338,2289,5718,8368,1148,794,1000,8216,9983,190,7609,4948,8787,3728,7786,3670,3688,204
4015,2014-06-01,2014,6,1,1992,2360,3478,8774,7784,9615,7587,2986,6092,6297,2919,6225,8646,9480,924,6066,6197,4232,2554,7029,9163,9386,248
4016,2014-06-03,2014,6,3,9946,6065,1922,8093,8441,5219,6539,2866,695,9068,2771,5382,3577,7248,3744,1975,3541,4278,3238,5434,9486,784,568
4017,2014-06-04,2014,6,4,2758,9740,5115,9880,9683,1980,6858,951,4661,8091,2724,3893,4930,9708,305,22,6732,633,5279,1973,9461,9162,6727
4018,2014-06-07,2014,6,7,7258,718,6925,9349,3151,6542,7505,776,9307,2992,3926,6422,7434,3529,1140,924,3809,8925,68,272,2930,3625,6715
4019,2014-06-08,2014,6,8,9113,9123,9377,1356,3864,3860,1775,5314,5756,1732,3454,1373,5863,6849,1090,5068,9532,3801,2814,2215,551,6416,1520
4020,2014-06-11,2014,6,11,5722,7639,6072,3125,928,9563,6826,1443,1167,4934,5826,2990,4937,1581,950,9562,5503,4870,9188,1727,4204,5023,9640
4021,2014-06-14,2014,6,14,3537,8464,4386,7789,215,1307,8202,2912,8739,638,9740,6601,373,2998,395,7741,6526,3723,4142,8455,7171,8463,4052
4022,2014-06-15,2014,6,15,1107,3276,6224,7966,5578,5527,6041,9330,6581,2070,3956,8930,8284,4950,6592,2675,8587,6032,2056,859,6849,1402,9398
4023,2014-06-18,2014,6,18,4847,3318,2779,7774,4719,1715,9454,4054,7255,3258,7290,6819,4804,4799,4765,6393,5632,719,9055,4153,1937,6972,8826
4024,2014-06-21,2014,6,21,9414,65,9847,6564,5838,1929,2976,1423,3323,4854,7214,8176,7339,9219,2115,9486,8001,3520,1818,1247,6006,4736,4257
4025,2014-06-22,2014,6,22,4210,975,2305,6174,8040,8112,6434,8930,5979,9040,6724,979,6444,7047,6686,6605,7222,8928,2028,3504,7048,5337,3845
4026,2014-06-24,2014,6,24,102,6297,7032,1281,1351,105,1329,2958,9926,8395,1657,708,9177,1694,8110,3776,2652,4865,5890,1706,8182,8957,782
4027,2014-06-25,2014,6,25,5738,8639,3374,7405,1235,9067,6340,3366,8874,1195,4553,7087,534,8916,174,2235,2765,4377,8454,1371,3531,9410,3406
4028,2014-06-28,2014,6,28,448,5961,8016,1351,997,6075,7881,5674,7952,8484,2858,1783,7481,238,7606,9303,2474,6941,9365,3660,8882,9024,1144
4029,2014-06-29,2014,6,29,7652,1005,1125,319,9170,9125,3351,4220,349,5151,7252,2506,2982,3019,4861,8472,6455,7090,7405,6624,4112,8134,9357
4030,2014-07-02,2014,7,2,2526,9631,7494,28,2439,8761,8110,537,2902,7798,3494,1847,8975,1437,598,3754,4780,5787,8163,7644,9677,8449,9452
4031,2014-07-05,2014,7,5,9753,9908,836,6018,5583,2566,9709,1518,1011,6692,958,8425,9600,597,8373,3425,4674,2108,8664,7635,4384,4396,7684
4032,2014-07-06,2014,7,6,3694,6813,8572,1571,9083,295,5448,7198,727,9439,3613,1665,4187,4570,357,1372,4518,9635,344,2544,5604,3696,3145
4033,2014-07-09,2014,7,9,6227,2811,6342,5134,9954,5450,2116,9253,4804,5087,5835,4539,5249,8527,9084,6239,3570,4980,1013,4772,3458,5748,6566
4034,2014-07-12,2014,7,12,7333,8769,3225,4186,5601,6290,7090,425,9640,1795,6873,7630,5941,8979,3815,5745,9559,2228,9257,3793,8283,6638,1620
4035,2014-07-13,2014,7,13,7943,8334,2880,6434,5293,3428,1324,2452,2580,6697,273,8393,9768,7104,7711,1844,2847,21,6386,1297,2700,6813,1751
4036,2014-07-16,2014,7,16,5962,2162,9333,2466,3673,7785,7007,7059,792,2330,458,8298,4722,946,4620,3599,2952,7735,1300,8813,1628,5809,8381
4037,2014-07-19,2014,7,19,1846,9054,6106,6599,5094,8797,7609,2848,7067,3305,9625,4864,4,1102,7390,3122,6211,9455,2247,320,7320,2906,5518
4038,2014-07-20,2014,7,20,1121,6956,9453,72,5374,3071,3118,3123,160,7728,3952,4810,8554,4532,969,8846,6014,209,7313,6040,5401,6745,5654
4039,2014-07-23,2014,7,23,3146,5341,5274,5380,9209,1637,5951,1537,9102,3477,2189,2557,4445,1673,4739,7097,6418,1588,1964,8301,6063,8370,2466
4040,2014-07-26,2014,7,26,8697,1949,3462,1200,4466,9530,8569,4426,8839,4669,4490,6000,5079,3418,8946,1443,7770,5744,1562,8646,2453,8604,47
4041,2014-07-27,2014,7,27,2088,5042,5596,8239,1892,4759,2727,7298,54,3291,5396,2170,6490,6781,2686,2550,9998,4287,6444,2579,1936,9471,4204
4042,2014-07-30,2014,7,30,8192,2565,7907,2458,1114,6117,6736,756,1823,1000,4462,2403,3,2186,1474,5062,309,6202,6173,4035,2731,342,6144
4043,2014-08-02,2014,8,2,3086,5147,7029,4360,6976,5638,1515,2708,7481,6083,5604,9986,2261,2775,8346,6017,2698,3592,8891,3396,5587,9919,8977
4044,2014-08-03,2014,8,3,3429,9945,9266,7140,1501,6730,1138,7704,1512,1309,2141,8068,2843,8204,9499,6582,9327,6575,1650,1339,5584,9503,9789
4045,2014-08-05,2014,8,5,3924,1232,595,1621,9880,7480,7733,453,6126,5048,1412,93,1945,4098,9811,3186,9170,8603,9589,4076,5903,860,1717
4046,2014-08-06,2014,8,6,4810,9841,4212,5332,2759,6099,4197,8625,9907,2193,4366,8602,9643,130,755,5928,6521,4762,3697,9549,8869,5055,7629
4047,2014-08-09,2014,8,9,7972,338,7462,9324,399,9227,8404,2447,1028,7929,4263,8837,4307,1784,1530,7668,4311,7848,5909,4085,2944,1033,5182
4048,2014-08-10,2014,8,10,9276,1275,8982,8130,1315,5084,8374,5987,6405,8373,8324,5187,6471,2613,7649,8426,3162,2985,5330,786,8252,4455,5856
4049,2014-08-13,2014,8,13,6187,9619,1610,9233,724,4279,1381,4167,8179,853,3470,777,2731,7714,8671,2767,9355,4874,3707,5083,8203,2234,9343
4050,2014-08-16,2014,8,16,1582,3539,9847,8248,7873,4475,545,3314,3801,225,8811,8795,4497,4333,6594,2093,8849,585,7563,7719,754,808,4566
4051,2014-08-17,2014,8,17,9726,8333,8105,4241,2916,9371,5332,381,3448,9707,4153,6027,2871,4848,8334,3607,636,5399,8141,9427,7419,6634,8712
4052,2014-08-20,2014,8,20,2022,4004,5030,6915,2608,4290,2152,7898,7929,8544,2534,103,5437,8500,1725,572,7768,4270,3621,674,4265,5171,8015
4053,2014-08-23,2014,8,23,4276,4083,8129,8623,7987,6780,7053,3520,8822,5635,1023,2176,6003,4043,4911,2674,5109,1173,8553,4443,3793,5148,3975
4054,2014-08-24,2014,8,24,5036,6816,3234,494,8764,3231,6269,8843,4789,1090,8613,5911,2783,590,9806,1492,3587,3579,6168,4597,9628,7045,3425
4055,2014-08-26,2014,8,26,7308,8664,8642,914,7927,6367,2603,9255,8249,5199,8772,206,9027,8543,5769,4378,3289,8299,953,3484,7811,5601,9242
4056,2014-08-27,2014,8,27,1285,2074,5637,9122,7772,3728,8878,340,6491,4267,874,9428,7729,2626,5333,2412,2149,2121,2401,2901,3384,8698,2752
4057,2014-08-30,2014,8,30,4578,6976,6648,5458,788,5183,1376,8016,5689,5210,8151,3913,6249,1657,6946,5132,8638,6945,1824,7144,8834,3390,8557
4058,2014-08-31,2014,8,31,9967,7141,8412,5404,3760,3218,6810,3874,5491,2043,4124,5637,8327,3238,9493,6371,8867,3038,2697,4205,1973,1410,3788
4059,2014-09-02,2014,9,2,3114,7393,8415,5197,6893,7268,8623,6048,3550,487,1538,4628,823,5878,2834,5450,7252,8620,925,2220,854,9154,3882
4060,2014-09-03,2014,9,3,357,7658,5900,9638,1139,4580,6840,8443,196,3968,7601,660,1578,5973,9018,9238,3197,3983,6338,7894,2508,4639,9749
4061,2014-09-06,2014,9,6,3940,9426,3147,6498,3327,9067,4047,2475,8897,2852,4027,865,3136,7985,1301,7135,2814,6722,6640,2853,9990,3723,1963
4062,2014-09-07,2014,9,7,2167,2809,770,2308,6215,6416,9749,5203,3954,9532,6166,2632,247,6710,7505,9330,9601,3049,4338,4379,6424,2001,2299
4063,2014-09-10,2014,9,10,3948,1128,4903,9597,2089,2208,6559,7213,2085,1017,7343,3116,4070,4468,1187,399,1049,4218,2966,6695,6670,4271,4684
4064,2014-09-13,2014,9,13,9008,2302,7314,3562,164,7322,7621,3288,1303,7551,7609,8096,4979,6586,2521,857,5185,9907,7823,8781,7463,4136,4333
4065,2014-09-14,2014,9,14,511,2339,3603,6358,6364,6430,6017,7159,7736,4187,4983,1670,643,6517,6849,3399,2246,4512,3880,6448,4330,6699,8325
4066,2014-09-17,2014,9,17,5511,3170,7074,8408,1682,9826,2259,773,7309,4619,1296,7455,4903,4864,9342,8306,3885,484,9644,5218,927,6148,3356
4067,2014-09-20,2014,9,20,7605,2224,5448,9264,2486,8324,4891,6840,2597,7376,526,8499,6784,635,5613,4155,5532,3184,4757,505,7098,6751,3821
4068,2014-09-21,2014,9,21,5951,5201,4439,8334,269,8393,1820,8830,2282,2265,375,5653,2313,5560,3515,998,3252,9666,3492,2663,2237,5704,5577
4069,2014-09-24,2014,9,24,5511,387,4459,3992,8293,9265,8758,1986,3584,6825,2261,9857,7085,8308,9864,8100,3464,6093,8131,5987,7041,4845,6744
4070,2014-09-27,2014,9,27,614,3553,166,8176,3837,599,2904,5290,9900,7670,4152,2633,8431,6055,2884,1883,4934,8087,6909,9339,157,6587,2875
4071,2014-09-28,2014,9,28,5864,7047,7051,9059,958,3154,8737,7965,8777,5593,764,426,6705,8918,7400,9822,5875,5730,1679,7229,6082,6608,9198
4072,2014-09-30,2014,9,30,1956,499,7543,5233,736,5456,2712,2909,9558,4777,1593,8477,4278,8718,9314,3111,5406,3921,444,9803,2690,63,1516
4073,2014-10-01,2014,10,1,1140,8000,5164,9728,1057,3611,2057,8326,4601,7555,9023,7897,6137,3576,3205,9472,7347,2935,681,8839,6711,4269,9833
4074,2014-10-04,2014,10,4,1373,6137,2080,6083,3908,2523,7511,9134,1090,5054,1775,3821,9792,6281,1096,2099,9224,2978,6235,4773,2120,7853,448
4075,2014-10-05,2014,10,5,4714,7391,5824,5500,5529,1072,102,1402,9991,3118,7789,3264,5961,6843,9216,7720,2194,2124,5369,101,7862,4343,4931
4076,2014-10-07,2014,10,7,72,5904,5876,1760,1737,8479,5471,3103,3454,28,9084,876,2057,3185,3556,2069,1397,1794,4789,3889,6233,6944,7978
4077,2014-10-08,2014,10,8,3050,3258,1093,991,1762,8057,4020,4456,8502,4733,1034,1284,9061,173,4799,5061,6311,1510,59,3964,4904,9336,1697
4078,2014-10-11,2014,10,11,5640,1228,9296,1844,8397,9864,9146,835,3815,6165,9537,9908,1317,4910,1511,7138,4251,2708,4105,8517,8144,8919,432
4079,2014-10-12,2014,10,12,1283,8828,8367,8728,7645,227,9774,9343,770,3778,7622,8467,1354,6274,7180,3514,6454,2393,750,8809,9652,4121,841
4080,2014-10-15,2014,10,15,8949,7668,7345,1791,9025,8255,6478,1666,6920,1742,5238,5750,5153,6870,3436,6180,3235,8251,2712,2034,6615,4168,9675
4081,2014-10-18,2014,10,18,5633,1691,1822,1269,2439,6898,6349,9645,8161,8926,8492,437,2997,8829,6162,980,8734,6450,1596,7227,2121,9620,1682
4082,2014-10-19,2014,10,19,7091,8039,8754,4931,9767,91,3228,3862,3439,5710,8727,2562,2544,5340,8784,3123,591,9007,8827,5889,234,967,7475
4083,2014-10-22,2014,10,22,5561,6181,4075,8661,8782,1778,4947,7420,1157,6324,2226,1036,7586,6915,9992,6744,8491,2579,5610,4307,1625,1772,9835
4084,2014-10-25,2014,10,25,4757,9627,1007,6819,3179,6337,3697,2225,4397,1329,924,7298,2113,6649,5087,7897,1914,7046,6727,3841,8188,4378,2334
4085,2014-10-26,2014,10,26,9866,4290,956,4371,1634,2851,4620,1098,9440,4300,2477,9654,4334,4749,2751,3854,1355,9962,418,4166,182,1513,9745
4086,2014-10-28,2014,10,28,2592,1980,6504,3525,4747,4664,317,9206,3832,5562,7285,7714,1646,2237,4197,2636,8361,8444,8948,9695,3236,7729,3495
4087,2014-10-29,2014,10,29,7323,3797,709,7833,9988,4670,4116,8796,8555,6496,8815,198,3598,2156,3111,1424,4060,1983,4087,5610,5224,218,6161
4088,2014-11-01,2014,11,1,3592,3693,7797,413,7089,8798,8620,822,8344,4020,7598,8638,5551,5041,228,1503,3420,9115,8238,3222,6113,4310,3281
4089,2014-11-02,2014,11,2,6773,2491,6001,3166,4106,2280,5980,7933,6031,669,3983,193,6248,1862,4596,5033,852,2668,3694,6580,6180,3768,3716
4090,2014-11-04,2014,11,4,1271,2058,6851,6638,74,3124,4705,466,879,7921,1244,1524,5202,727,6927,2009,8113,4893,4358,3862,3751,8153,2321
4091,2014-11-05,2014,11,5,2275,6419,8490,1763,8925,5351,3424,358,9859,360,336,7458,912,3170,9739,9245,5821,9496,6927,4899,9202,8033,6260
4092,2014-11-08,2014,11,8,2992,6442,1661,5452,1992,2649,3960,246,3243,5536,3171,6674,2435,2528,7634,964,739,8807,9607,4915,5104,8445,5274
4093,2014-11-09,2014,11,9,9777,5563,4335,9197,301,7953,6900,7855,9879,7336,6413,3470,4446,3311,5235,6281,7348,9324,3605,1432,1028,4387,7176
4094,2014-11-12,2014,11,12,3685,9271,289,8668,1253,6152,1211,1694,6139,537,136,6040,6076,6764,9241,8933,370,8542,5587,6776,8820,8160,8274
4095,2014-11-15,2014,11,15,7976,9399,3911,813,1708,7856,8482,3211,3758,219,7312,4984,2833,4546,3852,889,9103,2701,2071,3401,600,4859,470
4096,2014-11-16,2014,11,16,475,8364,9773,6584,1301,1393,4505,6142,6512,5485,5533,8606,412,7350,1432,3707,4987,8264,3462,9172,9096,6135,8353
4097,2014-11-19,2014,11,19,4583,6544,8051,4512,4766,2340,2826,5506,1686,3453,5302,2128,4972,766,9003,4683,5915,766,2172,3097,2814,2882,5033
4098,2014-11-22,2014,11,22,7954,3605,6804,5245,1829,4466,6785,4662,4360,1189,2545,9871,9015,7730,2058,542,1428,4605,2580,5015,1798,8631,981
4099,2014-11-23,2014,11,23,8795,8537,2462,4479,9752,459,3613,5134,4513,2787,7097,6859,190,1824,2268,3386,3120,9348,9364,8485,4460,9212,2091
4100,2014-11-25,2014,11,25,2742,6963,5207,6181,9227,3635,7196,5075,3666,3406,7738,3172,363,2636,3394,2940,9627,1609,9792,7360,2093,2961,3239
4101,2014-11-26,2014,11,26,7468,7601,8110,8916,605,8793,530,2270,8872,6622,2852,762,1240,4914,5843,6838,9846,7607,6920,5764,7501,8820,6847
4102,2014-11-29,2014,11,29,6744,6228,3523,6926,5673,6575,4593,7345,3564,3590,9184,9720,2586,9886,8486,2119,5733,8158,7553,6339,492,8113,4498
4103,2014-11-30,2014,11,30,2327,5760,1324,6160,8061,5154,6525,8762,9137,7727,3299,9375,1205,3966,9303,4731,8853,4570,9217,6395,7961,9172,241
4104,2014-12-02,2014,12,2,6749,4216,2284,5567,2465,1520,1793,3447,9851,267,4571,224,3130,7178,599,5852,648,6495,1741,2003,9505,8531,6595
4105,2014-12-03,2014,12,3,5329,9185,5147,3454,7244,1189,993,2850,8211,4775,5707,6335,2752,6781,2352,2365,1629,1089,8226,989,9749,127,8196
4106,2014-12-06,2014,12,6,6237,6754,72,1333,1346,2195,251,6915,3749,2263,2473,5782,6314,6577,9443,8927,7348,4868,3813,3207,9033,2867,3704
4107,2014-12-07,2014,12,7,5658,5594,4555,4591,6030,3371,2015,3014,6250,659,8531,4668,1246,9115,6639,2168,3976,9832,8567,9022,9118,47,4681
4108,2014-12-10,2014,12,10,9028,2537,6140,119,7398,2905,6320,6218,3680,1831,9169,9193,876,2750,1615,4724,4554,5688,7386,8238,8398,324,9873
4109,2014-12-13,2014,12,13,94,668,4134,7472,3425,799,4070,300,3554,53,5974,7620,4809,2511,1993,4662,2958,9294,6518,5590,9905,4508,8798
4110,2014-12-14,2014,12,14,7423,5482,6794,6986,1823,9049,2464,4775,7544,9392,8876,9198,3519,134,6521,5584,9779,89,2052,3699,296,6706,9835
4111,2014-12-17,2014,12,17,730,1976,6323,2454,2213,3887,9674,1016,7295,2398,2820,8609,5878,8420,9558,787,9780,3240,7954,7776,9314,4724,6110
4112,2014-12-20,2014,12,20,2861,972,4766,4260,3201,4299,9745,4721,1139,7058,9203,8395,7363,1177,9787,781,6874,7426,8830,5663,3452,4861,54
4113,2014-12-21,2014,12,21,8036,5382,2175,4284,3309,660,4820,3257,1820,4409,3623,9523,6097,4825,3195,8869,8534,8071,2586,7144,3615,96,8646
4114,2014-12-24,2014,12,24,4404,2060,5663,3834,9887,5600,3378,143,4074,4140,3919,703,9193,8822,3684,6080,4459,8730,9498,6159,7091,5861,9605
4115,2014-12-27,2014,12,27,6790,9157,9497,6376,890,7449,6393,1552,1423,7747,9955,3758,3890,8604,2873,2379,2738,2866,1364,6146,8726,9719,9730
4116,2014-12-28,2014,12,28,8812,713,9326,6305,864,451,5119,1707,4346,528,5684,1635,9735,9067,7581,3679,1937,8368,4039,4787,3162,522,4514
4117,2014-12-30,2014,12,30,1729,8721,8331,9324,7059,5580,6391,564,444,1055,4771,2644,7996,849,5650,9768,9655,3337,5012,3602,3701,6146,2472
4118,2014-12-31,2014,12,31,2984,5240,5859,542,3186,9403,6243,2316,4668,2809,8404,5099,8656,4958,7623,6190,1598,4066,4627,262,5157,4149,5415
4119,2015-01-03,2015,1,3,1303,9290,1834,3335,4860,8325,7813,7396,3595,1643,7673,705,2657,9833,7606,9424,6302,3852,8041,5171,3839,1951,6952
4120,2015-01-04,2015,1,4,5790,8444,2996,1397,9941,4502,252,1743,4686,3301,6717,2214,6326,9671,4790,6814,7745,4905,5240,8357,9996,923,8112
4121,2015-01-06,2015,1,6,6838,2593,6290,8246,7322,3030,3561,5103,2076,2483,8643,9621,357,5341,8250,3397,5340,1168,128,5692,7272,6707,9077
4122,2015-01-07,2015,1,7,7839,4309,8372,8430,4863,7745,2219,7443,903,610,1703,6708,2985,5008,9378,1629,7604,5554,7698,7601,7142,8553,3347
4123,2015-01-10,2015,1,10,527,6404,9424,9726,4311,7468,5632,6517,1665,5001,3178,2273,7536,6406,9154,5940,5326,8018,4130,8746,1768,7715,9321
4124,2015-01-11,2015,1,11,76,7317,3245,8498,8288,4295,5621,2164,8126,2995,3344,5051,7169,7953,2367,8984,2177,1705,186,6576,2721,9004,5599
4125,2015-01-14,2015,1,14,723,4844,8024,3554,6633,4800,9510,2889,6413,2211,4803,8312,4315,1925,9811,941,7776,3938,3532,7178,9776,3822,8511
4126,2015-01-17,2015,1,17,7632,7829,5291,5904,4865,523,1322,1194,667,944,5537,8885,9295,3880,3678,7217,3221,1684,1026,6059,4509,3700,8461
4127,2015-01-18,2015,1,18,4258,6631,6335,6134,3716,5538,9144,888,6814,7972,1113,4004,8875,7933,6475,3256,8519,7826,8427,3462,2294,8644,8961
4128,2015-01-21,2015,1,21,6438,5451,4082,1249,2976,4667,8483,2355,2474,4913,5372,2603,9239,8901,4825,9338,7471,3769,5461,6924,9711,3182,4016
4129,2015-01-24,2015,1,24,5740,948,4538,8991,1068,8694,6870,1153,3079,4894,3544,983,6601,3180,6981,7024,7700,4294,37,6837,1852,4761,3209
4130,2015-01-25,2015,1,25,9485,8010,6765,3150,7844,7870,5520,319,8366,7325,2305,546,598,4122,362,9682,9791,7810,306,6599,318,1439,2976
4131,2015-01-27,2015,1,27,3506,3343,1993,1266,1283,8890,4197,1515,4110,8558,4144,1796,3014,7824,226,6547,4790,6777,3665,3603,7618,3206,2538
4132,2015-01-28,2015,1,28,9911,6313,6955,4420,9306,1387,3123,8499,1611,4062,8217,7955,3230,2675,9303,4228,6916,5148,6195,8050,3918,192,7837
4133,2015-01-31,2015,1,31,2007,9325,8813,864,5610,676,418,3200,7036,5715,839,163,8570,9352,7864,6657,2178,9438,2950,3760,976,4925,7171
4134,2015-02-01,2015,2,1,154,7288,5788,756,9213,6402,9265,6300,1080,6130,2006,9928,5946,1622,4204,2238,2849,9781,418,789,6486,8110,9760
4135,2015-02-03,2015,2,3,7584,995,1627,5529,7448,1812,5803,270,8963,9407,9012,136,5744,9415,4138,5661,2242,5317,6969,6031,5262,6421,6994
4136,2015-02-04,2015,2,4,9323,7939,8391,9621,3022,4680,4090,5734,2794,6353,9471,4111,9101,600,8158,1723,9018,435,2265,150,8157,2582,4920
4137,2015-02-07,2015,2,7,4705,4373,4308,8275,791,578,7599,5840,8201,9235,134,666,2890,1903,8624,6934,6602,7363,5206,6728,8489,8460,5228
4138,2015-02-08,2015,2,8,2053,6108,232,4487,7757,6730,545,8507,4197,3090,3158,4828,693,4064,4893,9277,331,6232,1197,7063,2084,3868,9567
4139,2015-02-11,2015,2,11,569,600,7229,9435,2314,8467,3338,5358,3939,5656,6468,5236,6298,362,6154,4104,4528,4485,9806,762,8691,2748,5172
4140,2015-02-14,2015,2,14,2143,1007,8131,7865,8949,5061,9480,9817,9968,2838,889,6604,3235,8735,7727,8709,1602,2890,7437,9005,4873,5326,7500
4141,2015-02-15,2015,2,15,726,1152,1202,2139,340,3106,7369,4397,9588,6395,5620,1275,8502,5750,720,2971,3000,6505,6714,7164,3435,1171,6091
4142,2015-02-17,2015,2,17,42,7334,4327,9024,8022,1283,838,8465,1208,4231,412,9150,3567,3729,6155,2364,1943,4954,3118,3006,6403,3707,9054
4143,2015-02-18,2015,2,18,118,3859,81,9430,3011,6906,5881,6515,2648,6176,7682,620,9159,5897,7309,8770,6690,9553,5039,4205,7458,2070,4475
4144,2015-02-21,2015,2,21,8893,2325,8030,9171,664,1,7440,7591,929,1982,1252,2671,7874,9050,9468,9496,4670,9506,6622,5919,1745,5925,3486
4145,2015-02-22,2015,2,22,9438,5496,8032,3710,5786,755,3227,8684,1337,8045,3971,4814,408,5091,4821,803,4073,1516,5535,7975,2843,467,8756
4146,2015-02-24,2015,2,24,914,6360,9532,5070,7274,5983,5503,7853,3135,3068,5704,1726,1191,1186,7686,9409,6226,593,4079,9544,2548,1499,8835
4147,2015-02-25,2015,2,25,3384,2261,6884,5016,6872,5973,293,9584,4104,9475,4592,9102,3285,7370,9075,1433,9365,6271,8519,239,8905,9265,308
4148,2015-02-28,2015,2,28,4688,9906,2923,2121,6548,9407,8562,9671,2717,4146,2117,386,8155,5235,8932,4581,1339,9402,9827,5202,7329,8216,4113
4149,2015-03-01,2015,3,1,33,6818,954,6510,8624,4331,8267,8567,1946,9094,6645,3263,208,2395,2127,2796,9881,84,272,9409,4114,3088,7121
4150,2015-03-03,2015,3,3,7349,9170,2433,4906,7184,2429,1604,8455,1773,524,7820,9942,2511,9446,3739,3214,8559,7956,83,2744,5280,6890,6888
4151,2015-03-04,2015,3,4,4149,8397,9652,4378,6883,3199,5633,7999,2450,8431,5987,5349,2253,7068,8509,7890,3290,5624,3063,8745,196,3034,3798
4152,2015-03-07,2015,3,7,6616,8206,9524,2734,4076,9742,5891,8987,9342,1498,1551,4675,1355,7686,8226,2558,9516,900,3898,6595,2430,1742,2206
4153,2015-03-08,2015,3,8,2953,5179,6228,3427,6988,6597,7821,1289,9574,7016,8206,3125,810,1361,6236,7529,3114,8229,2460,9370,1394,1391,9776
4154,2015-03-11,2015,3,11,3423,6210,6642,4267,6405,2507,9728,5617,1475,4252,4494,9268,4365,2120,9813,9884,9277,7209,3085,2486,1265,9591,4606
4155,2015-03-14,2015,3,14,3861,4681,4182,5141,902,9106,56,5415,776,7388,7702,8138,8330,1532,140,4233,1685,7738,8954,6442,8803,6684,7848
4156,2015-03-15,2015,3,15,7356,2425,6122,7133,2384,9194,3824,1057,2039,1133,5248,9158,572,9700,989,8466,8589,2540,26,2769,2786,445,6566
4157,2015-03-18,2015,3,18,2986,9667,2066,8135,9072,809,1638,4617,6226,4733,29,510,6263,661,6137,3615,3947,4526,8338,6793,6379,419,3554
4158,2015-03-21,2015,3,21,473,1954,2893,2066,3351,3138,2904,1573,6863,8624,1349,7526,9639,911,2412,9253,2566,3390,4728,1206,3265,6308,4466
4159,2015-03-22,2015,3,22,1100,604,3505,9078,396,7944,7212,6055,6706,2195,5669,6081,32,3726,5481,4010,3617,7083,8213,5236,1754,141,2381
4160,2015-03-25,2015,3,25,8226,9562,6375,7342,7949,1025,3315,5659,7217,3240,6356,6680,5705,9814,4047,632,2793,2719,2306,2398,4657,7776,2576
4161,2015-03-28,2015,3,28,9254,7161,6321,8828,5574,6231,3653,4296,9135,1404,2528,5381,4856,8477,9760,3602,2739,7547,4038,3589,646,8369,9468
4162,2015-03-29,2015,3,29,3281,4,6154,29,2733,6937,6031,8754,772,16,3483,3123,630,1322,9683,9096,598,5698,6053,7598,8513,8387,1585
4163,2015-03-31,2015,3,31,5334,9128,3954,6766,2253,7736,5070,4338,8550,8649,4753,1189,50,564,3745,8780,1711,9029,6114,5501,7167,4968,7500
4164,2015-04-01,2015,4,1,4372,3550,7691,7238,6924,1668,8731,6011,6448,3808,1267,1668,1981,7534,9997,8095,5997,8715,341,8747,5321,1460,1224
4165,2015-04-04,2015,4,4,8173,207,6595,8105,1584,7656,1723,979,8921,8542,354,8182,3982,8578,2862,6005,1499,7907,6522,8190,6934,4020,9272
4166,2015-04-05,2015,4,5,6926,6822,51,1921,2354,8082,4490,2274,5119,8786,3406,1792,6610,838,9803,6985,5074,435,7892,1055,4357,3166,5078
4167,2015-04-07,2015,4,7,5778,285,9243,209,1175,2436,8723,5359,5460,6010,4640,7882,2089,8446,2327,4408,2243,7558,7052,5885,6725,7736,618
4168,2015-04-08,2015,4,8,5697,856,9488,9525,2972,155,9677,5989,2019,2529,6081,6978,8043,72,2581,3711,9104,1756,7119,2960,9004,3517,6042
4169,2015-04-11,2015,4,11,1878,3058,707,7775,4940,6555,8296,6255,2936,86,8494,6229,1525,8062,1420,9912,2450,30,8551,185,5717,6767,1724
4170,2015-04-12,2015,4,12,8045,2311,3866,5086,915,919,4724,4508,4388,819,5890,5689,1132,5834,8446,9060,5210,2159,2300,1899,2790,9372,2027
4171,2015-04-15,2015,4,15,470,4383,841,4285,2145,7217,8282,4980,8488,4932,4926,70,780,9862,8351,3820,2904,5828,9601,9360,337,5301,1521
4172,2015-04-18,2015,4,18,1792,6919,7706,2608,5374,8653,4537,8312,8284,8920,5531,2729,2059,2555,26,9236,1642,2562,9613,9803,3980,6523,5708
4173,2015-04-19,2015,4,19,8548,3148,4775,3533,1944,3149,1803,6657,2608,1983,674,6085,7568,9610,2819,4603,4244,9982,3334,9453,602,5871,8761
4174,2015-04-22,2015,4,22,31,4999,6128,5671,4205,8429,729,8896,5075,3010,7700,1389,5963,4007,431,4365,5292,3843,413,5093,713,9953,5983
4175,2015-04-25,2015,4,25,4110,3490,1193,5,3942,7581,6231,7777,5743,6000,4102,3340,4018,6205,7627,9573,8681,6123,1517,6438,8013,669,8852
4176,2015-04-26,2015,4,26,8378,1303,3186,1709,7598,803,1996,233,2109,4860,9300,1655,1298,8541,9839,3665,9162,5744,2542,8568,1648,9855,1418
4177,2015-04-28,2015,4,28,9553,1494,9134,7777,2627,204,1192,5885,6388,1139,5252,3489,6339,505,2629,7006,3769,6841,8693,4043,5504,7760,9991
4178,2015-04-29,2015,4,29,1334,4265,4726,9424,125,8468,4579,1943,1686,280,3953,1501,7283,6292,1256,8194,4482,7979,5037,8806,8275,8683,9153
4179,2015-05-02,2015,5,2,1699,4152,2904,1808,7139,3734,9244,1869,3190,336,4820,1424,3758,6718,5390,5847,4365,7862,5018,9701,9500,1095,6958
4180,2015-05-03,2015,5,3,6891,1670,1283,4752,1533,461,553,7645,3758,6148,9009,5926,7200,9006,5935,2327,3580,4879,5215,6503,825,6732,9996
4181,2015-05-05,2015,5,5,8076,4875,5029,2837,6176,9602,2670,6672,2302,9107,5934,5048,7106,6229,2605,3935,6039,6642,7935,4002,2991,6662,9364
4182,2015-05-06,2015,5,6,8157,2763,4475,5302,5590,8075,154,6702,6074,1230,1037,3544,8938,6989,8104,3478,7640,2609,1138,432,8010,5684,6047
4183,2015-05-09,2015,5,9,8832,5166,5658,4471,4479,2919,7163,5640,7069,3979,4449,3606,9904,1465,2432,1196,1711,479,2990,7106,7032,8234,5482
4184,2015-05-10,2015,5,10,7608,9545,6281,901,1957,315,2597,5371,3167,1493,9967,3210,563,9821,2815,1733,1905,1255,5587,8442,2472,926,8182
4185,2015-05-13,2015,5,13,1821,5633,4484,9498,1944,8771,2799,658,2364,9603,6259,1542,4160,4651,8947,6946,5561,8680,8771,7641,7976,2258,5744
4186,2015-05-16,2015,5,16,4742,9029,1922,5561,819,5625,6282,3405,8746,8078,6139,5931,4040,3738,8259,758,4808,5408,4393,3070,8624,8064,356
4187,2015-05-17,2015,5,17,4599,2439,9427,3413,3265,9660,6721,1655,1807,9012,454,7448,9065,445,9592,9439,1136,6121,5022,3636,8881,1868,7054
4188,2015-05-20,2015,5,20,791,1679,6325,2982,5449,9262,6624,5345,8692,6548,2162,9170,7832,2537,5557,5063,7141,4398,8272,4559,7366,2427,5706
4189,2015-05-23,2015,5,23,5861,6267,3669,7685,2227,846,8852,6374,2923,9783,5814,7094,2691,1164,1385,2683,5452,4798,8929,109,8901,5327,237
4190,2015-05-24,2015,5,24,3003,2630,7348,9765,181,2718,913,3502,5225,1221,5657,5200,6502,4920,5210,8160,9144,8395,429,977,6229,8244,5904
4191,2015-05-26,2015,5,26,2018,492,3114,2099,5299,1958,2384,1984,1585,3443,6932,3098,1646,8744,2912,1549,9614,7652,4664,8945,5353,1042,4096
4192,2015-05-27,2015,5,27,9900,663,8771,784,4478,2414,5507,6501,441,1948,4414,5626,9086,1305,9349,777,8773,8000,7219,9604,8749,9186,4807
4193,2015-05-30,2015,5,30,6427,6242,9639,2696,8228,384,6995,4679,4900,1336,8455,1452,2110,485,4637,9497,4258,3997,6122,8350,5405,1486,9424
4194,2015-05-31,2015,5,31,514,7281,3219,6726,8852,6506,3190,7775,6049,1560,2288,6098,6736,3050,8419,7666,7107,3509,1463,9429,2677,2272,4738
4195,2015-06-02,2015,6,2,4391,2550,9569,2057,5870,2976,5815,8604,295,1565,2785,2394,6318,1788,8931,5870,1608,3420,5660,6838,8719,2,256
4196,2015-06-03,2015,6,3,8065,3232,5549,9551,3130,4112,7397,7750,3530,3040,2650,4389,9951,9014,7835,910,4344,3876,517,1894,8931,1066,8552
4197,2015-06-06,2015,6,6,3436,6324,4717,6188,9639,5622,8708,167,9781,8876,8088,1440,6472,8210,3382,7436,2732,470,2612,5094,9113,1648,5999
4198,2015-06-07,2015,6,7,1705,6769,5764,4243,6093,4745,1233,1129,2621,5973,305,3268,2216,2606,3351,9072,9025,4825,6783,5138,3392,1294,8225
4199,2015-06-10,2015,6,10,9238,8216,6020,6464,5822,8361,6672,7032,8268,6796,4785,9552,5199,2425,172,6566,9464,8309,2113,8166,1345,9846,2013
4200,2015-06-13,2015,6,13,7486,6668,1239,6663,3769,8999,5718,9566,8976,6193,3797,3768,921,8907,924,9732,4199,8203,2442,4406,9414,763,7526
4201,2015-06-14,2015,6,14,3847,1704,8606,3938,9948,9505,1004,468,4623,3303,197,8119,114,6140,5233,4628,7690,6769,2134,5691,5050,8078,8351
4202,2015-06-17,2015,6,17,4635,6130,5527,4774,5057,2448,6814,5322,5953,588,2742,1845,2880,2277,5546,7720,2412,1083,4524,9194,2131,6350,1731
4203,2015-06-20,2015,6,20,5122,4606,397,547,7942,8518,7899,3281,1595,1099,7843,3539,6162,8387,9001,9705,6264,3152,2490,38,560,6511,7789
4204,2015-06-21,2015,6,21,7536,8009,9178,4089,4071,2827,164,5457,8368,375,7425,3604,2091,8196,9214,6158,8514,2303,9251,1866,6674,2070,1792
4205,2015-06-24,2015,6,24,2947,6428,6429,9229,5584,4479,3716,5523,5210,2015,7686,6349,2712,9114,9866,6502,625,512,6565,2120,6155,5203,212
4206,2015-06-27,2015,6,27,2124,8513,6878,2342,5687,7235,4681,4175,9829,1411,4837,4725,6328,7429,2340,6072,8533,66,9645,3901,4766,8170,5805
4207,2015-06-28,2015,6,28,879,8334,6516,4893,1824,1336,7033,6923,3001,8145,6237,6166,8681,6496,3948,2751,5006,6336,5768,2125,7208,4930,4166
4208,2015-07-01,2015,7,1,9755,1923,7683,8848,1713,4447,1423,5484,6626,7498,6319,2884,310,6439,1234,6839,4987,4077,2148,5646,9568,1235,1983
4209,2015-07-04,2015,7,4,7688,485,5726,5664,1100,999,9414,7614,9423,5827,9930,154,7125,8996,622,1905,4373,1563,4283,3079,853,7547,1482
4210,2015-07-05,2015,7,5,7329,1273,4776,207,1176,5269,2732,1617,8097,7588,6880,3804,9806,6669,3922,3667,2529,7748,4625,6159,7063,3592,9464
4211,2015-07-08,2015,7,8,650,6731,3909,61,7844,7353,8704,8109,2137,3861,4229,3891,9249,8592,6529,7392,7009,3243,250,2348,222,5103,6296
4212,2015-07-11,2015,7,11,6683,7738,2881,6858,1296,6522,1009,7300,1557,6646,7747,9222,2786,4666,5979,7488,2547,205,9163,8200,2211,9140,3046
4213,2015-07-12,2015,7,12,205,3620,5080,1223,5186,5224,8734,7994,5063,6737,806,8067,278,6155,8063,9666,2618,6671,5924,7352,428,9763,4603
4214,2015-07-15,2015,7,15,4727,9483,2775,2656,5643,7405,2701,1456,4413,5569,1483,2935,2639,3570,7370,8169,3884,4073,4315,4917,7233,8716,6974
4215,2015-07-18,2015,7,18,5587,6561,3806,7203,3060,1205,4301,3028,2057,1818,6903,5524,4310,5453,3388,6770,7614,3983,7489,5154,3200,3387,9110
4216,2015-07-19,2015,7,19,3703,1341,2556,7984,3758,719,6741,9977,6435,7499,6614,9568,9304,8990,5528,9726,7581,6694,8445,4963,4812,9106,1843
4217,2015-07-22,2015,7,22,1208,3040,1774,4438,7292,5517,5999,6496,1835,184,6821,4728,7859,7861,6902,3240,8050,2867,5959,1912,3222,5941,6560
4218,2015-07-25,2015,7,25,4324,8466,6614,5229,1268,3109,5062,124,8350,4388,6975,7122,7434,3216,3022,3702,9195,3451,3553,5369,6049,1562,3033
4219,2015-07-26,2015,7,26,1242,8908,7486,280,4417,8403,6608,6408,2656,3016,5588,8933,3006,8726,6406,7585,3174,3321,5010,1229,1638,5446,9451
4220,2015-07-28,2015,7,28,9137,366,2668,5393,5837,3608,3979,3188,5092,5910,9451,4696,3043,2967,9742,9340,4878,1754,1342,3233,8913,152,7247
4221,2015-07-29,2015,7,29,988,1557,1429,5025,2017,9672,9815,4022,6251,3756,5306,4940,2388,7322,4930,2454,486,9133,5821,6925,5222,7106,6217
4222,2015-08-01,2015,8,1,4047,1428,7959,5827,8930,1644,487,6493,5542,9625,9526,4102,1580,5309,1123,2252,1108,1410,4742,713,2429,9143,9720
4223,2015-08-02,2015,8,2,2926,4208,7569,5391,9717,1599,8499,5889,3242,2744,4100,7681,3671,8626,5978,2338,8056,3451,9289,5332,4586,5398,5586
4224,2015-08-04,2015,8,4,2344,8600,8155,359,9390,5151,7658,8537,3320,3545,2031,327,6932,8574,3883,1279,8210,3898,5797,7803,1123,5301,2523
4225,2015-08-05,2015,8,5,7205,4554,8154,2153,5902,293,5061,2671,4397,9012,8594,4395,8228,4471,99,5658,8317,6264,9802,5564,1597,1119,9045
4226,2015-08-08,2015,8,8,7425,6323,4546,8998,2151,247,115,6587,8253,2892,4329,6361,6061,3772,2645,9242,9947,5974,9926,8138,4863,8025,6452
4227,2015-08-09,2015,8,9,4051,5338,8095,5538,3225,486,8805,7885,983,2995,9724,5384,7348,3727,7234,5937,942,7578,8651,9805,9790,7413,6410
4228,2015-08-12,2015,8,12,8717,9640,5423,9972,4753,2961,6806,9033,9689,9000,8115,5768,3320,4363,930,3724,6905,8768,4404,8498,3976,6029,6056
4229,2015-08-15,2015,8,15,2194,2321,8818,5645,7825,4532,5964,6211,82,5914,2117,2182,6107,2340,3366,8228,2352,5495,3070,9240,4875,7939,4099
4230,2015-08-16,2015,8,16,7147,1710,7874,6496,3436,5005,8110,4785,911,8995,1820,269,6155,4698,9196,435,3682,673,5648,3897,3525,801,3220
4231,2015-08-19,2015,8,19,6034,9764,3320,3967,1166,9758,8468,9786,9455,9784,630,1195,4551,989,7586,35,2878,9481,4472,5528,9049,4463,3326
4232,2015-08-22,2015,8,22,4822,452,6188,3578,2400,5615,1542,106,2630,174,451,2886,9292,5712,1640,3832,6888,5663,2437,692,5053,7869,8816
4233,2015-08-23,2015,8,23,6318,6655,1576,5291,8466,9837,9674,3413,1850,8773,4951,6385,2539,4541,9530,8271,1324,4998,6045,6126,4983,9699,7787
4234,2015-08-26,2015,8,26,7227,4070,8522,4248,954,7932,9271,2465,8693,9995,6098,2239,6034,1266,6710,9185,9907,9533,1892,6422,1677,8515,3771
4235,2015-08-29,2015,8,29,5405,3480,1082,951,9446,5330,6961,9490,8848,8337,8009,1638,6090,2084,464,4190,9226,2565,6099,7151,1090,3973,5753
4236,2015-08-30,2015,8,30,762,5795,5951,8418,3613,6265,1960,8297,1755,8091,9825,9397,7014,1480,779,682,2391,3322,7476,6193,5704,2139,171
4237,2015-09-01,2015,9,1,861,1733,4766,7183,4360,1503,2494,2660,5925,4896,1575,5036,882,1016,5690,848,1929,5227,3331,8192,9905,5604,1204
4238,2015-09-02,2015,9,2,2564,8930,7662,7036,5311,9408,1014,5046,7342,6726,3866,4818,1190,8886,9915,537,660,5837,9475,869,7564,5918,9966
4239,2015-09-05,2015,9,5,1183,8442,4807,3448,4192,7451,3229,6931,9461,6943,2871,6678,933,5613,4036,3727,6889,1575,910,6715,1018,343,3717
4240,2015-09-06,2015,9,6,8792,6011,7922,2705,1811,7482,6633,7696,7830,6518,7871,7267,4413,2091,7171,6886,3496,6019,9881,7432,8480,7753,9770
4241,2015-09-09,2015,9,9,2845,1162,2154,3340,371,5455,2049,988,802,4003,6108,2383,3349,5643,3168,7050,353,1082,9639,5560,9616,9465,6091
4242,2015-09-12,2015,9,12,4314,2941,6902,7078,2124,1212,3977,9244,5515,4832,1929,499,8690,8647,338,6167,6665,6822,650,8721,2691,1060,2268
4243,2015-09-13,2015,9,13,2437,917,747,5831,9678,171,4689,7963,3936,3623,3541,9647,1430,5917,3525,1344,4794,7470,2409,9531,2525,4360,6249
4244,2015-09-16,2015,9,16,3269,6550,1325,3516,3839,2254,7966,9710,3774,5433,4327,6722,1336,3838,2172,5678,6344,4087,2331,5120,1407,6606,8630
4245,2015-09-19,2015,9,19,5099,7065,4008,9944,1051,7738,7518,7536,7401,5866,2360,8378,3004,8879,2689,8997,6363,5602,8926,2485,4604,2064,9784
4246,2015-09-20,2015,9,20,2381,5449,584,6221,6683,2273,6774,3631,3229,7605,4872,7663,8840,9349,7945,2900,389,7668,3925,1585,500,2068,2860
4247,2015-09-23,2015,9,23,8155,6387,9710,5266,897,3109,4178,2397,6567,8854,4624,3119,7852,6616,1977,4570,3074,5947,3927,6192,1491,6923,3780
4248,2015-09-26,2015,9,26,6402,7614,5509,4857,8795,7694,3642,7612,4460,4650,1637,985,1340,2904,3037,5102,3019,9680,6355,3353,494,3470,7630
4249,2015-09-27,2015,9,27,3346,9686,947,9732,3833,5014,8810,1082,2093,8153,4988,8044,2798,5219,3190,3680,7871,4640,6394,9368,8202,2437,4844
4250,2015-09-29,2015,9,29,6655,180,8627,481,5063,9656,526,9476,6212,9607,5845,3995,6085,2666,6993,7911,1109,6708,5614,4824,224,3215,1509
4251,2015-09-30,2015,9,30,8679,4800,3238,1701,4473,7046,6089,1453,418,9885,7116,5428,7516,5130,3330,237,8777,5718,4259,6442,9251,7386,1177
4252,2015-10-03,2015,10,3,1038,6219,1069,2054,165,859,550,4920,8937,8406,5032,6018,7217,6994,8812,9869,4177,6208,7908,7663,6865,2722,5560
4253,2015-10-04,2015,10,4,7102,6176,9454,2653,80,2756,9807,8186,1713,4894,3917,8160,2798,2957,1874,3858,6304,3378,7101,3882,93,7936,5781
4254,2015-10-06,2015,10,6,7328,5430,6825,2359,8636,5463,9735,6279,8094,2122,3154,87,3700,3756,5716,7209,4968,1766,8084,1720,9202,9771,8752
4255,2015-10-07,2015,10,7,7408,3503,2004,9291,5360,9909,6445,8762,2821,8219,7304,9744,6443,6371,1220,1006,8082,4978,7353,5028,4903,3077,8945
4256,2015-10-10,2015,10,10,6835,4304,667,3649,9210,4748,6278,2411,947,2113,834,9353,1383,4149,2502,6605,7680,6047,8454,3845,9526,7589,2355
4257,2015-10-11,2015,10,11,5931,9548,603,6239,5279,9143,6353,213,1311,2560,6624,5051,7441,7117,3858,5572,3228,6644,8656,6555,6740,7650,4801
4258,2015-10-14,2015,10,14,7364,3588,9078,8963,6697,3731,4990,2759,8538,3554,1006,8368,8945,6619,7664,6219,7704,6084,7576,2925,4321,7360,1696
4259,2015-10-17,2015,10,17,9451,8109,4803,9569,2924,1496,369,7630,1797,2609,9794,2904,6053,9871,2337,2516,3108,8484,3089,4178,4343,318,273
4260,2015-10-18,2015,10,18,1276,8801,9269,6238,622,5584,3473,3597,1243,3885,45,875,8528,8319,7075,1055,4460,4497,1248,6848,5139,8959,9064
4261,2015-10-21,2015,10,21,8195,1251,4838,7792,8774,3075,4299,5705,5307,4266,1870,6961,4601,7219,8065,8183,8785,7816,5177,3554,5610,8867,2754
4262,2015-10-24,2015,10,24,8992,7727,4165,2282,217,8053,1190,9962,8707,6549,7740,3593,4056,5035,6311,7624,1348,7200,7119,7391,9334,317,476
4263,2015-10-25,2015,10,25,8405,4330,6263,4402,3565,4521,2545,8203,718,524,7098,4734,9835,9842,7924,2130,1587,9979,1896,3511,3330,6973,6230
4264,2015-10-27,2015,10,27,180,3362,595,8292,5235,9974,8448,4114,7388,2674,814,8902,2180,1950,2230,7868,1099,9881,2383,7189,4744,4830,2859
4265,2015-10-28,2015,10,28,7908,99,1148,3341,6329,8850,3965,6990,523,6343,6596,4375,7639,9964,306,5260,1806,5555,8579,9392,2125,1623,6660
4266,2015-10-31,2015,10,31,2393,7403,7633,2895,4594,2501,4115,9150,9603,8477,4479,8084,3990,313,6985,4761,5525,4042,7682,2224,9072,3722,7756
4267,2015-11-01,2015,11,1,5842,7830,7894,7259,9820,6305,1471,1714,9847,5816,5379,3340,5760,3326,1682,4100,8613,7896,5094,8879,1137,4705,204
4268,2015-11-03,2015,11,3,6765,7771,1215,2608,9876,7988,8992,3150,6161,4667,259,2610,6497,5510,817,3053,7493,1274,1919,4592,2766,5321,4139
4269,2015-11-04,2015,11,4,2605,1958,1654,9439,5104,7730,3653,9204,6291,3561,5813,8293,5596,6077,7375,676,5019,108,7202,2108,8494,8454,1726
4270,2015-11-07,2015,11,7,8141,5057,1604,1721,1889,5787,1556,3550,8418,5281,9879,3579,5419,3473,2656,2748,6014,7873,9832,6077,4970,8864,1038
4271,2015-11-08,2015,11,8,6596,7865,2901,7056,1639,4210,4243,6415,9915,7797,154,1607,3417,1920,3141,9576,308,9374,1784,9108,9640,8795,7989
4272,2015-11-11,2015,11,11,8039,2095,1350,3243,7204,8499,552,7591,3880,2332,6066,4425,1527,1459,6260,3017,1242,8923,2117,1501,5526,824,663
4273,2015-11-14,2015,11,14,5474,1591,2370,6845,6802,9842,1870,4369,9909,9730,7414,1588,7472,6916,1527,142,1251,2483,7611,1278,3153,2050,7941
4274,2015-11-15,2015,11,15,8322,4468,6758,971,8597,1243,5348,3919,3628,5439,8303,5732,1026,333,7017,203,7934,3141,2740,4691,9377,616,2673
4275,2015-11-18,2015,11,18,9557,5492,7580,375,1379,6593,3691,9557,2811,3474,7889,8325,5530,4364,9171,430,1105,3540,2459,7010,6357,1623,3189
4276,2015-11-21,2015,11,21,4368,6797,443,1401,2078,7053,5413,7036,4067,1626,270,689,4315,3029,3044,7339,3975,9114,2814,8865,3422,7,130
4277,2015-11-22,2015,11,22,5497,6143,1563,4442,6282,2112,8756,4689,7175,7549,8923,9423,8954,2762,9700,6160,301,8358,9205,3846,3470,7488,2482
4278,2015-11-24,2015,11,24,6577,517,3804,5496,7861,4064,7649,9140,4464,2436,3568,4169,5762,2457,8452,8421,4091,6119,4060,8711,2039,5914,8628
4279,2015-11-25,2015,11,25,747,8680,9906,1172,6023,8545,4629,825,8765,1368,3459,3157,9289,7879,4438,1660,2840,3153,4026,9179,9819,7177,802
4280,2015-11-28,2015,11,28,7568,2934,5597,9734,1569,651,4530,1753,26,389,6666,8901,2221,1317,7534,8925,4037,4984,1489,1171,668,6557,3404
4281,2015-11-29,2015,11,29,766,7034,1402,4961,8299,7624,429,713,9320,1001,7432,8771,5775,162,2320,4125,5082,9332,9951,7084,4548,6534,6950
4282,2015-12-01,2015,12,1,2996,3277,5597,8468,4252,684,8919,6004,6498,9775,7476,4561,179,5790,2953,4311,2630,130,4560,7410,9257,6415,6802
4283,2015-12-02,2015,12,2,1335,1518,3146,2419,7616,2471,4333,4044,2512,691,8938,855,3028,5045,840,7764,7193,7618,3808,5055,593,7061,8040
4284,2015-12-05,2015,12,5,7661,9215,643,3964,6430,5203,3967,5412,7721,514,5719,5404,8204,4507,7826,8336,8649,1055,6533,1287,3758,7594,6503
4285,2015-12-06,2015,12,6,5594,8722,2471,8872,7552,4474,3298,6769,697,6370,9902,5393,5683,493,7327,1030,5802,5578,1434,3672,167,6046,7994
4286,2015-12-09,2015,12,9,9761,9667,1995,5350,4680,4223,791,3009,3291,5079,2153,4837,1524,4194,9618,8209,6477,3829,863,8578,4986,3287,1235
4287,2015-12-12,2015,12,12,6865,8943,6831,7222,8715,7143,4919,9099,2067,1496,5147,9516,8697,2790,8019,1359,3668,2403,5049,2529,2248,7951,5983
4288,2015-12-13,2015,12,13,4125,8380,2763,3526,3527,7988,2937,613,1489,610,1242,3539,9306,4441,9238,3972,2601,5763,1627,8997,890,6552,9495
4289,2015-12-16,2015,12,16,2320,2368,8231,6019,2922,2828,831,1729,3006,8902,6727,9336,8027,978,4237,2097,7668,2947,8559,4335,5629,9638,1266
4290,2015-12-19,2015,12,19,6492,8980,9685,5192,1237,9265,3139,5476,6205,8862,5850,5553,8292,8024,5226,157,2753,456,6256,5023,2867,5791,6763
4291,2015-12-20,2015,12,20,1683,7900,5526,6102,1409,5344,5639,188,6682,1688,1286,9743,9204,6739,6018,8055,3770,6827,5268,6588,3107,1245,6726
4292,2015-12-23,2015,12,23,7730,9804,2106,7488,930,3091,1888,608,4635,9948,6644,7443,64,4695,470,3188,1172,4719,9036,9658,3617,4259,3105
4293,2015-12-26,2015,12,26,3821,7739,7772,6199,644,9383,5784,2103,7652,6050,9526,2411,658,6247,2559,2518,4984,1267,7224,6030,4992,870,3751
4294,2015-12-27,2015,12,27,6206,9737,9260,2001,8298,6980,6192,6269,1237,985,5171,4049,6298,5655,918,685,2282,5925,1685,7667,4516,8895,1918
4295,2015-12-29,2015,12,29,6957,9273,9675,380,5413,1180,7626,7248,7131,9860,3769,9919,638,5109,7665,9850,9557,9763,2715,7526,1709,9638,4662
4296,2015-12-30,2015,12,30,1219,2585,6095,7409,4454,8759,3376,1538,1411,8255,4450,7879,2712,3788,3122,2683,6127,1783,3471,3886,4402,1735,9398
4297,2016-01-02,2016,1,2,2008,5367,2491,5059,6819,6638,3251,459,1749,3023,1440,7269,3282,9739,2748,7201,4192,6912,709,5016,5337,2715,6369
4298,2016-01-03,2016,1,3,3940,218,9828,9342,8105,9512,4777,8016,9249,3033,6940,2442,9706,2957,3432,1781,1050,6825,5712,9399,9443,2162,20
4299,2016-01-05,2016,1,5,5812,9809,1415,850,3081,5620,2258,1956,8733,654,7413,2820,9523,6131,8420,80,6903,9487,2938,1329,1661,9927,2761
4300,2016-01-06,2016,1,6,5497,5325,6943,7246,4874,5678,2477,8829,5035,366,469,2405,5012,9909,7925,5324,2135,3660,4028,4034,8246,8672,4619
4301,2016-01-09,2016,1,9,4911,7163,9763,801,4228,1440,5375,2095,4295,5287,5018,8672,580,8472,7086,7473,9885,7276,3005,1389,8324,9926,3640
4302,2016-01-10,2016,1,10,760,4213,2525,6503,2637,4052,2157,6547,7526,4757,9030,1563,2643,8958,2915,492,5141,5368,2119,376,8123,9695,2598
4303,2016-01-13,2016,1,13,3210,4406,1186,5403,8097,8840,5662,3429,2246,8510,6946,2251,2609,1252,5941,4694,5688,7237,7543,756,2419,4256,3348
4304,2016-01-16,2016,1,16,8594,8084,271,2624,6568,1497,1603,1922,5570,8087,1202,8286,5429,6653,3001,2359,5805,8730,4690,6442,6220,3033,1297
4305,2016-01-17,2016,1,17,9479,1115,4456,6387,6056,7427,182,4511,4011,3646,3285,9786,3669,2856,8595,3472,7860,8762,1343,1377,2333,1664,621
4306,2016-01-20,2016,1,20,9322,6514,1945,3189,9450,5383,4613,2457,9760,5963,0,2434,1643,511,3065,4072,8264,6729,5505,4310,6164,5708,1549
4307,2016-01-23,2016,1,23,7538,5481,816,8287,8656,1488,8495,7960,9089,277,3670,271,8089,6293,6893,6175,3358,3046,8478,1862,8482,1298,6140
4308,2016-01-24,2016,1,24,6743,7735,4402,9707,6607,3141,5697,9483,2953,195,2297,2919,3571,9319,6138,2727,3932,4324,9369,7056,5705,3144,6664
4309,2016-01-26,2016,1,26,3611,7290,7021,6993,3237,8438,5751,7833,5835,1167,234,4585,7360,5458,1335,1452,2835,5591,6108,8607,5525,3366,3385
4310,2016-01-27,2016,1,27,6341,3357,6231,4855,8664,238,1288,6551,6479,7366,5514,9712,9667,3402,5428,9281,6080,7947,9224,8717,303,733,1024
4311,2016-01-30,2016,1,30,4681,1021,3962,9970,7078,2134,3027,5193,7984,299,6006,2920,2932,9535,4495,8725,8663,6773,9477,7270,2496,6743,9071
4312,2016-01-31,2016,1,31,7117,6308,8052,9562,727,6513,7380,4459,7014,4682,9519,9661,7935,8463,2238,2570,733,1139,6089,2670,4822,2191,6450
4313,2016-02-03,2016,2,3,4618,6101,4068,5278,4564,3642,3402,6810,8582,2363,2386,9448,4662,9346,2108,3726,547,6056,4555,8937,3522,431,4204
4314,2016-02-06,2016,2,6,4572,6878,8002,4169,6086,4537,9533,9878,793,9552,9484,2145,1382,1003,1597,4681,83,9577,1597,6495,9286,5793,5086
4315,2016-02-07,2016,2,7,700,7770,2829,4199,5408,1059,4989,386,166,5525,7523,3947,8381,4515,4461,5116,6005,4518,5410,5017,2845,7764,5025
4316,2016-02-09,2016,2,9,4017,2388,6104,1956,6861,7071,9132,2487,5355,4169,1614,3884,7646,1319,3808,9853,9717,3001,2880,4601,2818,627,2272
4317,2016-02-10,2016,2,10,8673,7880,9388,2566,9555,8360,6062,4169,1568,1240,1682,6835,2731,92,1836,252,345,8265,3240,6171,487,6648,4457
4318,2016-02-13,2016,2,13,186,4594,5987,7743,6219,1031,1705,6082,8071,7311,2740,2184,1518,6588,2937,4661,1087,142,9750,8102,4570,5614,2462
4319,2016-02-14,2016,2,14,2014,3280,6423,802,4711,4568,583,8095,7004,8092,3129,1743,1917,4717,2579,3477,8304,3541,9357,568,1663,9096,5180
4320,2016-02-16,2016,2,16,2958,9252,6705,4196,7703,5518,5821,8742,3038,4160,4311,5603,9390,4083,739,4676,7464,1531,3623,6775,4659,2667,9495
4321,2016-02-17,2016,2,17,1149,8936,7668,6416,1202,2861,1285,4452,7117,8366,4977,3309,3955,4447,1430,2260,2508,9501,3256,9584,3560,6856,76
4322,2016-02-20,2016,2,20,628,4048,7396,9403,242,320,219,1242,7555,3220,4290,2895,5655,8427,8122,9467,2463,6681,7553,7629,3973,2445,5948
4323,2016-02-21,2016,2,21,1320,9514,1297,4494,1670,2173,6602,2912,6792,3577,2781,2521,6450,8171,8165,3043,4762,3475,7044,5834,6850,4615,3560
4324,2016-02-23,2016,2,23,8495,3953,2141,7925,7417,5559,6750,4723,8163,3299,6252,9084,5838,1610,3270,7144,725,7872,2965,1068,7598,5422,7232
4325,2016-02-24,2016,2,24,1225,5909,4037,6751,8476,1281,5297,4016,5911,5465,2067,7522,486,3588,7341,9813,9461,8960,2899,6545,2506,7351,1700
4326,2016-02-27,2016,2,27,3998,3880,4230,9965,8140,8365,9164,17,9900,6157,6960,716,516,323,3796,9684,5634,8456,2457,8430,51,1252,43
4327,2016-02-28,2016,2,28,7077,2596,6776,6623,3398,4757,2780,1722,4175,1051,9183,2885,4199,2811,5960,7462,9431,9482,5494,8074,1003,761,1745
4328,2016-03-01,2016,3,1,7702,248,3957,3030,9695,7783,3161,616,3588,3265,3522,7398,4184,8309,4150,618,8900,864,842,798,7468,6831,9922
4329,2016-03-02,2016,3,2,3814,575,6522,3831,971,6151,6291,6954,6949,4255,4474,6640,4778,3538,8447,1002,6968,7929,8597,6138,5481,5810,5941
4330,2016-03-05,2016,3,5,4807,9903,7454,4450,1970,5459,3690,361,5520,7200,7371,760,837,4042,6897,9582,8235,1647,9176,9862,3895,8648,1414
4331,2016-03-06,2016,3,6,6500,2302,372,475,1857,4916,3970,1655,8627,4585,3049,3590,9344,9588,2403,1438,3539,10,1766,680,4485,8280,9359
4332,2016-03-09,2016,3,9,4872,9776,4580,2567,8239,2296,2829,4559,9518,5979,8458,480,4900,2908,1462,5682,2080,8859,9996,1592,2840,3781,7983
4333,2016-03-12,2016,3,12,2520,2101,1756,5698,8504,9552,393,4933,2677,227,4485,3191,1740,1689,3838,47,7731,9127,7610,7460,5657,5257,7352
4334,2016-03-13,2016,3,13,4232,5876,4797,1735,2813,662,5469,2075,9519,2958,8408,5695,5596,7530,2464,7097,9380,2749,1164,6410,1190,248,9063
4335,2016-03-16,2016,3,16,134,6782,8994,4829,6797,2728,7008,7037,7828,3696,706,5070,8795,5833,5238,8818,4772,9,6966,9182,3885,5056,2992
4336,2016-03-19,2016,3,19,4203,5459,4643,2099,2245,3290,1614,5964,2947,3364,6851,4218,4760,3046,5979,1419,6518,3553,7670,8436,1704,472,6668
4337,2016-03-20,2016,3,20,7320,3062,1832,5113,794,5181,2778,778,1622,2066,8643,3094,3427,7123,9022,2942,449,8637,1109,6681,9360,7348,371
4338,2016-03-23,2016,3,23,109,1055,1027,6844,2981,9284,6995,3951,3578,236,3921,2650,1465,6818,5216,1978,5506,2482,2061,2579,5205,8410,1580
4339,2016-03-26,2016,3,26,7932,8665,6830,2749,2718,9663,9571,4364,899,6451,1376,1999,6238,9760,1338,999,3709,2480,5316,459,3492,836,8694
4340,2016-03-27,2016,3,27,5330,4104,5907,8938,9136,3465,7582,6087,8147,3725,1465,1025,9787,9913,1039,2088,1797,8590,8787,9321,481,8891,1254
4341,2016-03-29,2016,3,29,3752,479,248,8403,3467,4718,6846,1352,318,660,9691,7502,4129,5638,892,2850,3401,5741,9165,1682,4463,5046,7438
4342,2016-03-30,2016,3,30,162,1788,3584,4626,2265,9568,5476,5535,5653,1535,5547,153,5225,4098,3961,5910,8253,4101,6537,9246,1448,2574,2886
4343,2016-04-02,2016,4,2,8476,7717,9079,2574,1150,4707,4575,7076,2531,4677,1800,9973,1634,8853,9689,7733,2717,3909,7886,6631,8467,4154,7888
4344,2016-04-03,2016,4,3,2383,4244,6206,6642,8475,2216,358,9730,4758,3337,5172,4772,6032,6847,3266,9008,9323,1074,9779,8007,4015,2401,9013
4345,2016-04-05,2016,4,5,7230,8557,3976,7776,5204,7166,2810,9896,258,8864,4205,7309,332,8468,7524,3068,5554,1951,3715,707,4491,8490,6712
4346,2016-04-06,2016,4,6,4729,9478,741,7540,8045,7734,206,2944,5752,5118,6483,837,3417,6484,4344,2789,2680,698,3252,8729,6998,800,5019
4347,2016-04-09,2016,4,9,8139,8779,1938,4897,4536,2138,6960,6688,8824,8393,9551,5494,9758,7575,6117,8876,1167,290,8840,9415,5132,107,6835
4348,2016-04-10,2016,4,10,3751,5245,2627,7675,1143,75,1248,654,3649,7847,7420,2231,6016,2747,7954,472,6165,8028,8318,8847,43,8661,772
4349,2016-04-13,2016,4,13,3288,3919,1284,9458,9900,4856,7958,4116,9834,624,339,9423,857,5637,3205,5833,7927,6604,6049,3722,7330,4682,8336
4350,2016-04-16,2016,4,16,7040,1615,6483,4514,9067,5857,3495,2911,3593,7588,9899,4904,4119,8173,2653,3486,8236,969,1132,4396,6227,4276,4828
4351,2016-04-17,2016,4,17,5889,2410,6121,7710,881,4667,5612,3123,9874,5159,8805,6261,4575,1603,1158,5082,3401,9828,3623,3944,8379,7957,3170
4352,2016-04-20,2016,4,20,5319,4201,2971,7892,8,2626,9505,1317,5975,5179,4426,9353,7575,786,2911,9271,3665,7619,4968,139,3453,962,8339
4353,2016-04-23,2016,4,23,731,7408,1544,8977,6716,8379,2750,4113,5098,5866,5284,7252,9091,6517,2070,6395,4597,4104,4005,4133,3871,771,5684
4354,2016-04-24,2016,4,24,9037,3607,5653,5238,3783,7397,7159,5069,410,4266,8759,3672,3622,4601,1900,183,8821,4367,7206,8291,4000,2645,1423
4355,2016-04-26,2016,4,26,112,5157,8097,3785,378,4489,8598,7211,4317,3746,3406,4820,9699,7213,4958,9382,9526,342,5601,5815,9049,9992,2080
4356,2016-04-27,2016,4,27,6789,9339,3507,5354,2699,3974,4571,7564,9464,8240,2830,2287,7033,7183,8533,6017,566,5532,4863,1384,8225,5716,4381
4357,2016-04-30,2016,4,30,7509,6680,4639,577,6077,7148,4421,5730,1706,3763,8020,3109,3857,4835,4970,6667,8583,9618,634,7694,1545,8861,4000
4358,2016-05-01,2016,5,1,545,320,6057,7955,2077,2470,8258,8097,7440,5765,516,5245,7448,9117,4980,1804,5590,6213,3875,5066,4142,4558,6885
4359,2016-05-03,2016,5,3,1002,3605,10,8079,2293,1891,7657,5781,4989,4586,6868,3129,3635,901,8750,152,2929,4220,6213,5185,8283,9864,3029
4360,2016-05-04,2016,5,4,3428,3604,8959,6433,1241,5224,5210,6789,9444,6440,8954,9175,8370,6236,5801,1987,8606,9901,4125,3533,5723,3626,459
4361,2016-05-07,2016,5,7,6213,1496,7966,3786,3317,9082,9103,5629,2979,7907,2441,2933,9447,6279,1440,378,728,7922,7395,9909,8331,6905,683
4362,2016-05-08,2016,5,8,4522,6050,2589,931,3282,6971,7632,5967,3461,8835,4498,5536,2425,9371,6538,230,6966,5386,3767,5457,8747,9369,7387
4363,2016-05-11,2016,5,11,1126,4612,2408,7727,4491,7343,7820,3137,1065,9739,1249,814,4533,4524,3012,4564,4780,2560,9346,2780,4457,7471,70
4364,2016-05-14,2016,5,14,503,9859,1977,9362,9762,157,4574,3844,9814,9185,7294,4488,4230,2365,4947,6619,6693,9436,2701,4082,6829,7370,8359
4365,2016-05-15,2016,5,15,2397,4198,4033,1041,4264,9362,6007,9476,9446,8651,8376,5324,5633,7181,5359,4645,9775,4022,6627,8238,1458,6455,6641
4366,2016-05-18,2016,5,18,3839,290,9609,6120,7601,1473,7495,8104,435,4950,6328,3484,489,7686,2233,1722,2130,2080,4169,3047,2473,1995,5109
4367,2016-05-21,2016,5,21,6977,2198,2389,5791,6766,9941,2007,3890,3131,8352,3736,4139,6790,7984,5902,2280,1961,1025,4381,3695,6130,934,4315
4368,2016-05-22,2016,5,22,9253,5195,102,6514,1254,704,6652,375,1539,6094,3976,6831,49,2209,7852,7526,8508,7566,1920,3963,3613,4778,578
4369,2016-05-25,2016,5,25,3165,816,2400,2625,7006,437,5514,8758,741,2582,2212,5023,3181,6278,5237,2346,630,2827,496,2041,1748,8224,3104
4370,2016-05-28,2016,5,28,2364,6203,7121,7972,7102,7906,9523,4564,4755,9191,1679,4975,5463,5245,8231,3670,3920,3393,7352,3497,6334,6044,7823
4371,2016-05-29,2016,5,29,3631,6632,6433,1461,9758,3731,2400,3877,5389,839,6780,4745,1178,1613,9460,3654,2308,8300,7821,9768,7794,3207,3623
4372,2016-05-31,2016,5,31,6179,5881,4051,5589,3881,4154,9895,3922,1464,8251,482,871,6948,3587,9669,2671,7537,3927,1436,283,1341,8565,840
4373,2016-06-01,2016,6,1,9985,2791,6422,7166,8736,5460,859,3438,1116,844,7576,3829,646,6654,2745,9533,725,8680,7604,4980,1809,9448,961
4374,2016-06-04,2016,6,4,1166,81,5026,6474,3115,7692,7671,622,851,2912,3452,1116,6825,7169,1476,8613,1192,6971,2598,9712,4596,6136,6567
4375,2016-06-05,2016,6,5,8435,9868,3918,7496,7074,5377,306,6050,8493,6862,7739,6760,6107,2863,1582,3559,1605,2632,2524,5021,2471,736,3517
4376,2016-06-08,2016,6,8,55,3534,4446,20,868,126,811,316,5748,2823,1512,5719,4008,6047,4788,3455,5322,8267,8726,7806,9298,221,6988
4377,2016-06-11,2016,6,11,7091,307,8491,3270,1862,9663,5224,3835,4945,4902,5576,8075,9532,9735,1309,1212,4835,2452,6269,328,2154,8922,4057
4378,2016-06-12,2016,6,12,7213,336,9256,1355,7465,8410,5578,6130,9125,4973,6209,4209,1517,6255,1388,3960,977,2444,1369,3309,6801,2836,900
4379,2016-06-15,2016,6,15,5677,9268,8133,8553,8479,5780,9546,6381,4104,9251,8864,5478,7600,1456,4562,3352,7489,9364,887,4287,6447,8193,1070
4380,2016-06-18,2016,6,18,9590,4910,436,5291,6827,7715,6053,3067,5905,7866,9247,931,8612,7504,1985,5319,4791,4356,1828,8415,7661,3075,5319
4381,2016-06-19,2016,6,19,5408,6625,5355,2036,2108,7517,5105,2641,2916,1219,1232,5493,4334,2589,6881,4362,40,39,4880,5802,6415,9437,4753
4382,2016-06-22,2016,6,22,3461,7879,5013,269,7202,6005,8942,9505,4109,4188,5685,2456,3084,2059,7261,4549,1043,8305,4702,8948,3111,4456,5274
4383,2016-06-25,2016,6,25,6226,7331,6487,4603,6380,1480,3083,2658,5257,190,5703,6765,2728,4473,4898,2237,6348,859,3470,9041,2569,1191,8568
4384,2016-06-26,2016,6,26,8706,7419,7863,8863,5729,9482,8387,9445,5562,7992,7665,8671,596,2652,9171,9874,7757,8887,2003,435,4699,8769,2900
4385,2016-06-29,2016,6,29,8588,6860,5709,9273,3396,3137,6245,1842,2337,4200,1716,7120,7245,8208,4612,9791,9008,6821,3653,5546,6753,3780,8833
4386,2016-07-02,2016,7,2,6216,7133,4490,8746,4933,524,131,1903,4354,5651,982,8949,3126,821,345,8140,5724,7874,9708,9112,3927,9747,8789
4387,2016-07-03,2016,7,3,7711,4099,7132,1626,2731,5574,9540,9669,6147,4573,8706,9432,4974,8178,2082,2924,8892,6614,8753,5160,9252,6581,3470
4388,2016-07-06,2016,7,6,5319,4173,7304,7955,30,5903,6477,8207,9632,198,7049,8031,795,4884,3702,8143,2123,9506,124,3643,8577,2063,3846
4389,2016-07-09,2016,7,9,1042,6780,1447,4930,3031,5946,9551,914,7893,3859,2539,6674,2757,3686,9705,4939,9859,742,4995,850,8349,2264,2432
4390,2016-07-10,2016,7,10,7927,1244,408,5673,9291,1400,2803,9277,6103,7558,5742,7055,563,4639,3547,6661,9967,2503,2314,2649,4611,4567,9214
4391,2016-07-12,2016,7,12,9567,3632,3193,5315,4060,5947,1722,7253,7180,7268,3004,8902,7834,500,1171,3632,4303,178,536,3721,5753,257,8454
4392,2016-07-13,2016,7,13,1637,2267,1313,354,5652,3809,5294,6868,9832,5029,9060,5860,8897,951,8678,4434,8831,3970,2667,313,2801,4740,9473
4393,2016-07-16,2016,7,16,8694,4805,4242,6602,1251,776,6197,4891,6540,5325,8121,3379,8620,8744,4026,5538,2359,4426,6596,2433,7998,5438,8008
4394,2016-07-17,2016,7,17,3769,9166,5718,2655,2297,5554,6651,9058,3827,9262,9979,8064,3676,9820,6840,8406,3691,5376,6891,2754,3029,3755,7663
4395,2016-07-20,2016,7,20,7949,5432,6427,247,7946,1596,5631,8212,5186,6113,8919,8046,9609,4964,6287,9184,1332,9861,6138,6253,6977,1445,9754
4396,2016-07-23,2016,7,23,1837,5873,9156,7765,1108,5712,7121,2132,7251,5530,6013,9030,6300,7883,5617,5460,6975,5170,6352,5142,4009,9623,1023
4397,2016-07-24,2016,7,24,2395,8063,1706,8202,7980,261,7124,6919,6601,4280,7464,4648,7528,8344,5636,7538,5455,8593,4342,2619,4506,5450,341
4398,2016-07-27,2016,7,27,7644,6635,7413,5019,6680,1523,6432,5382,3430,1264,7645,272,1001,8314,2367,4444,4917,9881,6625,6197,860,531,1451
4399,2016-07-30,2016,7,30,8034,4027,6657,6709,82,9251,4124,4540,9500,7176,1362,8510,7363,1072,2922,1387,8020,5379,2936,8787,9508,1972,4083
4400,2016-07-31,2016,7,31,9348,764,1157,9486,5677,5174,1976,873,6549,273,1556,2090,2039,7286,9009,2668,3661,6796,5093,2220,973,8689,1067
4401,2016-08-03,2016,8,3,3735,218,5459,8888,311,8062,30,6149,2578,3898,5370,36,1674,8375,6251,3292,3385,873,3148,5055,9121,6104,1407
4402,2016-08-06,2016,8,6,495,5378,4306,1701,3355,5784,5559,8915,2267,4717,1530,5601,8309,8064,5403,2523,209,1723,9722,6931,2833,2914,6452
4403,2016-08-07,2016,8,7,8062,7836,5887,1244,9088,2444,7025,7833,9067,6161,3882,6229,9698,6482,4811,9759,4755,7378,5629,9184,406,5656,5486
4404,2016-08-09,2016,8,9,6011,4122,3181,2835,5232,8227,9552,2003,3339,3125,4242,5950,9919,6404,3754,9063,3488,3437,6035,1807,947,3019,3723
4405,2016-08-10,2016,8,10,4997,4463,4358,3847,4591,6215,2536,6787,6477,4816,4675,2034,7728,8292,6347,9890,301,4802,1710,6910,9745,2794,596
4406,2016-08-13,2016,8,13,7358,7166,8494,6048,5090,4225,4104,774,459,3602,8236,6223,5301,4111,9749,8638,1215,4088,9622,7784,2040,8645,6627
4407,2016-08-14,2016,8,14,9927,7196,4285,9723,9973,3096,9897,7731,7469,8237,6785,7556,4830,4293,329,8819,2664,6441,5603,4559,5040,9890,1612
4408,2016-08-17,2016,8,17,5341,5606,7399,4652,7866,6424,9793,7265,9621,2643,9695,2187,822,4140,9727,1226,8369,3131,1283,8506,8719,7609,2515
4409,2016-08-20,2016,8,20,8039,5791,7806,3084,6396,6561,1720,2080,1808,6401,7993,1683,7130,9416,6748,7389,1275,3942,1090,5564,2714,2758,8800
4410,2016-08-21,2016,8,21,9634,1292,8949,8542,6798,3626,8064,1972,2551,7760,4545,1192,8861,39,6485,3586,6248,7812,7636,3060,6841,2093,904
4411,2016-08-24,2016,8,24,9049,563,1794,1070,2898,1965,295,1866,515,576,4513,9947,1141,8476,6127,1734,6663,6134,60,9905,1865,4731,22
4412,2016-08-27,2016,8,27,7319,7510,6337,8654,5722,356,8520,4585,4453,527,6400,8090,395,1798,4169,9993,991,7486,8166,2200,663,2990,8977
4413,2016-08-28,2016,8,28,7616,6317,5292,855,3859,5198,9452,2531,4507,9515,5226,7670,6581,7241,1062,2655,1129,2404,78,9181,9592,8818,3931
4414,2016-08-30,2016,8,30,4472,5908,6761,2433,4725,172,2291,7117,337,6193,1453,2620,1988,9334,1308,4547,3425,3190,7203,6959,3633,3193,4707
4415,2016-08-31,2016,8,31,4383,8107,9273,2708,6249,9345,8825,8342,2401,4321,1318,1317,1544,363,7747,2197,86,2164,7167,4551,5168,8388,9621
4416,2016-09-03,2016,9,3,6940,2478,3113,4935,3521,1897,1568,5066,8667,8314,5270,9761,5002,2535,5529,1865,9189,15,7683,591,5888,4702,5881
4417,2016-09-04,2016,9,4,8727,4440,2637,5694,3179,7710,7878,166,1839,9355,2930,5423,5170,2426,8306,6068,3924,4344,797,3760,7960,9249,59
4418,2016-09-06,2016,9,6,1572,520,4996,2082,6124,1628,7687,6867,7748,7016,6870,5205,2840,9249,4038,4847,3171,1039,802,7808,2613,1223,9713
4419,2016-09-07,2016,9,7,8488,5386,3818,8040,1900,6785,7251,2899,1924,3,9069,7870,6468,1586,7478,5546,4298,3920,8627,6857,5035,8216,5009
4420,2016-09-10,2016,9,10,3849,6504,6245,182,5126,7165,1140,2009,2381,7693,7283,779,7265,2584,5232,8532,3930,5123,3138,3197,3213,1016,4592
4421,2016-09-11,2016,9,11,8027,2861,687,3386,9824,66,5422,4572,2725,1522,4165,2530,747,7319,6408,798,2157,2893,6081,4672,3763,3130,5407
4422,2016-09-14,2016,9,14,4948,5099,8444,1417,1894,4018,9109,6546,1466,6979,8443,3670,3641,4459,5434,3206,5005,7875,5177,5046,4052,7067,906
4423,2016-09-17,2016,9,17,8067,2735,6505,1524,9935,121,7358,1130,7362,424,5846,7535,4623,7900,8814,6825,5338,4305,5559,4577,4321,8252,3495
4424,2016-09-18,2016,9,18,4555,4942,9811,5191,8255,9221,1449,8781,6269,8598,8656,7070,3627,5209,9883,1880,2896,9246,9764,1301,1595,2397,762
4425,2016-09-21,2016,9,21,3982,7036,6802,4053,8164,9460,7634,8337,9878,274,5950,8768,1622,1165,4641,4173,6078,8520,4984,8844,4339,7561,5893
4426,2016-09-24,2016,9,24,744,7943,2664,7066,692,5602,791,6944,1444,9650,9211,3815,2673,5338,8015,8131,1020,1676,7954,8436,4184,2327,1395
4427,2016-09-25,2016,9,25,8067,1192,3387,8516,8225,5453,6272,3838,8970,6938,312,7935,4649,8317,1692,2864,4341,1774,4742,7649,4150,8253,4403
4428,2016-09-27,2016,9,27,4201,1853,4847,8426,6390,1415,3986,4915,9320,5591,3801,5042,8910,1050,6248,9323,9313,1117,1527,3717,6853,8766,7173
4429,2016-09-28,2016,9,28,8352,2482,1991,1476,436,9704,9227,5817,3099,6503,9353,4986,412,7441,1604,142,8926,2917,6614,4351,4175,8869,9383
4430,2016-10-01,2016,10,1,923,4933,6372,3300,1967,7335,6496,2880,3403,1580,8874,4297,6304,8085,7361,3718,1744,3532,9219,1327,5825,3310,5121
4431,2016-10-02,2016,10,2,3925,6769,7277,2380,9918,5783,541,9063,5729,824,6489,8060,9493,9652,3177,7664,3331,6063,4691,1208,3883,7120,6482
4432,2016-10-04,2016,10,4,1866,2466,6407,5386,9659,5778,1272,840,2842,4623,4976,9688,4898,4217,3366,9705,1935,6299,2562,6490,2702,2460,829
4433,2016-10-05,2016,10,5,6959,6524,1579,8573,7609,3653,2099,247,2391,9552,5055,4945,4416,5741,7822,2973,308,3185,7143,6019,5593,127,682
4434,2016-10-08,2016,10,8,7214,6937,7992,275,6419,4210,4216,1323,659,3393,2102,9900,5842,1888,1544,3902,7358,3060,30,5619,2375,1204,881
4435,2016-10-09,2016,10,9,6268,9559,8216,6218,8709,1691,6116,150,8587,9653,8862,3675,3842,2169,2484,1684,968,6174,4583,4443,8278,6975,5370
4436,2016-10-12,2016,10,12,2489,7008,7973,2623,1729,1557,9873,9185,6511,4272,8401,7705,1764,718,8403,3362,5501,8696,3986,1414,7683,4228,7561
4437,2016-10-15,2016,10,15,470,1111,9976,6780,4063,3158,3578,421,3611,9768,9088,2191,848,463,3766,3435,1332,2932,1133,8655,1844,3742,2429
4438,2016-10-16,2016,10,16,1174,5917,515,71,7169,9524,9853,1797,3365,7509,6041,8348,3793,582,9200,404,4537,1269,9717,6770,4269,5849,2471
4439,2016-10-19,2016,10,19,3355,9607,8387,2788,4146,3851,2183,6887,1545,5853,7050,7172,1372,709,96,230,3800,5021,6898,5116,7094,7592,3118
4440,2016-10-22,2016,10,22,3230,8763,9349,1133,5243,2484,2602,703,2395,594,4790,7317,8781,415,5880,9506,3391,6837,5750,2043,2895,5002,7089
4441,2016-10-23,2016,10,23,8587,5589,5077,420,8181,8805,7486,829,434,5664,8754,6554,7740,5288,8094,2482,3452,4890,920,5100,7028,3575,1627
4442,2016-10-25,2016,10,25,2982,4730,9307,4217,5672,3227,5239,1769,765,9848,1635,2676,8607,4443,8994,8647,8613,7918,3000,5420,6318,2819,7135
4443,2016-10-26,2016,10,26,5722,8423,5696,307,6081,2975,5525,5636,8856,6371,8610,9840,8871,2615,3299,3480,9292,238,1556,1817,9856,6268,5967
4444,2016-10-29,2016,10,29,9529,895,2489,8069,6418,203,6475,6882,8419,1313,5359,2569,4506,6764,8022,23,5218,7938,3635,2640,4532,2309,4348
4445,2016-10-30,2016,10,30,3382,9244,7369,2339,2972,7492,6380,4311,4708,5523,8933,7240,6019,1922,8528,9144,7306,3384,6479,3922,6900,8175,9861
4446,2016-11-01,2016,11,1,9201,3221,4842,6383,7432,6369,8660,7383,9324,4460,4518,1114,6744,2010,7007,6588,8611,9491,4044,169,693,6185,3008
4447,2016-11-02,2016,11,2,2490,6986,9847,9186,314,3080,724,4997,5811,8074,3690,4934,1956,4147,7920,4951,1292,6747,5905,5546,6503,3884,2561
4448,2016-11-05,2016,11,5,5864,4841,5578,1260,4546,5854,8844,5751,5032,822,7088,6777,8166,7398,2873,3783,6834,1827,7088,3751,4084,1654,1249
4449,2016-11-06,2016,11,6,8550,6487,1947,4545,8219,1769,7693,1422,6381,539,639,8403,2029,188,1903,8907,5511,5828,2806,4898,2584,2634,3857
4450,2016-11-09,2016,11,9,7576,3197,9031,4498,8083,399,4846,6363,3329,33,9726,6385,8205,7298,196,9314,7145,5718,7555,2981,6478,1330,6765
4451,2016-11-12,2016,11,12,2334,4483,2861,2670,924,2046,4508,7163,1040,9588,8967,3675,8258,7832,6069,7324,2471,3182,2872,9647,3664,8543,1649
4452,2016-11-13,2016,11,13,1683,6491,2767,6026,7246,1882,237,6463,3118,2950,7260,2936,5441,9322,5860,5296,351,880,8036,8106,7881,9986,225
4453,2016-11-16,2016,11,16,7895,4938,9501,1537,2502,5651,5140,4991,3848,5522,135,8261,3866,4349,6078,7510,2648,3887,1586,8999,4044,7398,282
4454,2016-11-19,2016,11,19,3288,4485,5180,2008,8070,9591,492,6374,7986,7641,7013,7849,3864,5410,1822,3396,6657,8153,9716,7521,2805,6794,8436
4455,2016-11-20,2016,11,20,5149,6978,7702,1147,8399,8461,934,6158,1133,7084,8966,3852,6723,9763,908,3403,4209,698,4724,8534,9278,6806,4419
4456,2016-11-23,2016,11,23,5817,4209,8134,9658,6051,1490,6871,8264,6651,9098,7520,8799,8240,5061,8252,2644,2802,8547,1466,3660,2008,1520,7193
4457,2016-11-26,2016,11,26,2537,4010,7804,2911,2658,7492,980,3336,4909,7217,4412,2890,2744,1665,1864,6432,5715,267,6607,3770,512,8028,9347
4458,2016-11-27,2016,11,27,3490,1866,9713,6513,1897,3976,6771,3758,3366,4120,4126,1996,6047,6060,1310,2294,637,1364,4915,8774,8268,5529,1073
4459,2016-11-29,2016,11,29,2209,6273,2654,5964,4390,3981,9480,2843,6706,8151,4386,157,8927,6752,6322,9608,6447,1092,7968,1939,1908,2283,8188
4460,2016-11-30,2016,11,30,4209,7001,3973,7137,6853,6619,2615,8174,3984,5923,6931,9982,386,5987,6022,8494,1010,6892,5309,7259,4941,7052,6072
4461,2016-12-03,2016,12,3,1530,845,292,1183,5948,7641,309,9275,1954,3602,4942,9279,2883,9138,3439,8442,4743,4869,256,471,2267,7267,8827
4462,2016-12-04,2016,12,4,4798,5495,3685,3854,437,2664,2859,3204,3579,6393,6984,185,8100,3849,9593,3053,3600,2303,2969,59,6089,8927,7660
4463,2016-12-06,2016,12,6,7886,2084,1555,691,1028,8397,1956,1315,4,2409,6491,9903,4262,6254,4282,2611,5788,2114,8275,6222,7050,3483,1227
4464,2016-12-07,2016,12,7,8961,2966,4293,8324,8510,2236,1934,9053,2202,8937,6012,5095,7945,9558,1794,1874,2155,4438,1331,5562,5464,8260,3646
4465,2016-12-10,2016,12,10,1992,5043,8130,1697,3720,7435,3454,9337,6609,5766,3099,4349,9585,6338,3353,6678,1652,8452,72,6640,4411,4515,216
4466,2016-12-11,2016,12,11,7288,1742,3820,1481,5382,6676,4251,6273,7027,8381,3596,7006,6593,562,3481,5186,397,4101,8908,9686,2394,517,1827
4467,2016-12-14,2016,12,14,6809,6099,194,7745,4271,7739,9856,7690,7425,4931,7718,7524,3108,9272,1826,2871,4538,803,4580,7414,5285,999,5213
4468,2016-12-17,2016,12,17,9883,5048,6832,6096,4225,6176,4381,9397,4420,4907,7997,6140,3193,3743,3991,6936,7490,5903,7482,8187,4739,7340,1411
4469,2016-12-18,2016,12,18,5838,3636,4860,6462,7649,5334,2500,9393,5644,2216,6669,3574,9421,268,2708,2352,7956,1151,7513,3926,7537,640,308
4470,2016-12-21,2016,12,21,8891,876,8927,5931,4999,1894,6282,7248,5959,2112,4123,6001,2528,855,9507,1344,2903,4847,9360,5182,5694,6895,463
4471,2016-12-24,2016,12,24,3294,1630,6446,7503,4325,181,8938,3121,6193,476,622,7714,1239,9290,4149,4590,2998,6021,7970,1799,5551,8066,658
4472,2016-12-25,2016,12,25,7735,1555,8409,6240,5968,6700,3078,98,8489,2186,7853,6881,2421,5896,9463,7741,30,8472,1552,2096,4253,3999,5684
4473,2016-12-27,2016,12,27,4,766,501,4816,4053,6818,9799,2730,9183,3016,231,1571,4019,1796,5423,4738,9743,8612,8574,4509,969,4664,1515
4474,2016-12-28,2016,12,28,4846,5354,1582,8979,4536,1837,5354,1469,6079,6027,7426,817,2915,1832,3491,6256,7017,3288,1472,1732,5768,3790,6647
4475,2016-12-31,2016,12,31,9676,5417,7030,6383,747,5053,6287,7774,7868,3677,6365,8148,5895,4664,924,9349,9303,982,7967,2465,6781,9390,7026
4476,2017-01-01,2017,1,1,444,5023,4535,4503,303,1777,4402,2656,385,9900,8554,5705,6425,9469,8044,5062,3311,4333,5777,4603,9552,9044,6834
4477,2017-01-03,2017,1,3,2077,7059,7349,792,6179,1884,8550,3096,4358,4607,6341,2430,9292,5764,5955,1850,4254,4594,7454,4445,3470,3541,4276
4478,2017-01-04,2017,1,4,6850,3698,4178,5072,9824,5897,8088,6010,7882,3505,1870,3026,9756,2130,5503,7075,3285,8631,4333,8962,8487,413,3653
4479,2017-01-07,2017,1,7,1125,9673,7778,8234,7698,7874,3795,2033,4230,9607,8554,3292,6127,2362,3363,1319,4094,8148,8254,420,1535,8206,7317
4480,2017-01-08,2017,1,8,4258,9295,5153,6308,8059,9552,4798,598,3172,547,9469,9967,9217,742,3251,7643,2929,8236,1117,4193,286,1776,8386
4481,2017-01-11,2017,1,11,8182,5684,3416,8013,1152,1768,3317,6152,8046,4935,841,5688,2640,6180,1198,669,6405,3889,9760,6058,7106,2310,5776
4482,2017-01-14,2017,1,14,7948,8973,4816,7515,1937,6363,1660,6112,4048,7584,638,4785,3004,719,3383,246,1313,3325,1892,5562,1133,6123,3258
4483,2017-01-15,2017,1,15,515,3841,6561,7953,9032,5986,6624,6503,1196,9770,7155,4819,5818,8935,1537,3571,8174,9953,5124,6747,4473,3935,1640
4484,2017-01-17,2017,1,17,6377,7592,6336,7603,7883,5002,3560,5630,1053,9073,6659,4753,7879,9470,6372,9104,1267,7348,2962,5143,8752,1408,5828
4485,2017-01-18,2017,1,18,6326,1117,8315,7495,8372,9393,5345,8987,9428,9868,7955,8298,1341,4950,711,2160,9982,3467,6553,7351,564,6750,366
4486,2017-01-21,2017,1,21,8359,639,1871,4187,1992,5547,7502,5734,491,9369,1579,7994,6323,5049,1023,3615,8766,6772,9102,4721,1678,4582,1827
4487,2017-01-22,2017,1,22,752,4065,4221,2273,3618,5445,3161,4024,8036,791,8504,9545,2479,2658,2081,2287,5195,8388,4111,5041,1025,7324,7169
4488,2017-01-24,2017,1,24,6963,5822,1468,6694,6029,7865,5033,7698,3845,4330,4107,3752,2048,4270,421,9235,550,5352,9794,2806,2692,4266,4373
4489,2017-01-25,2017,1,25,7920,2020,7744,8647,8745,390,9397,7616,6385,9610,7690,7309,4567,3446,3695,5871,624,2253,5839,6042,7790,8502,1886
4490,2017-01-28,2017,1,28,6946,8884,583,4825,5405,5349,3946,265,6854,2601,5842,3138,2115,6099,6284,1901,1954,6532,6586,6684,9362,6077,2554
4491,2017-01-29,2017,1,29,4432,4995,8032,3741,9168,2757,1961,3666,4831,1306,9825,4857,2853,8959,4025,3966,1081,1929,889,1875,4540,6525,6209
4492,2017-01-31,2017,1,31,5027,5931,4395,7545,3477,1344,3802,5223,9535,8125,2134,7458,42,8266,2018,2060,9225,5575,3995,6186,231,4423,6819
4493,2017-02-01,2017,2,1,5264,2620,3450,9590,6761,8680,9035,4646,580,5259,4145,9747,3529,19,9979,5799,5855,5427,5359,5534,1755,3282,9806
4494,2017-02-04,2017,2,4,9554,7501,1339,2315,6325,4574,4115,8131,2051,5217,822,7693,7349,4828,2003,5250,5692,7910,7191,3872,8464,1618,419
4495,2017-02-05,2017,2,5,719,5850,9737,9454,3973,7811,2828,8543,2123,5956,8751,5307,5148,6523,8172,6609,3983,2186,3717,4848,9144,8697,6882
4496,2017-02-07,2017,2,7,1617,5295,9102,2432,228,4678,320,621,4237,5901,3426,5247,8695,4454,3885,983,5474,3363,5589,8717,5030,2187,9854
4497,2017-02-08,2017,2,8,1531,9228,3922,2936,6519,4057,2160,7701,5833,439,2723,8170,264,1368,6625,4051,5931,8258,3482,5197,229,1068,8868
4498,2017-02-11,2017,2,11,368,7212,8136,2512,51,6188,2782,7031,6863,9062,8265,7924,925,9263,2805,8000,3443,2925,5184,1507,4814,474,6256
4499,2017-02-12,2017,2,12,2977,9103,7135,9383,7796,7186,4786,3239,6144,9008,4215,2837,8642,722,1279,7817,9734,9351,1093,6957,4552,5931,4990
4500,2017-02-15,2017,2,15,6850,2168,5533,4646,7050,5394,135,9095,4950,1676,7555,6343,2572,7721,8238,1924,2874,9492,3670,6638,1609,6116,2283
4501,2017-02-18,2017,2,18,5585,3477,6510,2417,4102,2855,6639,4450,9685,7570,9308,1726,2603,3554,7569,4154,3502,1004,8209,5710,7554,4969,1472
4502,2017-02-19,2017,2,19,8381,8050,7395,929,7568,1452,7474,2003,2664,4973,1029,7558,5080,7428,3015,6865,974,5767,6941,6702,9529,6199,1689
4503,2017-02-22,2017,2,22,9667,5380,3541,4301,6161,1384,7710,9491,1033,5093,2669,1610,8932,2879,7191,869,1025,3605,4577,4404,7398,2083,495
4504,2017-02-25,2017,2,25,2633,2252,8471,2681,7924,5608,6799,6662,799,2368,2415,8160,4492,8010,313,8160,2292,6679,1894,4940,2825,2293,9849
4505,2017-02-26,2017,2,26,8728,2943,6064,2778,5893,422,5311,1712,3620,896,8379,2010,179,6133,9048,3346,9729,2203,4352,3536,6377,2154,7671
4506,2017-02-28,2017,2,28,1990,4003,7653,9167,8848,6877,750,6890,1123,7314,1270,8256,4937,7139,4551,661,900,7458,4558,969,7194,5167,715
4507,2017-03-01,2017,3,1,5041,5359,3388,5445,5081,9271,9648,5160,866,5359,7082,5221,6098,3863,5843,2841,3179,505,3934,5067,2389,7525,3834
4508,2017-03-04,2017,3,4,9949,6613,6370,6920,5221,7900,6681,2477,3494,4778,3810,9498,6558,7940,9299,3409,4715,7290,6773,6669,6955,7813,1943
4509,2017-03-05,2017,3,5,4947,7899,8597,9799,329,5219,628,4165,1534,2486,4384,8978,4650,5860,7632,8819,7929,9808,9632,8807,1349,1869,5953
4510,2017-03-08,2017,3,8,4742,6329,3217,2668,8633,7691,6244,9068,1330,9632,9183,8445,5178,3031,991,1225,3330,5943,9299,5566,4920,4199,1934
4511,2017-03-11,2017,3,11,5521,4013,8209,6687,3554,2530,6588,7199,1620,8792,796,4869,2362,82,2915,162,6872,2319,490,2880,3226,9179,4420
4512,2017-03-12,2017,3,12,926,7115,1167,6862,2307,9308,5213,4919,1058,1364,1396,7930,3052,3822,5748,5721,4716,3743,9921,7978,5456,3605,4573
4513,2017-03-15,2017,3,15,3299,7050,4591,843,4645,1776,5511,8270,1708,801,5538,3127,2886,8319,8070,1704,1772,7976,8117,1051,2324,4951,2459
4514,2017-03-18,2017,3,18,5728,3093,9135,5611,8653,2252,7217,7986,8661,2064,3382,9905,5565,2823,1634,9041,4022,2679,4326,6501,7533,6042,2994
4515,2017-03-19,2017,3,19,5089,1440,668,5901,1902,5940,1565,7318,5903,4017,5383,3502,8938,403,4491,6929,4578,2961,5407,695,1834,3598,3345
4516,2017-03-22,2017,3,22,1746,2154,8972,7483,6072,3487,5815,7291,5383,450,7653,787,7913,8607,3350,9644,8982,8260,3311,6294,4585,5372,7614
4517,2017-03-25,2017,3,25,1068,6790,4181,5035,8380,9675,5307,167,8237,6484,7643,776,8407,1928,2011,296,5502,7393,4882,5291,6140,974,8945
4518,2017-03-26,2017,3,26,3719,5049,1660,6073,4292,686,8321,6868,187,992,5757,8585,7949,549,7181,3779,1790,7955,7558,9858,3448,5371,3574
4519,2017-03-28,2017,3,28,935,4329,2588,3513,4299,777,6226,2926,4301,1246,6103,7873,3999,6381,4146,6341,1711,4678,1535,4161,3153,5678,6512
4520,2017-03-29,2017,3,29,8336,6001,1444,7375,4809,324,9979,7701,2365,6000,5996,6681,2126,1324,4848,3249,7783,4989,4416,8761,731,5479,954
4521,2017-04-01,2017,4,1,3060,6458,5020,8759,9645,9992,859,4579,4092,8256,335,213,3651,9515,8411,3950,3895,4090,7565,3074,804,937,7195
4522,2017-04-02,2017,4,2,5731,8176,7678,3027,8437,1366,748,638,6476,5041,8672,227,974,1025,9553,9038,5114,5123,5165,3253,251,9278,324
4523,2017-04-04,2017,4,4,1058,7564,5259,7747,6078,7119,8626,7217,9723,6292,7589,7381,4426,6020,7697,3413,1813,8017,6040,171,5211,6789,8614
4524,2017-04-05,2017,4,5,2375,5116,9221,464,8618,1169,5069,5721,8060,121,7084,9178,1308,7185,8757,4324,4696,8052,3314,1103,6194,5028,5016
4525,2017-04-08,2017,4,8,9967,8031,8481,5421,6259,427,5984,3537,2214,2729,6549,8110,4650,451,8656,6076,7575,8900,4507,6257,5282,8985,4421
4526,2017-04-09,2017,4,9,1221,3271,7555,1567,6232,6775,8464,6711,2018,7125,3351,5291,9561,9760,3633,2374,4769,9585,7595,1029,7939,8928,2183
4527,2017-04-12,2017,4,12,2562,2016,2483,8432,6073,8676,9978,6825,4571,4003,2898,6152,8421,9006,7818,6892,1856,2744,3928,2663,3251,3189,3954
4528,2017-04-15,2017,4,15,5060,5706,3289,2627,7682,6634,1736,5738,7424,4691,3279,9200,3950,7086,6043,873,7646,9130,2090,5638,3676,7770,5521
4529,2017-04-16,2017,4,16,3455,2032,7914,4534,3247,8065,3923,7002,9567,6977,9252,5798,7443,2437,1692,6825,199,8505,5788,9336,4092,5518,9360
4530,2017-04-19,2017,4,19,3716,4723,7,9715,7077,8022,6776,7983,1863,3461,7999,9028,9005,4193,4489,89,7511,1409,8564,1309,1792,4975,7426
4531,2017-04-22,2017,4,22,9247,8580,683,1724,1012,1193,5949,4102,9092,1767,9254,7395,3786,456,4866,3447,7617,8090,4965,6620,5551,6217,5579
4532,2017-04-23,2017,4,23,1201,4980,3731,2338,7841,9767,4806,7046,421,6947,4051,6073,2776,9677,2459,6797,1457,5098,5972,5512,6069,6305,6368
4533,2017-04-25,2017,4,25,4018,4022,4655,1396,7216,9193,7138,8545,4253,7582,1188,9812,1818,2152,823,7855,1177,721,1997,9345,8139,8946,1551
4534,2017-04-26,2017,4,26,9446,7985,560,9371,4217,4067,5851,6385,32,4251,891,879,6242,3224,1624,6971,7013,4098,6301,9270,8802,6570,6015
4535,2017-04-29,2017,4,29,3894,2146,3538,7117,6654,3070,8230,5453,4595,7672,2680,9783,8718,3517,6491,2043,5682,5591,8364,2127,9227,3857,7422
4536,2017-04-30,2017,4,30,7382,9676,4764,224,3839,7851,4025,8408,6877,9181,1520,1579,2252,8117,8240,6173,8556,5179,9043,3685,991,4752,1293
4537,2017-05-02,2017,5,2,5049,2453,3369,4242,6683,7239,4893,6557,2636,6222,8582,538,573,4094,9954,5546,312,1063,651,5833,8215,9711,5996
4538,2017-05-03,2017,5,3,4281,6990,7940,4549,2240,6409,1022,4165,4494,2352,9745,8621,3127,5548,4883,1584,8630,7043,2487,6096,37,1721,2047
4539,2017-05-06,2017,5,6,4987,7195,763,8562,6660,4369,871,6825,6063,5720,3786,3492,4109,3489,6629,2582,8256,3301,3326,7515,1121,4170,7077
4540,2017-05-07,2017,5,7,3186,6693,1835,9899,4466,2412,6829,5312,5704,4406,5497,7367,6462,7791,2087,4025,571,9813,7853,1734,3313,936,8167
4541,2017-05-10,2017,5,10,7237,2889,6347,2678,3079,6411,5325,4050,5903,4453,3684,1789,1719,846,7602,5956,1433,9403,2880,6805,339,6637,7638
4542,2017-05-13,2017,5,13,5902,1061,5954,6923,2091,594,7491,7269,4348,5369,7963,2814,7,3689,9481,653,6805,9541,5456,4643,2242,867,5859
4543,2017-05-14,2017,5,14,8394,5776,7782,2139,5999,5417,8761,622,1985,4870,2712,2485,5458,1924,8629,7295,4670,8052,5944,5992,5318,8007,2288
4544,2017-05-17,2017,5,17,6219,7827,1497,704,7094,4699,8038,5973,5530,953,4955,2690,4981,3013,6681,8329,5971,3653,2987,5103,4194,9284,2763
4545,2017-05-20,2017,5,20,8852,7674,3325,6826,8691,9396,2387,2201,7340,6575,5269,2715,7882,8926,786,1492,2134,1199,3605,6025,6965,2880,7997
4546,2017-05-21,2017,5,21,3151,6491,2571,7508,7669,6949,9593,6530,764,3074,268,244,662,6982,8015,4599,7881,1101,7823,4070,9734,6001,5213
4547,2017-05-24,2017,5,24,5696,102,2740,3384,4653,7494,7742,3253,6845,5388,5889,2048,7115,8659,6851,7801,5015,2674,5881,7730,7751,4080,4518
4548,2017-05-27,2017,5,27,503,2868,2222,2215,3648,9113,6344,3936,7595,6283,2090,7740,6333,6685,6336,4450,5983,8731,6169,1319,9332,3973,1064
4549,2017-05-28,2017,5,28,6570,1373,4281,4876,8284,2957,700,5930,2849,6303,541,5185,8997,5962,9026,1296,1916,4354,7591,6450,7517,4562,6311
4550,2017-05-31,2017,5,31,3269,2694,7024,8069,3789,4275,2371,2077,4294,4087,7902,8010,891,5894,2316,5193,1583,9848,3783,4172,7692,707,7277
4551,2017-06-03,2017,6,3,8805,2651,8214,7940,8229,7787,5978,800,5367,892,6758,7935,6863,3839,1804,2041,7405,2573,3338,831,7690,6253,4248
4552,2017-06-04,2017,6,4,6170,9962,8944,4831,8711,7156,7501,1200,7645,8943,3653,1875,5297,3525,641,2743,6380,9299,9606,5559,1233,6098,6352
4553,2017-06-07,2017,6,7,8136,7593,3039,2986,4588,9451,8706,1666,5371,1690,3396,340,7635,2404,3160,4596,9130,191,3342,9380,6772,2385,512
4554,2017-06-10,2017,6,10,889,2437,4313,440,8870,5946,534,8917,9194,7275,7925,4625,3599,1446,8045,4393,4109,6311,3995,8217,3758,9845,9444
4555,2017-06-11,2017,6,11,3146,9530,3595,8598,6149,9694,8389,1613,5908,1971,5624,2260,7583,6969,3261,5000,5011,1237,1327,1285,374,6781,2009
4556,2017-06-14,2017,6,14,3488,1438,2429,5401,2076,3435,8881,752,8128,6004,1759,530,9792,2659,8622,5735,2450,763,4952,7127,3964,5654,4562
4557,2017-06-17,2017,6,17,2667,9719,6381,9791,5817,4265,2608,6914,5053,1756,727,3096,1019,3305,2105,3700,4080,5098,1677,6801,1625,4687,9359
4558,2017-06-18,2017,6,18,5336,6184,9457,8694,8385,8922,9589,6602,5432,4770,2412,9367,449,1060,4815,1580,2159,5724,3581,1116,8330,1470,7140
4559,2017-06-21,2017,6,21,8093,2275,3165,6619,5841,9867,1715,9,8507,79,4759,6861,2121,134,8115,2500,9277,7908,5816,2300,8269,2672,4299
4560,2017-06-24,2017,6,24,3244,9848,7498,4859,2185,5587,8604,2746,4278,9118,849,4264,4899,1579,1537,6556,7560,8408,9628,2803,9512,4843,4648
4561,2017-06-25,2017,6,25,8407,1447,7996,1569,4884,913,7152,9847,411,7340,5684,6106,4191,2036,9380,904,905,8964,1370,1830,4933,1993,8315
4562,2017-06-28,2017,6,28,6762,6329,9482,1920,9804,8601,2828,7129,484,9736,9351,6886,8914,3149,4814,2992,3686,962,8392,9527,6896,9863,4049
4563,2017-07-01,2017,7,1,2931,4810,495,9788,7236,993,3699,5332,7393,7736,7677,2684,5254,8802,537,1188,9465,6239,1007,646,5300,9685,208
4564,2017-07-02,2017,7,2,8362,203,2825,5956,4109,2886,2054,7459,9249,4430,1393,4987,2924,9416,744,2338,8717,5295,7448,303,7439,790,7478
4565,2017-07-04,2017,7,4,1392,1774,2955,766,4045,9404,4911,5349,5134,1535,4008,296,6754,4903,5556,2613,3076,5898,6762,2088,2339,462,1928
4566,2017-07-05,2017,7,5,6075,5838,5762,7821,1002,7951,2028,2167,9978,4170,2408,7353,356,2033,7187,4983,44,7180,7071,1810,7798,3709,504
4567,2017-07-08,2017,7,8,8807,281,8862,1449,8921,9964,7693,3908,3844,3716,9524,8481,4107,3306,3734,154,4958,612,9663,7045,4035,8074,2589
4568,2017-07-09,2017,7,9,7817,8292,6789,8558,6758,4482,1280,2713,9100,4092,7766,7643,2163,926,9221,5285,259,7602,7250,7195,4,9680,7971
4569,2017-07-12,2017,7,12,7903,4943,4093,3135,1665,2828,2835,4210,6119,7904,1319,3568,3614,7061,8572,2843,1755,6675,6176,4803,2154,2453,8169
4570,2017-07-15,2017,7,15,4077,4481,3888,1672,9384,9001,7604,8502,6112,2321,3929,1720,7081,1194,464,785,2499,6716,433,1545,2073,8494,3528
4571,2017-07-16,2017,7,16,2997,3104,1381,591,6018,7679,3205,1404,4491,1062,1105,652,6187,461,8777,8524,9227,4923,1764,2282,23,1397,4773
4572,2017-07-19,2017,7,19,1671,7541,467,803,7867,391,8198,138,9576,2758,8416,9654,4504,943,731,8639,9778,3018,4863,3191,1967,7213,8200
4573,2017-07-22,2017,7,22,577,1169,458,3432,7771,2495,6426,4799,4930,7260,9565,8672,1786,5085,6397,2302,6429,1161,3374,3271,200,5575,6849
4574,2017-07-23,2017,7,23,5398,5054,94,8766,210,3380,7799,6552,3406,4012,91,2901,1114,32,1344,9680,8338,4929,8713,5673,5139,2914,3670
4575,2017-07-25,2017,7,25,1741,4373,3470,1630,2682,5696,9100,3017,3617,7220,2091,9459,6200,7753,5655,1469,5576,8269,2255,45,9508,6501,327
4576,2017-07-26,2017,7,26,8218,8479,8155,9653,2690,7473,654,2261,5705,6898,8776,3806,9707,6908,3972,9363,9678,2334,3310,4495,107,429,7203
4577,2017-07-29,2017,7,29,2009,4741,5711,3316,9333,6403,180,3974,2735,633,5876,1487,8357,6710,5906,4630,4139,9281,232,6607,5372,1058,939
4578,2017-07-30,2017,7,30,3803,5762,3184,2425,9305,6139,3269,4676,4808,9718,639,7975,3641,1159,6323,3260,6291,9707,1376,8699,3796,1595,6804
4579,2017-08-01,2017,8,1,2142,4600,4035,4741,887,9468,4869,2754,9536,2695,8124,818,9479,9611,7510,9459,9618,4970,104,7972,5482,5365,9272
4580,2017-08-02,2017,8,2,9944,8578,1819,8643,4412,440,902,5431,9409,8414,3162,3936,2169,6110,1052,5598,8262,2309,5409,9008,586,250,6566
4581,2017-08-05,2017,8,5,2939,7556,3868,3275,1721,2277,2203,4034,1167,7744,6562,8391,7677,1781,5887,7383,5466,8893,2993,1349,111,1924,5656
4582,2017-08-06,2017,8,6,8811,7470,6831,4338,8541,8682,6129,4266,6849,9633,5863,9275,3902,7423,8376,6906,9394,3323,5172,3440,2626,3472,6349
4583,2017-08-09,2017,8,9,5497,5610,1006,2853,6024,2460,1075,7055,4426,8487,1475,2697,3295,8064,3449,231,8662,7208,3328,8778,5500,8949,2825
4584,2017-08-12,2017,8,12,6972,5287,2527,3094,9010,5811,3351,8699,231,5719,4885,2704,4505,5599,5060,7598,9109,8939,7423,6339,741,5504,2075
4585,2017-08-13,2017,8,13,7829,7568,797,4922,603,2362,4258,4881,9015,4148,765,2564,1243,2888,2556,2331,8716,4800,9613,6953,9292,3379,8654
4586,2017-08-16,2017,8,16,4859,7120,3379,1288,7810,3836,6464,8512,8258,9454,5587,2155,6248,9132,423,2985,6752,9982,7499,9087,9386,4871,5662
4587,2017-08-19,2017,8,19,7264,2377,8254,3804,8163,6116,362,4157,7882,8940,9644,970,7188,2147,6881,351,9841,8012,6095,1803,9306,3224,3255
4588,2017-08-20,2017,8,20,8824,2972,4200,8650,3723,5943,7634,693,3410,5323,9711,7150,6329,1557,598,3473,8523,5508,997,2555,5106,2442,5904
4589,2017-08-23,2017,8,23,658,6078,3779,158,3949,3670,8141,129,350,357,6079,2394,1583,1890,7747,501,1295,7913,9467,8252,1642,6029,9904
4590,2017-08-26,2017,8,26,5030,2913,4184,8690,3882,7231,4525,4833,731,3185,8589,6938,5756,5916,7253,7313,2477,6971,9505,4249,9776,9599,4279
4591,2017-08-27,2017,8,27,6994,421,9054,5601,9795,3621,5896,8094,5015,3606,906,7672,2297,4830,3485,4096,1958,1836,782,6000,1218,8423,6997
4592,2017-08-29,2017,8,29,8834,1806,8939,2937,3491,739,4894,2669,3064,6096,956,9215,8676,7334,5396,87,989,219,7692,1435,7847,2476,7598
4593,2017-08-30,2017,8,30,2736,8955,450,518,4650,5805,4363,3733,3460,3681,1223,8236,8526,995,1353,691,2407,405,2442,506,9568,1459,7485
4594,2017-09-02,2017,9,2,4282,4700,9413,5744,7684,5777,1474,3435,3962,349,8756,654,7065,7058,1649,9215,7359,489,7088,2400,6848,554,1662
4595,2017-09-03,2017,9,3,1632,9767,9576,7250,5752,1317,475,4735,1787,9140,5321,7318,2019,1160,3202,9028,3043,2519,4332,1776,2269,3975,3295
4596,2017-09-05,2017,9,5,4363,4560,7419,6692,1229,7050,8107,1115,6549,4853,2884,4787,8097,6861,6033,4566,6261,6531,9014,8375,8135,8010,874
4597,2017-09-06,2017,9,6,6621,3216,1773,6910,2398,3165,2654,7260,1462,556,8832,3262,3174,7458,5791,3022,5945,4610,6424,7991,4690,2108,5412
4598,2017-09-09,2017,9,9,7019,3907,2946,514,2133,2723,6477,3801,4997,4247,3619,175,9171,8547,4251,9450,3299,2765,8429,6365,4361,5923,3687
4599,2017-09-10,2017,9,10,4827,5288,2764,3292,7032,9893,2949,2389,6150,1734,5308,136,280,9689,9993,4574,9163,7195,6726,9441,3960,3908,4565
4600,2017-09-13,2017,9,13,798,8960,992,2734,3716,8906,383,7487,5452,4555,9852,5142,7785,6190,2046,6561,3818,6898,1330,7086,6673,1969,4321
4601,2017-09-16,2017,9,16,663,2887,5410,6893,6731,5145,5893,3929,3424,3177,6310,9938,6254,1024,6890,316,3694,7739,4912,8751,9276,7233,3467
4602,2017-09-17,2017,9,17,7973,1066,6156,3367,4804,7368,9790,9911,8684,7332,1116,2682,1215,3755,1130,7901,6690,2854,6407,3718,2178,2219,4731
4603,2017-09-20,2017,9,20,2281,7558,7707,3414,2700,8565,7673,7345,2364,4833,921,4942,2667,2249,4092,4791,2226,4678,9238,6887,9677,9929,2018
4604,2017-09-23,2017,9,23,5217,7787,6243,475,5036,8751,2000,7873,5037,2918,4853,642,2530,9650,8988,6001,8337,8224,2613,4334,4738,4512,5219
4605,2017-09-24,2017,9,24,8708,1354,4726,9986,478,9571,7185,1832,5458,7976,8875,3116,3874,884,8797,4145,7253,281,9688,8367,7273,6871,4904
4606,2017-09-26,2017,9,26,967,44,6588,4093,8956,6761,1382,1496,6614,6938,3636,8873,9572,5471,1755,4851,2029,7538,4530,9671,4799,2832,4204
4607,2017-09-27,2017,9,27,9844,998,1638,4003,6342,9220,2908,1832,9262,4752,4387,6246,4372,1005,337,4539,8424,2420,251,8923,5529,9840,7469
4608,2017-09-30,2017,9,30,773,5490,1385,6676,7806,6893,7573,3246,8107,9753,60,747,726,5410,4872,2657,999,8368,107,3713,1460,8985,6112
4609,2017-10-01,2017,10,1,1625,3064,9720,4277,5816,3334,8493,2944,4939,4102,5921,8706,4425,7677,1345,5092,9599,1526,4445,4363,1809,8822,2852
4610,2017-10-03,2017,10,3,5774,2091,2826,931,6754,8567,9957,6495,8468,9948,2681,6689,1619,9512,6843,9239,269,1336,1541,1285,7514,3763,6767
4611,2017-10-04,2017,10,4,2797,3229,9209,6871,999,8612,8768,7812,9033,1430,9410,199,4887,9982,443,4874,9853,3113,4191,8007,6871,4260,11
4612,2017-10-07,2017,10,7,2584,51,9341,661,1187,3861,4118,396,7990,1715,256,6965,2627,3542,4508,1037,9828,9429,6902,4675,6916,1892,1848
4613,2017-10-08,2017,10,8,8798,5773,7356,7321,9962,7417,700,7000,7827,1684,8122,9260,9426,4382,3394,8845,6320,6429,6894,9328,149,190,8972
4614,2017-10-11,2017,10,11,2293,4722,3045,2610,7875,3939,9600,3829,1209,2082,2486,4209,4348,6035,5933,6646,9883,7325,1093,4281,8511,7636,8335
4615,2017-10-14,2017,10,14,675,898,4042,8727,2064,6754,3273,6862,4941,9834,9428,6040,6306,3670,876,3793,3815,5761,2099,394,4996,6570,785
4616,2017-10-15,2017,10,15,4726,9162,3573,6983,7841,9090,566,9278,50,3581,7530,6788,3332,1106,1075,1084,3462,5911,6235,6502,5034,7305,1032
4617,2017-10-18,2017,10,18,2592,1133,6490,7624,3557,7885,4041,9356,2656,1139,4045,2179,9518,8404,2593,5997,1981,1606,1738,4742,2037,1961,1728
4618,2017-10-21,2017,10,21,3536,3282,1150,9535,2362,4882,6029,3138,7032,8589,1223,5155,590,9650,8681,879,1360,1930,9531,3422,389,755,4887
4619,2017-10-22,2017,10,22,2840,1864,8715,3356,2715,5224,8965,872,1855,1794,523,5957,1556,8018,3639,52,8903,1718,9511,9311,9529,7815,546
4620,2017-10-25,2017,10,25,5974,3757,9618,3508,1026,973,9278,8789,7653,9441,9511,200,6021,7083,8046,4139,7800,8927,5923,767,4996,8495,1249
4621,2017-10-28,2017,10,28,5396,9487,9397,493,3029,8400,3263,840,2477,5805,7754,8774,4198,9461,2007,659,8680,7652,2016,6048,1902,7285,6319
4622,2017-10-29,2017,10,29,9622,7601,3263,234,999,3082,5395,5072,7790,9707,3880,7505,2851,461,6120,9610,7596,5754,2566,1890,3427,4988,456
4623,2017-10-31,2017,10,31,7946,5007,4662,8605,6615,3132,5549,484,8135,3152,5653,9936,3178,9793,4128,7471,4117,14,7120,7101,9727,7126,6830
4624,2017-11-01,2017,11,1,6852,4270,2473,9325,7183,1620,6306,3636,8562,9459,5602,1315,3053,6780,6290,2128,7529,4325,2808,2416,6325,407,2028
4625,2017-11-04,2017,11,4,3055,8035,7593,4056,8807,9940,628,9086,3240,8567,2750,2987,5683,6667,7009,7613,8480,8644,449,8821,6033,9649,4104
4626,2017-11-05,2017,11,5,1584,6406,2517,9156,4268,1872,2890,3947,8740,1787,8646,9180,6644,7755,5014,9142,1327,9099,6505,7685,8688,3098,4413
4627,2017-11-07,2017,11,7,6704,5626,5457,2702,5996,7015,9230,6386,891,4211,897,8795,2678,1588,701,3157,6927,1299,6424,6042,5220,3078,2074
4628,2017-11-08,2017,11,8,2900,6812,9212,4887,5854,1946,7470,8879,2120,1571,7558,4741,744,3567,8913,2659,5293,1430,2914,6082,6794,9005,5958
4629,2017-11-11,2017,11,11,9802,688,2360,5340,8086,2011,9783,5335,2309,5337,7728,3806,129,8286,4968,6013,8296,4390,2111,5070,9221,5123,2161
4630,2017-11-12,2017,11,12,4652,5776,1679,4145,8762,8897,8220,1791,6432,3330,1809,8949,6203,9804,879,9774,6879,7104,7182,9021,576,9351,6582
4631,2017-11-15,2017,11,15,3442,4882,6522,8008,1562,1937,3013,1094,4014,9553,3329,3157,3180,6339,4692,4754,2494,6115,4019,2210,3220,1726,4530
4632,2017-11-18,2017,11,18,6847,751,1732,7120,725,8211,1547,9666,1277,6218,340,9371,3969,7354,895,7491,6810,9442,9125,379,2432,1457,1589
4633,2017-11-19,2017,11,19,5890,9552,7957,4508,5060,2387,3826,2793,6874,1896,8873,2103,561,5654,116,5809,6179,9263,8848,7550,6470,2926,4577
4634,2017-11-22,2017,11,22,8701,7242,5801,2054,1577,4491,4819,5092,9546,8925,7170,3312,9873,5388,6670,4665,3655,9568,9075,7514,7276,2017,3910
4635,2017-11-25,2017,11,25,5228,7421,8905,8907,7053,6602,846,2460,6853,3394,5975,3322,4377,5863,6420,6576,1786,7191,9497,3679,6691,3783,3040
4636,2017-11-26,2017,11,26,7663,5548,7745,9863,85,2378,5788,9942,3938,4350,8426,1429,8488,5780,5762,2675,1340,6954,1783,3385,5435,542,2278
4637,2017-11-28,2017,11,28,4060,4420,4333,4917,9518,6676,3734,3453,9867,2029,8586,4956,3472,3038,7762,1374,976,400,1790,7139,4722,98,1052
4638,2017-11-29,2017,11,29,9844,9348,9812,1182,3900,5802,1661,1662,1274,5295,5805,5012,5198,8057,7649,5681,4523,5237,8375,39,8044,5480,6557
4639,2017-12-02,2017,12,2,6394,8640,3438,7516,7053,6846,7737,1769,5350,5940,5498,97,2681,5266,5519,9686,3353,5061,6987,1009,6374,1166,7573
4640,2017-12-03,2017,12,3,7997,5199,8254,498,6785,1988,9182,1073,3104,3669,6720,3005,2265,5271,3044,9253,935,3669,1926,7346,1906,7944,6582
4641,2017-12-05,2017,12,5,1388,6154,6426,9442,9012,542,4421,6883,7854,2810,3564,7405,7282,9733,3117,5117,7582,198,3607,1364,3267,3363,2834
4642,2017-12-06,2017,12,6,2855,7800,6375,2330,9890,7416,9580,5937,2097,7269,9588,8145,2869,1877,8773,309,1869,5796,8530,9061,8015,6282,1924
4643,2017-12-09,2017,12,9,4165,4913,5136,6746,9743,7067,1827,8002,6412,7385,826,7550,9476,9646,1219,6533,4546,9385,2980,7040,1934,2794,3548
4644,2017-12-10,2017,12,10,4741,6969,7186,6823,6058,4574,8341,4708,7940,8848,617,6721,8243,2950,9174,198,3696,2527,3896,3514,8138,9854,1692
4645,2017-12-13,2017,12,13,8738,7771,8606,3801,2610,8268,6528,4251,6980,1032,5836,4876,9999,9174,4937,3450,221,5256,6415,9623,2548,3845,9241
4646,2017-12-16,2017,12,16,1176,4137,6274,7222,9607,237,8231,9362,3682,455,8561,9425,1816,9576,5911,4099,9188,9450,3916,9772,7901,4825,7286
4647,2017-12-17,2017,12,17,2492,9159,829,7861,9759,8355,3294,7999,2173,8182,1008,5252,6785,7865,8146,8409,46,7396,9006,6476,7122,1745,2560
4648,2017-12-20,2017,12,20,8777,2158,9602,695,2515,3647,1588,6213,2270,8483,3117,5260,7481,910,4354,631,6782,5021,3666,4837,8722,866,6850
4649,2017-12-23,2017,12,23,9948,2417,9101,4396,6502,2897,5487,75,2277,4622,7003,4960,4324,6759,5751,4712,7092,2996,1727,4683,1241,6473,5810
4650,2017-12-24,2017,12,24,494,5374,2412,9168,1354,7314,960,1783,9796,9946,4495,7477,5415,9232,1256,8280,2439,5495,5282,9518,3077,1527,2142
4651,2017-12-26,2017,12,26,7900,702,9845,5345,3006,282,9748,5835,6140,3203,3281,7971,9262,5728,5661,8201,309,9220,5819,1270,2431,9408,4502
4652,2017-12-27,2017,12,27,6215,540,6948,668,8180,2253,8632,6063,3233,6665,3188,8326,6844,1635,7140,5947,7534,3181,476,1898,3585,3911,1589
4653,2017-12-30,2017,12,30,873,2751,9476,8552,165,823,4660,9880,2879,1445,8609,1689,9025,6754,9684,7493,8587,1361,7178,9640,9807,6341,6226
4654,2017-12-31,2017,12,31,1015,6379,2743,9769,5305,2221,6933,6846,2921,6902,6110,8753,2462,8441,3036,263,8937,8979,6584,3733,9519,8247,8244
4655,2018-01-03,2018,1,3,9990,2150,2638,1025,1017,4172,9615,1321,8414,2073,9380,8072,7702,8109,2654,9532,7431,8565,3756,7155,4666,8638,7558
4656,2018-01-06,2018,1,6,2635,8428,2775,5226,4675,5191,3565,4925,5828,3192,1786,6207,5210,4429,6585,7960,3783,2528,7746,784,3891,5948,311
4657,2018-01-07,2018,1,7,3452,8907,2755,3016,4117,2891,2795,6268,4225,7085,9741,4132,7860,7758,106,5209,4305,7577,4371,3050,5249,4431,3795
4658,2018-01-10,2018,1,10,2034,924,8681,5684,4997,9069,4942,1719,8892,317,4488,3405,7365,4063,23,9670,891,5623,4260,136,3012,6337,7691
4659,2018-01-13,2018,1,13,5372,761,6603,8682,4290,5354,6065,7847,1822,718,2927,6480,5339,2095,7334,9582,5187,1689,6203,8354,484,1918,6460
4660,2018-01-14,2018,1,14,4529,5340,2586,8705,7986,6470,5025,1761,6945,7572,8533,8715,1811,3674,1461,2491,7308,3132,1827,8497,9956,2573,9784
4661,2018-01-16,2018,1,16,243,5840,8454,6616,5378,6014,7649,6936,5168,5484,5843,1158,3649,203,6428,9921,2392,7173,9369,4000,5823,3274,7016
4662,2018-01-17,2018,1,17,9563,1410,478,6429,3548,4955,6468,2012,7147,6067,2951,366,6856,9884,7943,2714,1323,9019,3393,4482,8386,571,8855
4663,2018-01-20,2018,1,20,4975,5759,9734,513,4397,2643,7122,919,6710,4799,834,3622,2940,2932,809,9305,4195,5271,9035,173,4427,4297,1940
4664,2018-01-21,2018,1,21,7329,7113,9482,9198,4881,6228,9911,6976,2090,9363,5094,1024,1391,8323,6069,5880,2974,5714,4177,7457,6891,4421,7456
4665,2018-01-24,2018,1,24,7059,8469,7543,4656,6174,7817,6543,3518,5084,7473,9732,2091,4294,9619,4016,1691,5950,4594,5523,2239,846,3851,653
4666,2018-01-27,2018,1,27,4846,1399,4808,6711,8101,4421,5389,2296,4627,2318,727,8245,3171,3317,7892,9449,3513,3273,1363,7829,6922,7096,2969
4667,2018-01-28,2018,1,28,7558,4564,3645,9777,2622,2660,4346,3570,2680,9826,653,3300,2154,2615,2445,1951,329,9925,2266,7372,8197,5110,8394
4668,2018-01-30,2018,1,30,9102,5571,7684,6851,7090,9405,1169,2310,8859,9365,5325,1312,8941,350,9796,1072,2136,7808,5006,1702,1997,2288,2040
4669,2018-01-31,2018,1,31,5178,7109,9112,3522,3823,605,2212,3980,5029,8619,5563,3277,7413,9755,5744,7699,631,3647,9738,806,7058,7680,1408
4670,2018-02-03,2018,2,3,267,3556,712,298,240,9405,4294,6658,1399,2232,8873,7663,6188,7485,1185,6692,3355,5411,6740,460,4472,9510,9772
4671,2018-02-04,2018,2,4,8493,5377,3962,8811,7372,144,6502,8277,6144,610,4681,7048,2702,1255,5868,7544,6752,6691,9630,6011,2010,7785,1531
4672,2018-02-06,2018,2,6,9140,7265,9737,5241,4026,1056,5044,2876,9485,223,7417,8315,7252,3348,1834,9534,8814,6016,4382,8895,1578,9813,6166
4673,2018-02-07,2018,2,7,7909,8986,1446,7033,3461,2669,5220,8603,7267,6056,4410,220,6887,5226,8141,5370,7966,4796,7318,3007,1439,5255,9353
4674,2018-02-10,2018,2,10,1603,759,6072,348,9589,1541,2870,4626,9638,4678,7496,1140,396,2399,6651,117,344,5178,2176,435,7687,8593,2359
4675,2018-02-11,2018,2,11,8435,5855,6196,4778,2689,3636,1956,2284,6553,4274,6880,2604,4591,6503,8505,7391,3458,1680,8707,4509,491,9522,9491
4676,2018-02-13,2018,2,13,4546,6780,2235,1122,375,2075,10,4973,4842,6977,6986,2492,9123,2382,3243,9033,5228,4462,3313,4503,7544,4088,5121
4677,2018-02-14,2018,2,14,5527,5926,2690,5507,4439,8935,8078,6166,8079,5067,8134,5070,297,8591,3279,170,2853,9527,2090,8830,2410,1843,7415
4678,2018-02-17,2018,2,17,9732,7673,3867,4684,5194,7957,4217,3475,9724,7675,4564,3021,9995,848,8081,6093,9067,8632,4391,6292,4014,3541,7206
4679,2018-02-18,2018,2,18,4890,4422,6515,760,5446,1530,218,6579,5664,2479,942,9600,9763,5973,1171,5195,7586,6365,719,661,6438,2733,9846
4680,2018-02-20,2018,2,20,7557,3421,208,6721,4434,4148,8913,2720,8834,9426,3732,2583,7660,7550,84,4375,1782,460,8715,2377,6784,6127,8689
4681,2018-02-21,2018,2,21,7926,2017,9575,6677,4931,183,6330,8587,5215,7021,7105,9859,3447,7939,7972,5600,5917,1711,4326,3223,5260,8462,2150
4682,2018-02-24,2018,2,24,2839,6734,9391,4602,8668,7292,2782,9824,4493,268,4347,8276,3140,851,1457,7527,1632,8888,5058,9678,8848,8407,2048
4683,2018-02-25,2018,2,25,4026,3257,1627,2938,7410,9332,9191,5591,8869,3911,9763,2800,4580,8743,2760,2012,2902,6023,1031,5553,6288,913,2875
4684,2018-02-27,2018,2,27,8070,1485,1040,3011,7396,1484,720,4229,3926,5482,2427,4770,7965,2727,4802,9441,4093,4732,3119,5674,9712,3470,3256
4685,2018-02-28,2018,2,28,1644,7558,4038,2610,4492,8970,8384,2992,9703,9792,9354,359,8140,5669,6966,9461,303,5142,4034,3456,55,6723,3049
4686,2018-03-03,2018,3,3,6917,483,4906,8193,8893,1849,2640,2813,4264,1084,2196,4903,1604,3557,7124,5618,8435,6960,3195,4689,7639,6550,525
4687,2018-03-04,2018,3,4,3648,8963,1000,9997,8007,7593,4173,211,2520,6421,4668,7129,7567,8959,2588,323,9294,9540,4118,7215,6478,7490,6329
4688,2018-03-06,2018,3,6,2454,572,8035,2806,1486,2135,7794,2259,8238,7296,9078,6546,7844,6877,2787,4268,8981,1014,7205,7798,1494,9022,8065
4689,2018-03-07,2018,3,7,3872,6638,5015,3530,8468,7212,9623,9796,7874,3324,7688,3697,8411,5116,3728,6955,7681,7771,8438,7359,3480,3295,2022
4690,2018-03-10,2018,3,10,2540,8359,5892,4874,9789,9031,5159,628,5101,8203,3505,3429,7445,2547,5731,395,3539,550,7365,4335,2900,2282,1115
4691,2018-03-11,2018,3,11,3508,4252,2249,7364,4444,7249,1121,3845,4280,273,2166,9909,7742,7874,8028,9798,8437,3965,607,3221,7992,8841,7158
4692,2018-03-14,2018,3,14,4422,9196,7230,9924,5574,7146,790,4963,8578,5446,5065,1023,9307,4665,2274,2394,3316,2587,3377,9253,2514,2284,8828
4693,2018-03-17,2018,3,17,4297,7094,8095,6584,3985,3259,1360,3101,5767,7365,6725,4442,7549,4856,8703,4457,6939,1023,5861,7177,3093,7144,6282
4694,2018-03-18,2018,3,18,5208,1994,6473,7485,3173,2000,4715,6712,8250,1793,9945,9520,6554,8295,2345,1022,9462,1099,26,6015,6816,4251,0
4695,2018-03-21,2018,3,21,7159,2899,5431,8288,3799,5819,4805,2184,318,5164,5043,1999,7584,3670,2561,8955,7772,6016,6124,5192,9779,4929,368
4696,2018-03-24,2018,3,24,7136,9136,6619,9452,7846,6199,3329,2093,8228,7177,6658,6581,3102,2851,2629,9586,3445,491,8705,8784,3847,8464,8525
4697,2018-03-25,2018,3,25,1388,9654,659,1191,7808,219,6477,5320,6636,4132,1333,1841,6422,1257,8422,5985,886,3099,2727,1737,694,632,7612
4698,2018-03-28,2018,3,28,3064,1566,2835,7411,4,1871,2085,3856,8757,8934,3524,3949,8537,6493,6966,4824,9782,1716,4292,9465,7911,6697,7236
4699,2018-03-31,2018,3,31,9869,2583,323,3143,9533,4282,6653,4372,3113,7528,9405,2440,6264,5646,1419,607,1156,7709,1972,5912,4297,7814,3026
4700,2018-04-01,2018,4,1,7840,3157,8005,1611,4783,9881,979,4183,1953,8160,1991,4860,6650,3868,7842,9857,8339,3728,1634,569,8907,3192,7903
4701,2018-04-03,2018,4,3,448,9765,398,5757,7381,1751,8465,4821,633,5485,1325,2995,9391,9416,168,2079,5750,6310,4043,5287,386,9074,3507
4702,2018-04-04,2018,4,4,100,1283,1905,610,4237,809,6763,3539,7786,4229,3593,3508,4872,4772,6393,2798,3363,8105,8755,3618,5998,9370,2246
4703,2018-04-07,2018,4,7,9191,2940,6005,5595,5725,6896,1984,5340,3278,9791,8473,6683,1875,5913,2242,5854,2723,4496,4970,8182,6151,2331,9072
4704,2018-04-08,2018,4,8,8970,4048,4145,2786,4037,9566,5413,242,7649,822,7813,4476,7820,6913,7201,5455,1167,3752,8437,4236,9332,8042,5956
4705,2018-04-11,2018,4,11,4647,8884,2701,7757,3400,5914,176,1386,1498,7096,9570,727,1366,9973,4887,5395,2164,6055,9846,5928,8757,104,3453
4706,2018-04-14,2018,4,14,6016,4314,2901,8367,9977,8584,7358,1371,4241,4318,5189,3503,1916,4833,8542,7810,8094,5196,2551,9330,3486,1624,4597
4707,2018-04-15,2018,4,15,5094,4887,8846,8121,6363,9935,1924,4910,9417,9509,6141,6386,1122,416,2545,939,539,1307,6309,6801,7640,2065,6325
4708,2018-04-18,2018,4,18,7641,1382,5932,8381,3756,3901,6790,6190,3225,1501,2104,9990,1162,4212,341,28,6651,2257,4703,6733,5988,1218,4836
4709,2018-04-21,2018,4,21,3691,5626,2607,1376,6044,3184,8158,7701,8174,1081,4484,7858,5625,9337,8699,3159,5695,8360,9409,1162,3684,7282,941
4710,2018-04-22,2018,4,22,6408,8546,5329,5544,9336,9271,6641,7980,4799,3283,5287,2761,9529,2376,6396,6891,7134,4433,9910,9068,6163,5483,3950
4711,2018-04-25,2018,4,25,2345,8613,1142,4943,3779,3731,6298,4477,3231,3167,3152,2083,3693,1592,4531,9153,7207,8064,6684,7434,4905,8361,396
4712,2018-04-28,2018,4,28,1843,7757,9072,5080,2898,6710,6671,3875,5506,8197,3327,1343,7411,2090,5925,2867,6583,6253,6566,6944,1622,9340,4508
4713,2018-04-29,2018,4,29,6854,6468,1417,6405,4036,3805,6104,3429,8025,2561,8886,7992,9424,4897,8249,9457,4048,2172,8716,6558,1308,9986,7966
4714,2018-05-01,2018,5,1,1215,883,4756,5790,5140,529,750,1498,2747,513,2028,1515,7476,9129,6821,7535,6550,825,429,8684,4306,5818,6088
4715,2018-05-02,2018,5,2,5812,9706,5937,9774,9880,3835,9213,3892,70,8284,3676,5789,9418,6811,2554,3087,9123,6306,7894,236,7803,6660,8984
4716,2018-05-05,2018,5,5,3785,8729,5337,2926,2153,4335,3332,3968,7096,2288,3572,6913,3810,6584,314,4841,2246,5023,5074,7248,3236,5987,3351
4717,2018-05-06,2018,5,6,4615,9835,5237,5248,5224,3968,5400,906,3515,1866,1775,7581,2038,3137,8014,7171,4697,5502,909,8417,3446,2967,1486
4718,2018-05-09,2018,5,9,4416,4375,1670,6097,9195,8499,4318,6007,8339,4663,9092,1664,7008,4520,3483,8575,2499,5501,2791,8519,7321,2661,5973
4719,2018-05-12,2018,5,12,3912,2393,4583,4025,3762,9367,3900,494,9187,4918,2284,2551,6300,2485,7148,1606,3682,1603,2928,3251,2935,7317,2564
4720,2018-05-13,2018,5,13,4014,2140,7477,4452,7276,6876,104,2803,909,4897,334,7425,8298,3641,6085,3305,8842,5629,2620,7603,8357,1586,6412
4721,2018-05-16,2018,5,16,9031,8247,2587,4709,4215,692,2902,3025,6168,3809,8846,188,7254,7065,5060,3849,2323,7833,1930,4026,7394,6257,5338
4722,2018-05-19,2018,5,19,5315,9363,1824,6810,873,1616,6491,5424,5466,8924,6420,1270,7935,8153,5563,1786,7988,9513,4953,1279,3766,2550,2631
4723,2018-05-20,2018,5,20,9182,4201,2429,9880,1134,8593,4791,6259,917,2906,7702,5581,6032,3413,1050,9719,1942,3442,579,7164,9966,142,837
4724,2018-05-23,2018,5,23,7178,1417,9434,9311,4554,3135,2967,2962,2310,7701,7186,4654,6732,351,2616,9505,3132,5335,9043,4330,2480,3731,8038
4725,2018-05-26,2018,5,26,6504,5697,1245,3837,6435,4911,1109,6041,944,1255,8325,4328,3601,1662,6691,607,3845,968,9385,1151,3211,2167,8567
4726,2018-05-27,2018,5,27,1815,8805,8347,530,6936,4077,8622,8574,126,701,7209,4828,8179,7338,1239,6184,1095,8482,9055,7295,2344,5291,766
4727,2018-05-30,2018,5,30,6059,7985,905,8746,5642,3841,2984,2318,3334,4882,3729,118,7172,7774,1281,4418,6805,2136,5421,7343,1294,6410,426
4728,2018-06-02,2018,6,2,4464,857,3447,4589,4990,4146,4086,27,3725,7077,4324,9255,7188,4253,9225,5050,2643,68,8322,7542,1197,3305,1691
4729,2018-06-03,2018,6,3,8237,2091,8774,9352,6609,9040,463,7342,7588,9145,3312,5802,7045,4204,6637,4229,7719,7973,419,8192,4262,670,1506
4730,2018-06-06,2018,6,6,5135,1009,2503,604,4304,1453,3910,7690,3257,1647,9069,9191,2193,8951,8696,8829,1549,9506,6183,1875,9540,5821,3585
4731,2018-06-09,2018,6,9,5146,6526,2816,3508,7376,1865,3905,401,3854,3035,4743,5183,725,5811,2137,9615,675,2894,2021,5959,8750,1225,1619
4732,2018-06-10,2018,6,10,6846,7173,8531,3933,1002,6752,1740,4358,8275,8220,2112,8213,4972,7695,7554,6378,5964,8195,9680,9707,3890,8513,1868
4733,2018-06-13,2018,6,13,8026,1171,889,7942,1080,8385,3517,9336,6638,6575,4156,110,7420,5729,3346,5106,3183,1989,656,243,5856,7370,1205
4734,2018-06-16,2018,6,16,6641,7797,128,2507,4617,6772,2024,5433,550,9549,7667,5436,5555,6240,4266,7734,6904,9182,1066,1108,4318,8988,3397
4735,2018-06-17,2018,6,17,8311,5389,1102,2319,2799,6495,8260,3082,9084,8555,8100,9883,8611,721,5745,141,149,3666,1220,2735,6645,5303,7057
4736,2018-06-20,2018,6,20,2770,846,5539,7585,6649,6284,6933,5472,3451,1703,3740,6883,3871,6400,1827,8380,4404,4314,2137,6921,4533,4222,253
4737,2018-06-23,2018,6,23,9550,4289,6115,3977,3754,387,3586,9061,721,5951,7606,3594,84,6400,126,9620,8141,2613,3499,9779,5184,2646,1614
4738,2018-06-24,2018,6,24,2511,2352,2974,8498,5801,9505,9399,1921,6620,2238,8744,247,4877,7546,8184,4263,9943,6822,9685,4772,7448,243,8557
4739,2018-06-26,2018,6,26,9051,7865,6057,8681,8580,6517,3542,7109,1178,4103,3841,6240,6145,186,3341,9195,1772,2312,7615,4431,4738,2175,539
4740,2018-06-27,2018,6,27,7209,6152,9809,5282,815,9486,6066,8616,8522,1729,1169,2891,6659,8803,3421,4813,9543,5670,7593,7193,2171,6096,5526
4741,2018-06-30,2018,6,30,9928,5771,8838,7398,5638,595,2031,2151,9984,7805,3667,7421,7542,8124,8691,9475,5604,6003,8767,7538,9030,1561,3886
4742,2018-07-01,2018,7,1,735,6569,8947,6032,2182,1308,7250,1884,300,8625,9738,7567,3318,9535,5097,5516,6755,3391,8759,9359,2548,4750,8779
4743,2018-07-03,2018,7,3,2953,4195,1730,9532,3558,9830,2141,7376,9194,1796,1988,1388,7891,8650,9263,6767,7093,7308,5447,8698,5555,9086,5722
4744,2018-07-04,2018,7,4,8028,9715,7801,9083,1930,120,9610,9956,4057,863,2638,9803,8084,9522,7815,3647,2201,8735,2047,3095,143,6764,7333
4745,2018-07-07,2018,7,7,8906,7043,5360,4905,1746,4583,9340,5100,4527,4822,7581,6963,6192,541,4088,2395,387,172,3692,8712,1032,7600,504
4746,2018-07-08,2018,7,8,4996,527,8603,8169,4000,9459,7276,9955,1114,2635,3106,586,9306,2294,2496,65,2117,9161,8880,1043,7922,4504,8895
4747,2018-07-11,2018,7,11,7807,7529,3130,7839,4859,5534,4754,823,8747,3936,5377,2735,933,8809,3218,4100,3908,652,9864,8895,9058,2521,5115
4748,2018-07-14,2018,7,14,2864,8020,3194,7419,3146,6658,8103,8145,4088,4270,1076,3367,7690,4318,9619,6899,6861,8016,4260,9390,9093,7320,4060
4749,2018-07-15,2018,7,15,3861,7266,9396,8682,5329,6704,7267,1912,4697,7452,9162,5326,9047,1951,6919,6554,4930,5728,422,721,8009,5747,3050
4750,2018-07-18,2018,7,18,5199,9616,3644,3290,3021,1104,8197,5612,8513,6009,514,5795,6054,5951,2114,2370,1833,8765,473,3588,490,5404,8537
4751,2018-07-21,2018,7,21,4010,6641,8924,8421,9883,8778,8799,9309,3,2280,7389,8273,9279,9178,9862,2409,2265,1025,9174,3566,1544,8617,8263
4752,2018-07-22,2018,7,22,6136,1054,8801,19,259,2909,1494,2484,690,4015,4839,5727,8831,907,7278,4037,1462,5844,8322,4870,4433,8915,7099
4753,2018-07-25,2018,7,25,9100,1458,1758,8448,4387,6562,7082,6527,1005,3585,8807,6325,3058,6523,9119,8774,9372,469,3077,8558,5159,68,4653
4754,2018-07-28,2018,7,28,2931,3305,5522,8402,1347,4258,3900,6006,9432,8459,873,7825,7112,7093,352,9893,949,8393,8106,3760,403,5190,8047
4755,2018-07-29,2018,7,29,4809,3497,6989,2864,9514,9639,3086,2898,990,3185,2724,8131,3957,6348,3871,2134,5630,9819,568,5861,6835,5588,8990
4756,2018-07-31,2018,7,31,3440,91,1302,1037,7091,1250,6470,5160,9672,4049,6371,9868,7614,1272,0,3037,1379,1727,4924,6393,2007,7723,8511
4757,2018-08-01,2018,8,1,7774,7287,3381,2344,361,545,670,7455,532,5618,3605,2301,3997,5943,5044,4192,2643,8276,2989,2110,9735,4516,9050
4758,2018-08-04,2018,8,4,6871,6650,2965,4571,7976,5745,8033,5562,5775,8575,3275,2423,4456,6397,4742,6136,3620,9384,7680,7417,1401,1515,9075
4759,2018-08-05,2018,8,5,6989,3652,9769,8106,3538,8491,2299,568,8659,4389,4182,9788,6584,8994,8077,4497,4606,9074,1486,1344,2001,4639,4950
4760,2018-08-07,2018,8,7,9538,5971,4437,1148,6770,6189,7145,4853,4389,7851,1524,1003,2441,2624,4093,6094,2516,5090,8211,3370,6954,3748,9498
4761,2018-08-08,2018,8,8,2470,3657,5785,51,5056,5939,1319,8308,6532,9956,2015,2611,4965,5299,7502,303,9956,1903,7674,8193,1782,1431,8145
4762,2018-08-11,2018,8,11,4118,996,2939,1012,8913,200,2766,8300,5065,533,9491,152,4137,5315,7402,3192,4846,8263,4936,72,2476,793,4647
4763,2018-08-12,2018,8,12,3639,5327,8656,9330,4418,2259,3228,5310,7013,724,1744,9070,9223,656,5880,144,8675,6182,6684,5691,3479,7527,5228
4764,2018-08-15,2018,8,15,1060,9098,1017,2211,2992,8088,3938,6802,6466,7857,9722,7273,9110,2505,7517,4935,341,8718,1391,3862,1308,8054,5981
4765,2018-08-18,2018,8,18,4183,1934,3482,1515,311,711,1715,3490,7316,4240,9455,9699,9033,3488,2828,3221,1245,1562,6558,2106,5364,1603,6454
4766,2018-08-19,2018,8,19,4309,6587,8286,4258,7900,8262,9798,6094,5957,4381,4525,3692,9792,8857,922,2629,6964,919,3191,161,8586,9468,6313
4767,2018-08-22,2018,8,22,6897,8137,6247,3656,7967,21,1424,5545,8910,8464,2348,3028,9857,1748,9547,232,1475,8187,4986,8266,1478,8098,8168
4768,2018-08-25,2018,8,25,396,2150,2431,5236,7420,9273,5358,147,5325,6425,2028,5283,6614,8829,5231,4474,7678,215,998,7201,583,2996,9341
4769,2018-08-26,2018,8,26,8938,6657,1242,5842,1283,7797,1506,7807,2092,2164,4296,6434,7030,2493,2570,8538,5347,4330,2142,6428,3908,6433,3875
4770,2018-08-28,2018,8,28,252,574,4820,8081,41,546,8558,8104,2919,7587,7037,3535,9929,3008,7460,7505,9666,2317,5390,2230,7865,2635,3037
4771,2018-08-29,2018,8,29,7414,5749,2093,9530,3704,1795,1462,5055,116,4587,2912,7146,2182,2737,4570,7938,1690,5535,4851,6228,9528,2554,6475
4772,2018-09-01,2018,9,1,4803,5338,1814,6405,8112,2511,6520,9216,5380,2218,3190,7879,7718,3718,6540,261,6726,9767,1180,8891,5814,3517,3108
4773,2018-09-02,2018,9,2,9707,3581,1856,9753,2756,4878,9825,9223,709,5854,2536,3114,7910,9663,5804,5406,3151,1188,3204,3979,4232,149,2843
4774,2018-09-04,2018,9,4,8416,51,459,6239,9700,1201,9307,415,1028,8520,1719,1742,3605,686,2383,6184,2108,5070,491,96,2972,6979,6665
4775,2018-09-05,2018,9,5,5740,3221,2653,1867,3765,3021,5232,1098,9179,1021,1510,5348,8607,4608,3890,2896,3312,3753,6050,2225,8358,5276,3250
4776,2018-09-08,2018,9,8,5447,3271,4348,1711,3503,2548,5112,8358,8566,8934,4360,5278,6960,3091,5378,3938,9602,248,6250,7288,6278,4589,9572
4777,2018-09-09,2018,9,9,5550,6864,5284,1258,2270,5288,7309,9022,3991,6148,3693,4585,7911,7952,3915,6224,5682,1213,5577,3493,2554,1913,2921
4778,2018-09-12,2018,9,12,6529,5965,2832,9551,7632,494,3859,7828,3627,3078,9253,2460,7147,8711,8173,6830,9898,4793,464,5286,4589,1504,7623
4779,2018-09-15,2018,9,15,9903,1051,2658,7143,9614,6120,2346,9511,2211,2042,9189,4084,7125,52,8968,6651,2428,5504,981,2112,7520,4345,6425
4780,2018-09-16,2018,9,16,7452,1316,1363,7821,1079,4476,4726,6383,91,1099,5927,5158,1900,2221,8515,7609,8793,2755,3769,6067,8448,5454,5499
4781,2018-09-19,2018,9,19,6167,5557,9082,4692,17,2841,1941,1039,6748,561,187,2652,6769,2061,4550,6704,8464,1894,1434,3227,1976,737,4473
4782,2018-09-22,2018,9,22,6674,3299,5200,9627,4373,8875,3886,4671,3862,1438,5577,3399,5055,5789,2165,9833,164,1453,8902,8226,5469,599,920
4783,2018-09-23,2018,9,23,5555,6931,8241,6517,8464,4732,1478,6599,5573,6838,8123,7320,4517,8271,1281,5338,123,6030,7769,8691,9605,4478,6055
4784,2018-09-25,2018,9,25,8144,8114,3641,5405,2892,6448,6433,5555,7764,3599,734,4530,6342,3276,79,3098,4719,1253,8016,7232,2315,827,1070
4785,2018-09-26,2018,9,26,1036,8527,1800,5536,4956,4224,1698,5775,4996,2170,4685,1113,3591,6595,250,3170,5704,3823,748,8362,1340,5637,6496
4786,2018-09-29,2018,9,29,1390,8937,3445,121,4236,701,9561,9070,1014,4217,2632,7692,2624,5070,5904,4036,4360,9393,3249,5640,947,1093,7861
4787,2018-09-30,2018,9,30,4889,8082,5167,6484,950,2294,420,9877,397,5081,2697,1614,3702,3581,3900,9443,3553,7295,1726,6831,4482,1733,3259
4788,2018-10-02,2018,10,2,6176,3484,1925,6729,4354,5344,1667,3094,4245,503,8808,1819,2065,8049,9669,478,8747,4985,576,8942,2097,8955,9893
4789,2018-10-03,2018,10,3,3615,474,5912,8709,1685,9374,4607,5818,9321,7299,4130,4641,6125,9707,7235,5976,8458,7827,2707,3828,240,3610,4749
4790,2018-10-06,2018,10,6,6285,987,1533,3807,7383,8944,536,3529,9436,4885,1342,2560,4332,6243,5997,8732,829,1451,5925,9859,2447,4645,1537
4791,2018-10-07,2018,10,7,5188,2406,4906,8705,2420,9014,5359,9992,4833,6807,4018,3582,2958,6583,5946,1101,7240,8722,5964,2741,689,3863,9376
4792,2018-10-10,2018,10,10,5065,9811,8430,9474,3786,4830,901,48,9919,7133,2227,5994,8667,7421,9171,5471,1782,5637,1469,3470,9336,1581,7428
4793,2018-10-13,2018,10,13,5575,9905,3292,9475,780,5934,2071,2309,73,8242,159,9293,8443,7627,989,341,3040,9182,7743,5693,3778,5839,3068
4794,2018-10-14,2018,10,14,5064,2018,1835,1207,7379,7436,7943,1592,1270,839,6378,9061,3371,9530,3264,7587,2692,8334,4352,979,2846,1815,449
4795,2018-10-17,2018,10,17,9553,9035,7596,7386,1572,9641,9918,6422,5600,1784,1045,672,1128,1317,2165,1030,3926,3065,7759,2303,1713,3957,5588
4796,2018-10-20,2018,10,20,569,8417,9002,9808,8586,3945,1204,5834,6155,3784,607,4044,6585,4912,2380,7017,2586,7807,518,8582,8548,5700,1480
4797,2018-10-21,2018,10,21,5637,2792,8546,4689,1287,5644,993,3134,9989,8184,6061,9637,3591,3404,2965,8188,2220,6475,2462,1273,4850,4012,1515
4798,2018-10-24,2018,10,24,6877,9305,7716,9422,3254,452,9734,1612,6350,9551,7553,9766,5199,8950,8506,786,8694,143,7778,7421,7044,6076,4024
4799,2018-10-27,2018,10,27,4734,4357,3475,2645,4682,8417,5237,2924,8689,5169,2296,6543,2527,2297,5550,4453,9042,6466,5755,398,8364,4376,3789
4800,2018-10-28,2018,10,28,3522,3359,9236,476,4586,6034,1276,1650,8917,2030,4547,9313,917,5713,7395,1806,3178,5311,3772,1780,7028,871,2862
4801,2018-10-30,2018,10,30,9359,5432,6137,2401,190,2980,172,7565,4439,5646,4114,7264,763,8934,288,8220,2578,5947,9153,3529,4904,5724,3174
4802,2018-10-31,2018,10,31,6506,5950,9179,6852,9844,4342,359,5416,1395,5322,6473,7492,2539,5584,4331,59,7593,9198,4187,5963,7877,8614,3403
4803,2018-11-03,2018,11,3,8761,6415,4891,5728,7394,2502,2290,9035,8899,8179,8926,4776,6003,6151,1340,3487,5329,2684,9556,3225,624,3566,6616
4804,2018-11-04,2018,11,4,651,2006,9897,6531,4199,3093,8649,7213,4298,398,6543,5020,4836,6752,7800,9289,9320,2915,8867,4354,8447,7050,104
4805,2018-11-06,2018,11,6,4502,9284,391,5258,1099,8599,3641,2765,9491,4397,2709,4338,1825,3713,6256,6299,4765,4981,9172,6319,1296,8781,9030
4806,2018-11-07,2018,11,7,3901,6671,6037,8426,8505,386,9911,5560,8290,1481,9233,2199,271,7738,3022,6615,9913,1682,3960,9093,5293,9914,4523
4807,2018-11-10,2018,11,10,4928,6810,5681,2564,8825,5094,7997,3353,3105,3146,7350,7126,1841,6939,744,5854,7301,7329,0,501,5174,9909,1842
4808,2018-11-11,2018,11,11,8097,1649,6495,7136,2972,3489,6239,404,3638,8503,5371,6794,8973,8361,9576,7910,2247,8796,1941,985,2346,4278,3987
4809,2018-11-14,2018,11,14,5758,3159,7794,2879,9522,5019,4017,4298,3151,826,2052,5459,8834,588,7928,5024,7174,7474,8562,4055,3255,6453,9623
4810,2018-11-17,2018,11,17,681,7728,7199,7065,1876,8028,4002,5882,2980,8359,5147,7285,9311,5777,5649,4746,4803,941,2318,28,8340,8233,1202
4811,2018-11-18,2018,11,18,9284,9234,2057,9173,4297,824,6261,7611,110,222,9441,2653,6668,6384,1356,4576,9746,4741,9910,5563,9501,7011,4305
4812,2018-11-21,2018,11,21,8844,7518,5213,1888,8887,6240,9247,7374,4173,2781,2148,8879,4003,8984,5098,6502,8113,9704,8573,2111,327,1442,8856
4813,2018-11-24,2018,11,24,5785,2008,640,3428,6366,1083,2856,7216,8765,4531,37,3694,7357,3540,6721,9791,241,8396,6853,2779,9570,4293,2263
4814,2018-11-25,2018,11,25,9178,1341,1494,7504,3926,7022,5955,9650,9291,2917,1577,8172,8755,3546,1576,6289,5733,2506,243,305,4693,8678,1032
4815,2018-11-27,2018,11,27,5882,9249,2180,3872,9675,8525,7924,3555,8679,7071,8230,9197,3235,2864,5662,8969,1720,2686,2497,1385,415,3618,1909
4816,2018-11-28,2018,11,28,4818,8158,9541,1349,3350,9022,4464,9868,8433,2621,6832,7869,822,8628,6356,2007,201,8725,1435,6375,3674,4645,9243
4817,2018-12-01,2018,12,1,4302,7881,3327,1611,5339,9406,3253,679,121,2850,9473,6432,244,6692,922,5944,5778,8068,6674,5864,7763,4285,9541
4818,2018-12-02,2018,12,2,1363,7751,7365,4636,9606,5352,2317,3350,1762,9938,3803,5967,7993,1200,1654,9710,5482,9453,7452,5278,6629,6307,1019
4819,2018-12-04,2018,12,4,5571,2092,805,6277,6271,4844,4363,2621,4630,6271,1448,5178,4154,1289,4501,6094,3124,4810,3834,613,2206,7006,2098
4820,2018-12-05,2018,12,5,7012,6232,5355,8106,6203,1903,5105,2615,5074,6612,9406,8875,5883,2600,5477,7336,2678,8858,6218,8650,9212,2922,2147
4821,2018-12-08,2018,12,8,5540,7596,8177,8084,2217,891,7716,7437,625,3005,5004,2420,7959,295,2923,8947,884,2574,8017,9428,5922,1496,2516
4822,2018-12-09,2018,12,9,4408,381,1028,8785,6263,9726,1748,9490,8472,6136,7991,1428,728,8255,7018,2407,4507,4061,5266,8705,1518,9143,7213
4823,2018-12-12,2018,12,12,2331,2436,111,3642,3345,6625,5874,1513,4922,266,2717,9409,544,4468,4049,9269,5580,2704,5605,2720,5893,9042,1363
4824,2018-12-15,2018,12,15,5393,1376,7759,7081,7907,3864,9568,5436,2909,3723,7769,2152,4861,2630,3421,6467,8400,9583,6533,7751,2614,6939,6302
4825,2018-12-16,2018,12,16,2766,2379,5796,348,9283,4026,6348,8751,3522,2066,1735,776,8751,86,3285,796,1188,2721,2921,8852,6105,1228,7365
4826,2018-12-19,2018,12,19,9481,3443,2375,738,5549,7531,3372,344,641,8394,5690,712,2182,985,1964,9340,2198,8074,4957,2540,7548,8416,367
4827,2018-12-22,2018,12,22,7802,5964,3981,8761,7497,3764,8118,9709,7138,6118,9000,140,1630,4417,5020,9737,4301,9694,684,7649,309,3574,175
4828,2018-12-23,2018,12,23,3064,6053,2645,5245,9164,5802,4108,3461,6615,255,4353,7755,6850,37,7267,1692,4756,6206,693,509,9311,6224,9302
4829,2018-12-25,2018,12,25,507,7712,7324,2933,9586,3180,8996,8891,699,7523,9866,3246,1061,369,3027,3616,846,1536,1719,9606,9124,1832,9866
4830,2018-12-26,2018,12,26,2844,9772,364,8186,2894,5926,3893,4334,2877,1028,3555,9858,8992,6519,7491,3410,3577,7524,7829,9893,4250,6866,1002
4831,2018-12-29,2018,12,29,669,5385,5768,2348,368,8957,8014,9084,5045,3879,7041,5928,2732,5428,3619,178,5833,3793,7981,5518,6458,7741,2046
4832,2018-12-30,2018,12,30,4839,1958,1991,9342,8069,4078,9188,634,9175,2098,9004,2537,3355,9032,1808,4767,2130,2060,3242,9984,1840,498,5844
4833,2019-01-02,2019,1,2,8295,8347,1864,5460,7667,5623,3712,960,9669,526,3494,6465,1199,9365,9800,2766,8385,958,2194,6405,2066,6738,1518
4834,2019-01-05,2019,1,5,7590,5741,3442,9529,5651,7753,1148,9071,5335,969,3685,4678,6214,4711,7079,6915,5766,4483,7117,7365,9040,2336,7688
4835,2019-01-06,2019,1,6,9968,7130,1900,1821,1243,3073,9290,9033,6018,3304,6113,9666,2320,1347,406,2114,5066,5984,4992,4264,9786,6934,9552
4836,2019-01-09,2019,1,9,743,3012,441,1150,1487,3241,2639,3886,7432,6058,7048,9707,9353,2681,7558,8539,8660,957,5055,1545,9831,2571,8285
4837,2019-01-12,2019,1,12,3196,7086,7401,8959,7161,2486,2481,8961,6610,9221,5218,2570,2268,549,5576,2333,9439,2836,517,1580,7143,660,4432
4838,2019-01-13,2019,1,13,8429,8449,7368,8305,610,1981,9918,6888,3877,1151,6704,3910,2103,3959,5970,7576,3259,7627,5742,4133,7760,3195,6366
4839,2019-01-16,2019,1,16,4089,1305,9100,1297,689,7281,5381,1243,7539,9047,8851,3866,3779,6924,5360,7842,7872,9051,1561,2018,3519,887,2560
4840,2019-01-19,2019,1,19,2854,9232,9468,4675,8408,927,3714,861,9115,2401,5305,9315,7008,6866,9897,5739,4921,3970,7159,822,8218,5280,6684
4841,2019-01-20,2019,1,20,4607,2486,1745,2595,1883,8896,5143,6474,6018,7433,2481,6071,9523,3985,8311,7434,8343,8655,1183,6489,6072,270,3263
4842,2019-01-23,2019,1,23,5273,747,2016,9641,3941,3025,3685,6862,7877,8864,7459,7689,4328,5612,8192,3407,879,4626,4575,4807,6015,8951,7831
4843,2019-01-26,2019,1,26,4749,1983,9747,4294,5522,6508,4782,3959,4163,9650,1649,3347,6986,5217,3380,6795,6740,8460,2485,49,2927,8029,9
4844,2019-01-27,2019,1,27,3595,7743,5236,6812,9470,6480,4524,7722,5414,2406,6370,8237,7093,3948,3845,4280,5967,5743,3391,9915,4190,4615,2803
4845,2019-01-29,2019,1,29,1269,9247,8983,4630,3386,1289,2788,7875,1476,4037,8790,3743,8508,5682,436,3550,124,1311,3375,5751,6718,3953,9279
4846,2019-01-30,2019,1,30,5322,2804,818,3850,9313,4984,5453,7742,4107,5365,4558,1670,5819,4385,8002,1440,5001,5800,3773,8207,8019,3664,1929
4847,2019-02-02,2019,2,2,289,3859,8425,3789,5963,6179,2478,9612,9089,2685,9254,4304,1983,1054,2562,1928,7374,1586,6251,7154,5729,6896,4701
4848,2019-02-03,2019,2,3,756,7489,2069,7816,2849,8108,1952,9665,6515,9088,4393,9678,2164,8477,53,1186,2213,804,8332,9495,1652,4984,3178
4849,2019-02-05,2019,2,5,6977,5713,7998,6637,9433,9274,4587,2561,6128,1128,6085,4525,305,278,6662,8994,7041,3388,9629,4623,6075,6331,2228
4850,2019-02-06,2019,2,6,8975,6174,9267,6890,2155,8250,5124,6717,8923,1957,939,6105,2223,8382,3125,8181,4053,3465,4637,9498,1817,80,414
4851,2019-02-09,2019,2,9,9424,399,8144,369,1615,4058,7837,2680,2432,7271,2395,7080,7148,7767,7777,9325,1778,602,186,380,3789,1095,3578
4852,2019-02-10,2019,2,10,9511,7383,7758,793,9615,2415,328,1224,2434,8993,2098,3513,1274,7391,8300,8956,5794,4982,9926,4103,8323,7176,3272
4853,2019-02-13,2019,2,13,94,7637,6953,7139,5232,8944,2847,6439,8350,7930,2599,3364,4783,4011,7904,2670,8953,2329,6676,8830,6029,6670,4241
4854,2019-02-16,2019,2,16,1637,5562,2749,881,2245,6120,9148,7059,6397,3381,3090,3438,5120,9723,2662,4386,5948,7592,2514,220,1600,8235,3087
4855,2019-02-17,2019,2,17,4154,6266,1602,7669,7693,3345,2168,1669,1007,7585,4397,7797,1471,9871,9311,8471,7133,262,1272,6815,6732,4341,1655
4856,2019-02-19,2019,2,19,2513,8788,7718,278,2056,4452,6987,5133,5544,1507,1394,4176,3230,8212,477,9151,7954,9961,8964,9158,8394,3504,4825
4857,2019-02-20,2019,2,20,6775,5325,4288,5342,9781,6048,5229,8024,268,3744,6251,47,1715,3572,4174,8387,9489,2631,7359,4835,3636,3390,9517
4858,2019-02-23,2019,2,23,9494,3308,4030,9922,5153,1896,4194,2819,9788,4134,6965,2439,8888,8285,16,457,4713,5476,164,5893,5281,638,2468
4859,2019-02-24,2019,2,24,4506,2116,1390,2055,2821,5394,6444,2310,6338,1862,3245,5511,5546,7780,3924,1143,7581,9924,1261,9789,9072,7992,6325
4860,2019-02-27,2019,2,27,6839,7152,2844,4338,6379,1035,5903,5341,462,7215,2450,1143,4572,1251,6267,2116,5406,3299,7596,2548,1623,5396,9657
4861,2019-03-02,2019,3,2,4540,1537,2740,8659,9725,7438,8940,2922,4876,3767,7383,9107,4543,2875,7951,6253,7044,5227,1247,7857,2842,8763,1265
4862,2019-03-03,2019,3,3,6888,3139,4397,7490,5881,3463,7317,2522,8804,7338,3860,9024,9812,4906,209,6850,6416,739,1420,6205,7222,887,5253
4863,2019-03-06,2019,3,6,1648,5343,8038,8219,414,4334,3300,3579,6583,7466,5459,5562,6936,6077,335,5424,3492,8856,9225,8435,5541,5889,2587
4864,2019-03-09,2019,3,9,8938,3482,7749,9222,262,308,7059,7443,9322,385,3361,8777,1575,143,1512,3927,6492,382,282,1700,3064,7239,4870
4865,2019-03-10,2019,3,10,2546,1223,999,9729,8772,7887,1457,9346,4527,6168,4620,1590,4633,5472,4497,1961,2124,4585,5585,301,339,1895,4492
4866,2019-03-13,2019,3,13,8809,3620,8593,8022,5460,635,3841,4627,5728,9980,1245,7348,7869,3587,2834,4246,7410,5161,9722,1145,1554,2959,7530
4867,2019-03-16,2019,3,16,6125,8272,5681,1414,695,9613,7925,7365,549,1220,4808,4361,413,5748,4022,4510,8401,2568,5606,8340,7357,8031,400
4868,2019-03-17,2019,3,17,9165,9706,2751,4670,1550,3557,6100,9421,818,6285,1874,8992,6858,1598,9028,3746,6229,1570,8976,8859,681,6868,6755
4869,2019-03-20,2019,3,20,292,7884,5728,8133,1983,864,2004,3077,3859,3661,3942,9319,6583,5495,4841,2393,5484,3205,205,5268,8689,8201,8033
4870,2019-03-23,2019,3,23,8090,3160,6917,7584,7348,4313,5351,374,6826,4647,7784,4519,3898,5202,8880,8237,8868,9481,3072,4060,5465,8211,5098
4871,2019-03-24,2019,3,24,6601,2764,7905,37,6815,5469,1012,494,4471,6187,3484,2233,5283,302,7417,725,962,894,976,9645,7610,4329,1438
4872,2019-03-27,2019,3,27,6646,4683,491,5081,5506,7804,3431,2946,5800,496,4436,1552,7128,3744,7263,3956,6230,8911,9223,5286,6882,2661,1929
4873,2019-03-30,2019,3,30,5124,842,5760,2014,2202,1405,2641,393,2988,9495,8920,6104,1199,4895,4780,3636,8389,1681,8928,1446,2756,1526,3349
4874,2019-03-31,2019,3,31,2758,7647,3620,5403,4229,2443,6872,5211,9946,801,9837,3978,91,1983,2039,3966,1112,9006,6222,7942,180,8792,9855
4875,2019-04-02,2019,4,2,1556,4218,2135,6534,195,1239,9396,9223,904,8795,6414,7710,8272,7118,2655,7565,1462,7998,1996,5075,3541,6028,3259
4876,2019-04-03,2019,4,3,9834,2692,3242,7376,4190,6684,917,4651,5345,4117,2449,370,260,5066,562,3487,9249,2701,4377,3001,6898,7954,7150
4877,2019-04-06,2019,4,6,6543,5195,3711,5531,3277,8908,4436,6251,6104,914,5307,8562,2648,4842,8046,7620,1337,6315,9265,9415,8725,5323,3848
4878,2019-04-07,2019,4,7,3033,9851,9169,3777,1928,5448,9831,2362,8217,2186,2237,6890,9478,1531,6819,68,4314,2477,3277,2549,4762,4430,7308
4879,2019-04-10,2019,4,10,7510,2752,4208,1510,8,9051,8313,123,8629,6530,9324,5698,4278,7182,9276,565,1820,1853,7051,7513,3573,8267,508
4880,2019-04-13,2019,4,13,2610,3849,788,3974,3619,4127,9348,6373,2886,6519,5347,6767,3642,197,1570,3494,9626,2207,2732,9131,843,269,1302
4881,2019-04-14,2019,4,14,7448,7035,1787,635,1598,5123,6488,195,7825,1472,8229,6796,9305,9686,3882,5544,1495,2338,4752,1516,1630,9831,3778
4882,2019-04-17,2019,4,17,3069,5612,479,8734,3839,9073,5542,7732,8976,601,8419,4504,190,7190,5199,5938,8677,4696,4228,6566,2512,9096,7112
4883,2019-04-20,2019,4,20,4524,2019,9825,3494,2576,4501,6331,6386,2820,9170,2497,8448,6276,4583,1996,2074,2628,7972,63,2459,1368,1042,1141
4884,2019-04-21,2019,4,21,240,2338,3680,1737,3637,2222,8777,2802,8076,9031,1788,3055,3107,655,7947,4783,6829,280,9082,9225,5477,2284,7146
4885,2019-04-24,2019,4,24,7258,1900,94,4521,7144,7916,3860,4219,9153,4612,2697,9040,573,2684,9921,6113,4927,9395,5025,8362,6379,6200,5134
4886,2019-04-27,2019,4,27,9336,7716,610,7026,270,2688,5058,5163,432,3171,3064,4336,7030,9112,1480,1016,8111,7010,5009,2938,4319,281,5205
4887,2019-04-28,2019,4,28,4870,5516,4259,7010,7021,7021,6059,9157,8695,5487,7959,7701,2334,2716,7241,1945,546,3290,4550,8193,2307,1579,162
4888,2019-05-01,2019,5,1,5590,4004,7711,5219,2650,4048,7039,4586,7556,5854,1863,2558,9087,6160,8118,8130,7433,6404,8049,7161,5352,8156,7421
4889,2019-05-04,2019,5,4,6564,7039,1897,4111,154,3518,5744,1613,5111,4778,5946,7564,930,2029,5518,5963,2487,6180,1218,5010,890,203,4177
4890,2019-05-05,2019,5,5,5645,6430,8795,5327,799,5098,5046,2706,2323,9287,4888,9609,4433,4574,1506,164,5340,8147,4889,3539,3112,6432,4886
4891,2019-05-08,2019,5,8,9993,6773,791,2262,767,5448,4668,6366,7442,1141,159,8318,3826,9391,1620,8084,9735,7913,9683,5401,5936,5425,7405
4892,2019-05-11,2019,5,11,5891,1579,8848,6215,2024,7534,7663,8018,8395,5826,5199,8373,9830,9379,2678,8646,4552,11,2840,8011,6624,5068,878
4893,2019-05-12,2019,5,12,469,1858,4003,6204,4242,1101,6606,8985,1439,9325,559,7105,115,7873,2741,9487,1493,2884,7107,8643,343,5930,6767
4894,2019-05-15,2019,5,15,1278,3669,9673,6854,6182,1547,3417,6662,4326,2487,6696,1999,4187,2079,783,126,1353,5856,5253,8647,5251,2838,6338
4895,2019-05-18,2019,5,18,7168,6925,592,2761,9136,6980,6522,3715,8614,7273,4837,6588,2485,1706,4920,5162,5998,1913,4026,148,1342,1974,2465
4896,2019-05-19,2019,5,19,4476,8042,8375,1905,3901,1569,3635,6702,8074,6386,2000,3874,4960,8401,4992,1989,3483,4980,443,5372,6137,1899,7902
4897,2019-05-22,2019,5,22,5945,4728,4040,1469,6577,1234,8589,2462,2594,4929,1916,6020,3941,7358,3789,2744,5763,9797,9985,9880,3981,4552,9570
4898,2019-05-25,2019,5,25,6408,4000,2720,565,6040,6019,3173,7244,1845,4263,2693,54,2987,1020,4312,4214,5751,7092,2266,4719,8632,292,5305
4899,2019-05-26,2019,5,26,3851,1805,5047,4872,3235,6747,270,3409,8194,6241,7462,2941,1117,1778,1204,2017,8875,7953,4460,7360,2076,2022,773
4900,2019-05-29,2019,5,29,4651,5836,6565,7502,2705,3004,7398,1121,5385,9567,2202,9114,7856,4787,1345,7397,6405,5162,4947,2722,569,515,8602
4901,2019-06-01,2019,6,1,7190,1476,1674,5583,8088,4271,8958,5584,5711,1950,9717,8945,8637,6245,9328,2733,9897,4284,8218,6720,5111,9194,2682
4902,2019-06-02,2019,6,2,8313,8666,7567,5904,7907,1852,6119,805,1253,6360,7417,9819,5923,5050,272,3663,5627,3793,872,4455,6878,2280,491
4903,2019-06-05,2019,6,5,8223,2634,7909,6943,2683,4921,7852,4420,7507,6173,4311,1464,2778,6185,2294,946,551,9191,2888,8692,6071,3163,4838
4904,2019-06-08,2019,6,8,6531,1699,9342,6134,9316,1691,454,4613,3557,5606,2032,5577,8215,7276,5321,9890,8953,8369,8730,2192,4995,6518,9430
4905,2019-06-09,2019,6,9,956,4060,6460,4057,3138,9235,9865,7191,8752,2284,6053,5128,7401,1594,5695,2621,3250,8692,9840,278,9735,8814,966
4906,2019-06-12,2019,6,12,9115,2595,7859,4759,8960,4107,5150,2506,8213,2346,8441,3735,8505,2857,6699,788,2014,4801,7865,390,7507,238,7978
4907,2019-06-15,2019,6,15,4727,5655,7886,6515,1653,5889,9733,6468,39,1114,4026,483,7701,6157,8641,7497,3895,7764,730,8091,6117,2244,793
4908,2019-06-16,2019,6,16,3341,1817,8356,7488,1675,1453,7396,4451,1364,7179,419,6882,4442,8354,851,7861,3341,6063,101,419,9064,1698,8629
4909,2019-06-18,2019,6,18,88,6432,2224,1984,2939,8918,4626,9620,3473,4539,8483,9739,3206,7762,3373,5446,3551,622,1057,7865,6609,1641,449
4910,2019-06-19,2019,6,19,6358,5669,7805,8709,1170,2005,6049,6489,7690,7644,6064,610,6453,3458,1149,6576,5105,1480,3201,896,3168,1330,8230
4911,2019-06-22,2019,6,22,4627,6093,1176,5496,4417,9462,6508,1716,1275,2477,1305,9882,3115,2303,9444,1231,7506,5399,1098,1563,5620,1682,8829
4912,2019-06-23,2019,6,23,8288,6307,1065,8856,6573,3940,5980,7610,8720,5285,4374,5492,5291,8200,7207,9496,7286,9769,314,4820,233,5754,5028
4913,2019-06-26,2019,6,26,3473,5987,9295,7039,5389,9027,388,9406,3467,6355,7508,8640,1381,3449,4242,5806,7100,9457,8170,6799,5955,8332,5057
4914,2019-06-29,2019,6,29,3156,8792,3856,4943,9966,956,198,6398,4484,278,1322,1840,7938,7405,3903,8921,8569,1995,2242,7201,747,9380,524
4915,2019-06-30,2019,6,30,7993,4211,5001,9132,5059,6582,2341,8238,6525,5966,2934,7319,4409,2993,5152,1344,3974,4648,9294,4796,2133,2647,4550
4916,2019-07-03,2019,7,3,6344,3326,9574,5606,2582,1388,4586,286,1949,3950,4732,1032,2930,1746,8928,4717,4153,5060,7290,5874,5521,1256,5917
4917,2019-07-06,2019,7,6,8366,2111,120,9492,1540,8983,578,4501,8001,985,6934,8539,3770,8825,3545,1956,8497,9612,8016,5296,6508,8795,2874
4918,2019-07-07,2019,7,7,677,5797,8736,8430,9871,2029,9632,6046,5719,5710,6684,8683,8703,7382,9288,3291,1872,3357,1461,6838,1198,1239,150
4919,2019-07-10,2019,7,10,8311,844,9931,6686,4927,762,713,7009,9531,1829,5488,2591,4010,7952,3413,4622,364,7934,4792,1392,8268,8574,5818
4920,2019-07-13,2019,7,13,4082,7312,4502,8673,6039,1181,7903,7641,6239,4061,4669,9525,9714,4279,8370,7321,5180,1271,3589,1457,8852,8063,5039
4921,2019-07-14,2019,7,14,3147,8897,4221,2176,4513,4006,6433,7541,8930,6379,2549,1145,610,1594,8968,9524,2959,428,1623,360,9649,3691,7372
4922,2019-07-17,2019,7,17,3653,4436,2407,2335,4844,7861,9124,8657,3767,629,2337,7082,5028,3101,8844,2879,3961,1915,7686,8155,5209,462,8354
4923,2019-07-20,2019,7,20,3964,8727,8992,381,3765,6839,3537,2089,4082,8840,3463,9701,9916,7860,4716,4294,7239,4816,5853,4322,8640,4683,1599
4924,2019-07-21,2019,7,21,472,8638,6843,3113,7183,7319,9206,9018,9257,6067,2516,3872,7853,5782,743,9187,7121,9049,7198,9234,447,7530,6526
4925,2019-07-24,2019,7,24,4516,7895,5754,4102,8385,799,9523,9889,1615,2632,648,4130,2144,6853,3694,3080,4414,3341,3347,313,4103,1667,7498
4926,2019-07-27,2019,7,27,3545,9663,7047,4665,5635,7519,6009,4468,3098,362,7845,2964,4730,3535,87,2389,2723,8725,6908,3208,525,4819,1703
4927,2019-07-28,2019,7,28,5677,4841,1457,2672,2351,1285,4982,9869,8013,8097,9591,6633,3650,3970,5145,6184,6963,1170,523,6013,5337,919,3659
4928,2019-07-30,2019,7,30,3829,615,9252,7994,3055,5872,309,9689,1781,6631,266,1908,7864,9258,59,6510,2163,1845,9749,8744,7582,6466,4599
4929,2019-07-31,2019,7,31,2812,3536,254,8498,9413,7489,7302,4815,9666,2023,8109,2391,9323,7227,3687,6457,6445,2460,8935,9772,8837,54,7760
4930,2019-08-03,2019,8,3,9810,2197,6997,2059,5427,6975,6748,8537,8438,9715,3471,1538,7677,3991,9490,167,3670,9825,5177,5536,2224,820,7570
4931,2019-08-04,2019,8,4,6590,1944,2078,8171,7694,1599,2707,813,8808,5713,7260,9198,5210,1275,2481,9614,4913,6078,5541,3223,9703,3717,2093
4932,2019-08-07,2019,8,7,5278,9318,7481,2103,495,4218,6753,595,4793,5517,8986,1106,3420,2490,5062,8800,2497,4124,1296,7199,7442,9749,9062
4933,2019-08-10,2019,8,10,3969,8818,1851,2300,7669,2767,5073,8197,9936,9166,1951,1824,5378,1198,1525,2804,826,9317,9699,2694,8848,7666,218
4934,2019-08-11,2019,8,11,2691,3948,9045,2677,6943,8562,8340,3617,2015,1969,7368,3282,4061,6683,9853,9448,9961,8226,6287,479,316,8018,6080
4935,2019-08-14,2019,8,14,6103,3423,1585,4588,8383,1776,2045,3137,4437,3920,1775,9832,8551,6007,2180,5013,4843,5775,4743,3332,1170,2505,3242
4936,2019-08-17,2019,8,17,3140,1335,8289,6103,9894,6709,3067,8964,943,7061,5892,4080,3769,6923,8297,708,9684,1713,4415,1452,5445,2177,1966
4937,2019-08-18,2019,8,18,9958,6817,2033,8148,4246,1861,6570,9214,8774,1607,9748,4334,7081,8714,2284,7036,6275,9981,7405,7898,5657,2974,6671
4938,2019-08-20,2019,8,20,4409,1462,6854,6679,9585,2672,1935,1303,5144,522,8476,1519,1577,9178,9827,9081,5634,5492,1408,5167,4885,1765,4814
4939,2019-08-21,2019,8,21,9032,4649,4428,5110,7779,7848,1887,2221,5881,6795,6351,734,6470,8135,7773,5702,252,553,2041,9780,3849,5690,4708
4940,2019-08-24,2019,8,24,7808,9691,5529,6161,3625,4952,8941,8916,32,4768,2284,3686,9460,8186,8894,184,9535,9037,3017,2196,9622,1284,4293
4941,2019-08-25,2019,8,25,1263,3538,2914,1318,901,8071,4292,4528,6721,6597,8164,7938,792,7070,6800,3588,7130,8299,2975,340,3156,1925,6692
4942,2019-08-28,2019,8,28,9791,2402,2898,359,7693,1211,7466,678,2864,7426,9071,3374,5012,497,623,5990,3838,9560,9704,2620,3908,314,4255
4943,2019-08-31,2019,8,31,857,2036,5373,1091,2628,6659,4449,6885,9045,7325,9486,1346,5111,4306,1484,3407,8955,8635,1044,9108,308,6469,908
4944,2019-09-01,2019,9,1,3030,7348,9122,5457,1482,79,7383,5782,4343,3564,8354,2503,4682,218,5296,9608,2252,6643,9830,1813,6425,1424,8131
4945,2019-09-04,2019,9,4,5418,6772,2831,7699,3732,5241,8688,1420,9166,6293,364,5971,997,4473,1271,7156,2745,7048,2868,6207,2897,8588,4929
4946,2019-09-07,2019,9,7,1515,5828,4503,6618,9570,1974,5603,2494,4233,5723,3969,7500,7600,1578,3144,7465,3784,5023,7828,2355,817,6018,4181
4947,2019-09-08,2019,9,8,1035,2045,4055,9878,8944,4807,159,5134,3258,5021,8706,9972,8593,5786,9836,8183,4502,9928,1907,3247,9331,492,3449
4948,2019-09-10,2019,9,10,4561,2531,3539,3416,1458,9368,4233,4640,1047,7695,3571,2057,898,3863,6442,1566,9492,5508,3156,7063,4511,5067,425
4949,2019-09-11,2019,9,11,3673,2841,6807,3403,4724,2774,8899,4541,6009,4436,1155,9765,5323,1705,6238,3931,4206,5675,9783,282,1091,6474,920
4950,2019-09-14,2019,9,14,2246,1098,3586,9093,6338,2943,8184,8944,4374,5613,905,5954,8222,9968,7488,6566,9225,2057,8411,9860,5684,5030,2211
4951,2019-09-15,2019,9,15,8955,5682,3607,820,4004,9606,4174,5176,2628,53,1330,621,2159,4674,8184,1861,2452,3202,6752,4446,7316,3489,3996
4952,2019-09-18,2019,9,18,1001,1163,5312,2994,165,1626,7380,7041,5996,180,50,4681,3059,9918,9572,2920,6061,3504,6336,6520,1875,9014,4537
4953,2019-09-21,2019,9,21,2911,1531,7970,3846,9147,9875,3075,4522,5494,1418,9252,3006,4807,4413,8741,5830,8490,9178,7633,4944,2536,1246,8874
4954,2019-09-22,2019,9,22,8750,625,1403,6103,5689,4898,3010,4055,3438,1683,4622,6126,7345,7011,8406,26,8974,870,1355,3867,4988,5688,1325
4955,2019-09-25,2019,9,25,3897,7437,2129,8294,7653,2171,4818,78,9819,8075,5850,1414,3434,725,7366,2520,6179,4872,3715,1552,7807,8521,7889
4956,2019-09-28,2019,9,28,8793,5553,7631,9871,6706,8434,9958,1981,2303,9214,2151,2124,7631,1859,3645,8135,586,8443,8516,8946,7417,3585,2824
4957,2019-09-29,2019,9,29,2675,2603,2368,5628,3280,7835,9058,2034,7584,482,3991,8900,8851,4103,1740,1826,2070,7155,2153,2866,1998,2896,3398
4958,2019-10-01,2019,10,1,870,6656,7048,7418,5802,9517,1388,2678,1352,1687,6723,6823,7276,6336,6983,386,4159,3810,1852,3345,671,7185,4294
4959,2019-10-02,2019,10,2,6576,2691,7147,6775,7808,400,5582,3203,2170,5553,3453,6203,9076,2824,9353,4974,4998,9134,5938,7342,7751,3642,6335
4960,2019-10-05,2019,10,5,5315,1424,4261,530,4064,6815,2989,2639,1837,9941,6843,8423,7194,3582,3590,7974,9694,5707,1622,8091,7090,2136,4254
4961,2019-10-06,2019,10,6,1626,94,382,869,4481,4736,6086,4947,8412,9082,4723,6636,8895,8800,8259,187,8325,3189,8779,7491,8485,2647,1662
4962,2019-10-09,2019,10,9,1488,7585,4237,9990,7626,2703,6035,7217,8473,6412,5214,6262,781,22,3707,9368,56,639,1491,9222,2303,9703,7428
4963,2019-10-12,2019,10,12,7683,1425,5985,7683,1922,6171,1131,1561,8426,4929,1242,9299,63,4108,7595,8880,7388,4090,245,5613,1032,670,7337
4964,2019-10-13,2019,10,13,1596,511,6137,2214,4627,3163,3172,8462,3954,56,7442,5938,6694,2749,4247,7335,9616,3863,7915,4795,539,1935,2027
4965,2019-10-16,2019,10,16,6627,5257,8435,7802,7127,9645,384,5093,7058,4359,6719,908,2346,9485,406,2401,6368,6665,5670,4428,6483,9026,4311
4966,2019-10-19,2019,10,19,6743,2856,8505,8045,2675,5942,7509,3767,8590,1218,6027,6328,2492,4984,502,9627,7719,8413,6346,5405,4736,6282,2238
4967,2019-10-20,2019,10,20,9025,2857,3273,1484,4403,2427,8835,1202,5371,7400,5195,454,4622,8985,688,5013,9062,8925,8870,2891,5991,7748,4844
4968,2019-10-23,2019,10,23,7271,8422,972,5871,863,7204,5969,9116,8307,5950,7278,711,3337,6452,4871,833,5879,1414,8301,1035,9006,7392,8088
4969,2019-10-26,2019,10,26,1030,6079,7201,4972,7375,5743,2725,1508,9956,7188,2510,5479,7382,6457,8857,383,4517,6998,7039,4289,914,1923,3390
4970,2019-10-27,2019,10,27,9405,7146,7091,4295,9087,5024,845,2404,5673,9117,1658,2966,2597,777,8481,6540,4320,3079,9979,7843,8972,9647,3348
4971,2019-10-30,2019,10,30,6456,8923,585,4219,7490,8330,8903,8196,6208,4372,9141,2023,7221,1893,6203,4796,8869,6738,4651,4962,9825,9107,3118
4972,2019-11-02,2019,11,2,9120,3237,4351,8741,2281,6955,4434,8100,5240,7931,9569,6559,2011,6533,8854,949,7047,8607,242,4118,8610,9244,378
4973,2019-11-03,2019,11,3,494,2610,3881,3192,5201,180,514,6173,8569,8511,6651,4429,5764,3936,9279,7929,9644,3069,2016,7452,1138,4806,8515
4974,2019-11-05,2019,11,5,786,6123,1445,1217,950,6342,8885,2777,4445,8413,8424,5073,7969,2195,3008,2369,3783,4059,4437,989,6344,2559,3135
4975,2019-11-06,2019,11,6,2780,5924,3661,182,1416,7844,9851,6998,2321,3521,5914,8810,9710,1760,1833,8810,3880,2670,7406,2487,9712,3685,2148
4976,2019-11-09,2019,11,9,6103,8173,3228,6490,2749,4410,7929,7650,9534,5529,9796,1981,4736,3613,3386,284,2820,6863,5858,6139,3614,2064,9562
4977,2019-11-10,2019,11,10,132,7940,7035,5717,833,9020,1194,5298,9092,5702,4050,1828,4281,3692,8891,3448,708,5046,7693,2043,9455,7887,6517
4978,2019-11-13,2019,11,13,4056,899,5712,7839,3808,953,6905,2919,5966,9919,5792,8594,5756,4633,3247,7233,3654,5890,6897,4931,9025,1151,3832
4979,2019-11-16,2019,11,16,1349,6662,9705,821,9659,9393,9044,2950,6238,1342,9754,3897,3246,7296,7939,4786,1868,2860,8355,4668,8216,5394,4513
4980,2019-11-17,2019,11,17,9545,5939,4666,9397,7425,8038,2759,92,7095,5311,3435,8635,9049,662,2712,2586,8006,1822,3152,6919,1570,9931,3700
4981,2019-11-20,2019,11,20,2685,3811,1872,9527,9167,3856,1,1214,5269,6075,5094,7724,5654,3538,6218,8243,690,6695,6452,6243,57,8534,3942
4982,2019-11-23,2019,11,23,9001,912,2865,9889,9520,6845,1006,8812,6251,5236,3107,4091,3885,6736,3000,7086,8140,6468,8391,9859,4600,8014,3190
4983,2019-11-24,2019,11,24,5715,2248,2170,9801,1451,8539,4859,4881,9674,3850,5197,1575,9175,584,9158,5134,6454,4596,7837,6374,4160,2765,9243
4984,2019-11-27,2019,11,27,8190,5584,3494,9420,8865,888,5940,1741,8234,1252,5884,9563,995,4459,930,7591,8098,188,765,4110,2437,5781,5786
4985,2019-11-30,2019,11,30,664,2993,4283,8667,6635,2843,5370,8122,7438,8321,2557,1028,5734,9428,7899,8029,3289,3747,6168,9854,491,4662,3400
4986,2019-12-01,2019,12,1,600,8821,3178,1881,2369,6550,342,1537,7761,296,941,472,3846,9488,6168,4130,2586,926,4071,1150,4485,2701,4197
4987,2019-12-03,2019,12,3,4812,2823,9052,7823,7949,9395,7531,4860,235,6474,8152,1064,401,537,5616,970,3251,9157,6913,3736,376,6921,225
4988,2019-12-04,2019,12,4,982,2424,8618,1184,5305,5590,5177,596,2569,8000,4484,4962,8114,8433,3807,2788,1158,7264,811,502,7169,5535,4473
4989,2019-12-07,2019,12,7,31,476,5992,3998,7301,4761,1826,5570,7483,9105,2017,94,4793,3719,9694,1677,1951,6455,9050,7904,1271,5957,658
4990,2019-12-08,2019,12,8,4924,659,6173,7441,8123,7831,5332,9064,1977,3646,8318,375,2328,3838,4808,6128,5380,9586,2792,1361,4815,1724,6476
4991,2019-12-11,2019,12,11,9374,8464,5755,3213,6355,7980,5101,1199,8375,7424,3594,7892,4289,3728,3307,7093,9610,6526,8368,5686,3061,6014,3863
4992,2019-12-14,2019,12,14,5523,882,875,9789,154,9587,1110,8667,8075,3627,7863,5466,2478,2732,1978,1871,4904,1937,9116,7562,1087,3022,7063
4993,2019-12-15,2019,12,15,5498,8613,4830,1617,4789,7163,8060,5322,6753,7474,4816,642,6273,6593,1158,5201,8621,7652,3944,1820,316,4987,3902
4994,2019-12-18,2019,12,18,145,688,6938,1146,4244,7108,2901,1168,4697,9820,640,9931,2693,8887,5681,869,4245,2594,966,8882,4026,8083,2703
4995,2019-12-21,2019,12,21,797,1441,6616,6627,1285,2344,6454,3655,1516,9199,8419,1749,6958,2214,8290,8229,8568,2972,741,9685,2446,2608,8213
4996,2019-12-22,2019,12,22,6581,5610,6408,7103,896,4462,5239,9253,3582,2338,5521,7259,7944,5240,216,3254,5045,2417,1937,4321,2109,5658,9252
4997,2019-12-25,2019,12,25,4872,2887,7467,2305,3497,4878,978,7875,7877,4765,2683,1590,4627,9254,8509,9271,2288,1729,113,3675,2692,9333,2520
4998,2019-12-28,2019,12,28,7599,5621,2904,4547,4902,2687,5656,5344,7876,5493,5332,5284,1744,4538,3050,5536,3279,1832,946,9917,4395,5027,7046
4999,2019-12-29,2019,12,29,3281,7946,1062,966,8823,6128,923,1613,8477,4226,9442,6956,3724,1805,8758,794,736,2320,8570,4141,3729,9348,7580
5000,2020-01-01,2020,1,1,4102,9223,6726,8027,6108,2752,3119,1200,4769,7133,7928,599,562,4681,9914,2268,8690,8209,9108,7183,4206,6316,549
5001,2020-01-04,2020,1,4,6447,3549,1049,6456,6570,6966,8471,71,123,5967,5359,2680,5017,6708,3216,5704,1006,3553,3392,2119,1796,8975,8137
5002,2020-01-05,2020,1,5,2899,610,8488,2137,3929,4087,68,455,9971,781,8724,1011,2357,2184,3578,5007,6274,9906,4868,570,8679,7573,6820
5003,2020-01-08,2020,1,8,5376,552,1818,9084,2614,9869,5664,687,5673,794,7585,1701,3037,2015,5577,5995,3498,8340,5519,3313,2954,6199,5896
5004,2020-01-11,2020,1,11,5240,6015,2488,6926,49,7489,1322,5414,151,7347,3845,8613,2974,9673,4512,6540,336,3653,9304,7545,1332,7750,3473
5005,2020-01-12,2020,1,12,6890,44,2216,4500,8849,5708,7986,6521,3222,4088,8143,6910,4882,9757,3940,1311,6877,5789,942,8919,5360,8937,567
5006,2020-01-15,2020,1,15,6199,7579,77,8390,7085,4532,2017,6098,766,6687,363,6502,9813,4900,5351,6840,1529,475,8307,5263,3949,1220,6302
5007,2020-01-18,2020,1,18,613,8958,6002,2289,1149,7098,5253,5754,6358,5350,3643,8909,9123,3075,3333,4480,8573,5519,3586,5156,1221,3341,9816
5008,2020-01-19,2020,1,19,3922,5242,3884,4308,6049,4033,9766,3231,3669,9845,3520,5352,5606,7830,4647,7462,4553,1476,6201,3125,3127,344,9655
5009,2020-01-21,2020,1,21,3055,7609,2563,7942,2973,4446,4796,7686,1414,5803,5156,6763,72,7065,9617,3082,6559,6084,1009,1299,712,8472,8507
5010,2020-01-22,2020,1,22,7828,2680,4998,3608,9501,3094,1635,6298,9410,9626,865,5772,5279,4297,3696,286,8811,854,5617,2849,1780,1210,2628
5011,2020-01-25,2020,1,25,6469,9430,664,1691,1101,6871,3223,6580,8541,2481,6838,4344,7834,891,5042,9353,5394,3701,6893,9375,2385,485,9580
5012,2020-01-26,2020,1,26,3585,7166,9287,8665,6462,4781,8658,1519,9667,7473,7445,2603,6118,7264,2873,7933,542,7226,7873,594,284,8915,1729
5013,2020-01-28,2020,1,28,1940,7660,9129,9259,9501,751,7096,7198,1070,5308,1058,7567,6939,7278,4507,5798,6678,559,9977,1913,3176,4799,3267
5014,2020-01-29,2020,1,29,149,2747,5956,785,2147,245,6744,3809,7437,813,752,9719,9749,6148,3675,9310,7862,5099,8961,6398,7002,9173,8605
5015,2020-02-01,2020,2,1,2869,5728,592,2148,5523,4365,980,4497,2818,5724,34,614,7386,4709,8750,2270,8742,3026,8413,2078,932,4635,5022
5016,2020-02-02,2020,2,2,5712,1861,782,2504,3974,7522,5338,8535,8845,5571,3219,3401,5226,8753,4897,1687,1499,3133,5852,2725,9199,2984,7841
5017,2020-02-04,2020,2,4,1105,1338,9054,2743,8119,158,2380,5816,9322,7599,3036,8841,2066,3474,8192,7974,6953,3971,4946,8291,6693,1198,9627
5018,2020-02-05,2020,2,5,4629,5406,1262,5635,8266,5910,3021,7484,2057,7558,1576,6701,4395,7078,7389,3349,7801,1131,7245,1108,2117,9073,8537
5019,2020-02-08,2020,2,8,3205,7780,4843,1969,5308,4948,5488,5069,1284,1034,9761,7314,2063,2433,7182,1439,9979,7565,7255,5957,9170,4880,4751
5020,2020-02-09,2020,2,9,2509,3826,2907,7909,4481,1971,9750,6795,9792,3206,8004,4281,2697,251,8168,4609,8857,3510,6176,2602,9322,8385,2722
5021,2020-02-12,2020,2,12,1534,506,8558,5881,4360,1322,2304,3884,7958,9850,3933,1935,1965,9046,9779,9270,7490,3754,5068,8415,7428,2327,6015
5022,2020-02-15,2020,2,15,3719,5326,7341,955,5236,307,138,2053,4183,424,2919,8691,1858,4165,3364,210,3100,5046,2914,6485,1736,1415,1480
5023,2020-02-16,2020,2,16,5835,6380,5509,9276,838,4853,4257,387,7260,7410,831,8717,3520,2914,2529,9238,3083,1785,6719,6522,194,3493,271
5024,2020-02-19,2020,2,19,9888,8117,4428,5290,6010,7116,127,9458,5218,1136,1301,6164,22,389,7309,5784,8868,7086,6075,8965,6368,9671,3838
5025,2020-02-22,2020,2,22,1708,1860,5249,5896,9794,9043,7489,1071,5933,6245,2317,9715,3155,1237,1733,7639,9169,4879,1503,8222,3310,4582,8939
5026,2020-02-23,2020,2,23,7242,4237,1545,7175,2283,3788,601,4020,5737,8717,9721,1006,7645,6093,7752,1350,6020,4693,4426,9154,1264,1809,8479
5027,2020-02-26,2020,2,26,6396,709,8677,9719,4206,1979,2199,1830,8390,9298,6001,1315,3752,7490,1968,319,3926,6874,1431,3280,586,1303,2899
5028,2020-02-29,2020,2,29,8796,4977,7053,6542,8573,6334,9773,9805,5766,1513,6143,351,8410,4937,333,9474,6512,2639,505,4341,2624,286,1089
5029,2020-03-01,2020,3,1,4123,5279,3573,6586,8586,2153,3184,2619,8749,3359,4139,4701,2864,2212,7214,2250,6266,3284,9196,6258,6359,3265,2585
5030,2020-03-04,2020,3,4,8459,1319,24,3350,7056,8214,4418,5129,3562,7679,3830,6149,9129,1190,3370,2798,9607,64,8101,882,8759,702,3442
5031,2020-03-07,2020,3,7,9287,5586,4088,9876,2755,2778,6475,5658,3689,5839,530,4595,8810,1498,2001,2663,6739,6103,8716,6006,7393,1586,504
5032,2020-03-08,2020,3,8,4074,8266,1848,3709,6791,5,791,1279,3995,9780,6605,8420,8380,4859,4316,7079,2398,2076,9778,5624,326,9438,1328
5033,2020-03-11,2020,3,11,8233,1900,3791,4757,6336,8295,3756,9946,4169,8912,5862,4813,5868,4377,4472,8113,5520,3165,5415,2926,6441,7264,5885
5034,2020-03-14,2020,3,14,508,4734,6360,68,6885,9821,35,9553,5743,8498,4031,5935,9815,4331,1731,1123,5201,6676,6766,4065,8197,6625,9890
5035,2020-03-15,2020,3,15,8910,4133,4377,2960,2682,6700,2791,1225,319,7160,6009,7025,2003,2532,5195,1304,646,7064,7324,7334,2419,7744,3120
5076,2020-06-17,2020,6,17,9132,9477,1151,1281,7370,3255,8323,3457,2891,9623,999,9067,1007,6450,9984,6405,4197,6573,1750,2558,9650,2014,3145
5077,2020-06-20,2020,6,20,8170,4729,7865,921,2914,8488,6458,3124,5997,3106,9754,5982,2821,4447,1107,1628,6645,3051,2863,9423,1467,2074,6103
5078,2020-06-21,2020,6,21,2295,31,8953,4041,6923,5165,9330,2269,6397,3405,6119,7923,1764,7898,1611,1566,4339,8093,1955,6188,168,9501,8427
5079,2020-06-24,2020,6,24,9475,9850,7884,2279,7978,7562,7609,3344,6333,8756,1184,1554,7339,7482,5396,8120,5949,7468,8812,6124,9196,6633,8365
5080,2020-06-27,2020,6,27,919,2649,834,6592,3916,1691,785,5766,5964,4870,4101,1140,9768,3497,9690,9047,2347,1699,7697,7136,1097,9866,6961
5081,2020-06-28,2020,6,28,8520,5309,5234,8784,900,3335,9704,3041,6145,4397,8986,3317,3818,4684,7960,1139,966,1698,8759,9206,2138,9712,5728
5082,2020-07-01,2020,7,1,1477,7011,3895,4299,2843,2419,4969,569,3530,6021,8151,7401,4746,9478,2654,4608,5067,3899,9125,7247,6877,9530,9409
5083,2020-07-04,2020,7,4,9550,3858,9379,7614,5079,445,5307,9363,712,382,2135,1744,1423,1592,5449,9674,9780,7420,5420,1577,3027,9484,3369
5084,2020-07-05,2020,7,5,7701,7466,3594,7000,7929,9663,3632,2372,5266,868,4838,5345,4326,1624,4238,6542,4931,7734,8011,408,7609,6857,7527
5085,2020-07-07,2020,7,7,8141,9741,6613,6758,9439,7696,8165,3864,9461,2207,5442,5983,4321,6892,746,7178,2378,7277,449,5015,3515,8262,3095
5086,2020-07-08,2020,7,8,530,4420,206,5170,8062,6957,9305,119,5540,3379,416,1227,5706,3754,3414,8612,2849,1077,7567,7627,417,1912,9339
5087,2020-07-11,2020,7,11,2899,557,4757,3272,7793,204,6757,1319,8912,5602,875,3490,7080,2958,1100,87,8113,3484,6707,8675,7128,6146,9812
5088,2020-07-12,2020,7,12,1200,1477,1587,3535,4215,7169,5984,9863,6012,8672,8347,1965,3489,9333,8572,9357,8242,7078,5804,1132,3179,1485,7499
5089,2020-07-15,2020,7,15,906,7525,3969,9016,9190,1845,8056,7994,9887,5390,7544,6023,7051,9673,6167,1791,9954,8719,5535,8092,7900,5891,807
5090,2020-07-18,2020,7,18,7324,4942,254,8845,4074,3164,3813,7447,8146,1113,1291,3859,7246,2930,9070,9194,4657,5359,2272,1152,7787,292,6852
5091,2020-07-19,2020,7,19,3389,6185,6466,873,7706,973,300,4778,783,7681,7055,4853,3907,5458,7813,7607,9115,5061,6711,7390,7409,5809,6698
5092,2020-07-22,2020,7,22,9695,2277,5551,1344,6469,1110,91,7058,4193,6485,9114,1967,6015,117,2289,127,9274,1718,6610,1022,4965,5010,8425
5093,2020-07-25,2020,7,25,129,8785,4518,3807,7897,1060,2208,6937,5895,1465,4548,6919,8792,4351,1415,3746,6254,1029,3119,8276,302,5474,918
5094,2020-07-26,2020,7,26,4400,7135,801,9678,1031,8809,7114,5512,3254,4513,6264,6217,6251,653,1432,7427,8301,4248,130,1761,649,3832,6753
5095,2020-07-29,2020,7,29,6148,4800,2842,7588,4011,9915,4103,4938,8590,4490,6392,4429,7204,4169,5458,8658,648,7068,8041,7782,4822,4403,8921
5096,2020-08-01,2020,8,1,6211,3339,3678,3695,9642,3150,5216,5171,8042,1747,4262,6405,6526,7058,2213,3396,6685,2796,8210,6529,1070,2918,9750
5097,2020-08-02,2020,8,2,7667,7847,3133,7524,5845,9273,2000,8126,5061,1365,4580,2312,3996,9571,6681,7101,7817,738,1684,2304,118,7063,4324
5098,2020-08-05,2020,8,5,2956,924,2741,8325,601,9784,7278,1150,1567,7317,7479,4365,9581,6591,3142,8209,1372,6395,1673,2739,2485,3980,9809
5099,2020-08-08,2020,8,8,5502,1112,5358,3272,9331,7009,5546,1135,3662,7376,3159,8109,4197,9234,9897,556,3420,6357,8574,7136,483,2082,7537
5100,2020-08-09,2020,8,9,1890,690,3761,8320,7642,9024,1479,5156,7501,8593,7558,3898,1945,4955,7449,1949,9039,7562,5207,2325,6571,5013,4036
5101,2020-08-12,2020,8,12,8222,494,9800,32,1940,5230,6362,442,3050,8628,193,4989,1311,5687,4757,2293,5370,2072,2726,4461,1831,5242,4050
5102,2020-08-15,2020,8,15,105,7172,4977,4780,8889,8185,2787,6830,4094,4733,4915,8998,6725,6785,6058,5599,8168,2057,1723,1550,1490,7691,2051
5103,2020-08-16,2020,8,16,3151,8706,3803,9968,202,4279,4152,335,3025,6564,2521,3379,8818,7542,5664,7551,9991,7215,1559,4349,8136,2876,7171
5104,2020-08-19,2020,8,19,7216,2807,5321,3005,5009,8729,9871,1805,1847,8139,721,5373,2742,8696,7663,1858,4941,2127,2820,4014,1991,1644,9567
5105,2020-08-22,2020,8,22,5043,9936,8303,3275,3159,3787,1137,9863,3381,908,7667,806,8385,5512,6075,3851,1309,8338,4247,6503,6992,3688,3845
5106,2020-08-23,2020,8,23,4098,1178,9928,5540,4750,3289,6743,257,7351,4669,541,1846,1487,1559,1673,9055,3114,8639,1146,8032,150,9631,9999
5107,2020-08-26,2020,8,26,4560,9138,292,5340,1698,8181,6667,7045,4070,9121,6903,5444,9333,1525,141,5010,4655,1089,7215,2663,6746,4419,8510
5108,2020-08-29,2020,8,29,7145,8668,6901,3213,3347,1114,8410,3523,9448,3112,9525,5351,1245,608,9330,8049,4029,4430,7067,3340,8412,6143,5402
5109,2020-08-30,2020,8,30,2279,2654,7929,1996,4970,9331,6962,1559,1220,5620,9086,2051,944,4336,8410,383,7473,3300,8853,8885,4254,8079,9563
5110,2020-09-01,2020,9,1,3904,4034,5839,8927,5444,758,4467,1343,3854,8199,4538,79,6742,408,1624,8401,149,2861,9593,3813,3953,4203,4234
5111,2020-09-02,2020,9,2,4479,5470,5934,9951,3460,8412,3026,6927,2286,628,4027,8314,7467,8469,7449,2628,4364,3070,9340,7114,1515,906,8217
5112,2020-09-05,2020,9,5,3831,1807,1141,796,4742,9142,8773,7268,8278,6512,2175,9572,4017,1190,7439,214,8576,9,5956,733,3072,5540,3305
5113,2020-09-06,2020,9,6,5907,6364,5589,9849,9192,9155,2124,3540,4401,6203,5717,1243,6713,4054,1746,3024,5426,4826,5529,7819,590,5659,2548
5114,2020-09-09,2020,9,9,2423,9118,9970,305,1668,4497,9031,3402,9861,9038,6813,1323,475,9620,392,3986,4504,299,9130,3626,7434,834,8248
5115,2020-09-12,2020,9,12,7679,9986,6720,9346,1022,9264,3431,767,3663,8046,6913,8511,6890,3770,5628,3382,7708,7850,3779,9662,7239,7610,782
5116,2020-09-13,2020,9,13,8289,8651,1796,4482,9484,5452,6132,2343,7121,4873,2489,7070,881,9449,5519,2941,507,7179,9755,3350,8537,4550,674
5117,2020-09-16,2020,9,16,2748,7834,8847,2183,2279,3765,1310,231,1326,3384,6500,4402,9537,1322,8265,3849,8847,6748,6992,1595,5127,2332,4895
5118,2020-09-19,2020,9,19,5070,2732,8125,6555,6329,3940,7382,7077,4097,5894,5576,5693,1320,2138,3129,6284,7202,6567,9316,9889,6025,6757,7919
5119,2020-09-20,2020,9,20,7457,4006,8955,8820,6502,8484,265,5397,4008,5430,506,1796,6486,4961,8195,8165,7716,9750,3559,9906,2506,6146,6931
5120,2020-09-23,2020,9,23,307,5760,9515,2919,4845,7998,515,6525,8553,2144,5117,5680,7935,5133,4620,8583,550,7714,651,1444,85,7413,953
5121,2020-09-26,2020,9,26,8137,3662,1149,4219,1758,5517,1762,1438,2429,9220,8097,1361,3519,3245,9308,5012,5407,2736,8433,6663,791,8749,2080
5122,2020-09-27,2020,9,27,2273,6472,1610,8596,2786,5539,5977,7905,7901,4897,8398,6955,5845,8754,6575,2395,774,6837,1948,6920,233,4134,8033
5123,2020-09-30,2020,9,30,2052,2220,3923,859,3415,787,6057,2289,9854,6449,6285,2003,3955,4123,4532,1686,5700,9395,5043,834,108,6826,9029
5124,2020-10-03,2020,10,3,3014,1082,6831,3518,505,9923,4509,1545,976,871,9589,8267,7853,887,267,6158,287,2395,5214,5714,9443,7927,9533
5125,2020-10-04,2020,10,4,540,7341,5355,741,647,8055,4952,6017,6672,5745,3882,7119,1814,9020,2855,7561,7120,7263,973,2945,7045,4525,1281
5126,2020-10-07,2020,10,7,2554,4003,8688,1138,3350,9189,7039,6775,4470,3022,9848,5057,5214,6611,8812,8300,8613,6126,6270,2932,6780,6948,1961
5127,2020-10-10,2020,10,10,7590,8972,7985,7170,1361,8775,223,2155,1692,4832,7140,385,5361,2465,972,1046,7,9377,4785,9399,3654,4878,5527
5128,2020-10-11,2020,10,11,4147,8563,3256,2261,9290,1235,2430,6566,1219,2497,6540,1919,8120,8772,9700,6171,5557,938,2296,9455,2785,2842,9649
5129,2020-10-13,2020,10,13,3211,4178,2337,8201,3971,6247,2979,1296,4105,3857,9799,6263,8806,1828,741,2111,5145,9032,2272,2034,3520,4842,9601
5130,2020-10-14,2020,10,14,6794,6798,9581,9971,2712,6830,8589,49,7316,9271,6546,9633,4729,6884,8299,9004,9986,2089,8944,7023,4904,5420,1573
5131,2020-10-17,2020,10,17,7687,4982,7762,7131,5712,4673,5651,822,4226,5067,1412,2781,2106,225,9011,9725,178,4836,5837,2692,1065,6542,6972
5132,2020-10-18,2020,10,18,3777,5548,1837,642,8158,3635,2668,9454,3253,2914,6732,4359,2670,3092,4080,1025,658,1649,9488,7015,1798,8386,6765
5133,2020-10-21,2020,10,21,9037,6576,4724,1954,9665,735,679,100,8412,3776,6029,1150,1447,4995,9084,6533,6058,6969,3298,6222,895,6770,7919
5134,2020-10-24,2020,10,24,5162,2340,3860,3101,4926,7748,9742,5498,1555,2693,9952,742,8486,5994,4461,5230,3311,7163,5189,2941,9969,5443,3246
5135,2020-10-25,2020,10,25,1551,6492,2701,1464,6978,2465,8152,476,6478,6526,1326,8162,8287,9380,3493,1459,1144,2366,9363,1417,6359,954,2941
5136,2020-10-28,2020,10,28,6575,9678,352,1838,4998,6937,4237,7538,8455,4975,1730,1573,8729,7231,4020,5119,4767,5074,6971,2263,3314,17,3989
5137,2020-10-31,2020,10,31,9250,124,7048,7805,5000,6847,3630,2548,6405,993,9150,8089,7425,6666,7056,2715,525,6529,6605,7526,5989,2551,6008
5138,2020-11-01,2020,11,1,9425,9789,1729,8015,4071,1930,6209,3207,5066,5244,6839,1554,9259,8821,120,3197,7930,4777,2471,1644,6988,6467,4321
5139,2020-11-03,2020,11,3,5640,4666,5736,2464,3243,6959,3818,8406,419,894,2305,861,3776,2093,9196,8714,7150,7550,5740,1485,8866,9141,6707
5140,2020-11-04,2020,11,4,5016,7572,327,3596,5541,2182,849,8305,8379,8565,3217,8261,4270,9199,8359,7035,7169,7724,8198,7727,6768,6017,5655
5141,2020-11-07,2020,11,7,7682,6212,2993,2741,6208,9553,9799,842,4810,816,2104,1987,5299,7628,4666,1828,1782,4144,897,1121,3331,9230,2255
5142,2020-11-08,2020,11,8,2835,9154,4459,5675,1576,548,6122,7406,798,8026,5706,611,1784,6158,9206,6221,5232,7967,1341,6252,3045,837,4006
5143,2020-11-11,2020,11,11,8588,3639,1826,3740,6800,7145,1185,8750,7307,8693,7457,7544,5671,8269,9754,8488,246,7107,1005,7099,8042,8465,6523
5144,2020-11-14,2020,11,14,5846,3721,6992,5041,9875,5201,5336,8621,3032,2911,5410,9695,7101,588,1247,6484,5331,4663,5907,1275,9097,4281,9279
5145,2020-11-15,2020,11,15,4332,5188,9022,3455,9165,8066,7010,8936,6769,6405,6565,7973,8764,5916,9342,2157,1651,7076,9305,2994,1296,5064,2375
5146,2020-11-18,2020,11,18,9248,4804,4851,4134,2783,6029,8799,7955,4111,1809,7202,2210,2983,1163,2452,8710,5690,4329,4351,1689,6241,9554,891
5147,2020-11-21,2020,11,21,3056,7088,7581,3788,8650,4495,5036,4367,2090,4654,6038,3106,169,4330,7192,446,8234,5571,4290,2407,8589,3448,6620
5148,2020-11-22,2020,11,22,4977,4649,8154,3305,9514,1818,7395,4854,8407,945,1983,9666,347,3081,6016,1127,3515,1488,8493,6618,9472,3476,5357
5149,2020-11-25,2020,11,25,2252,7050,8695,1477,2185,1799,4290,8848,2743,3235,6338,5264,7519,7417,6971,1791,3014,1329,762,5446,3652,6544,3055
5150,2020-11-28,2020,11,28,2337,5348,9929,7639,9891,3696,5582,3453,92,2052,1549,7539,7659,8333,5643,2669,7239,1073,5940,4545,2353,6196,1966
5151,2020-11-29,2020,11,29,4628,2156,3846,2174,2079,537,7229,6724,7825,9920,5604,895,199,7881,9826,3447,8046,1359,3807,4643,535,5257,4876
5152,2020-12-01,2020,12,1,1259,6188,2424,3687,8687,340,4789,3520,1036,5550,1894,1960,5075,9566,9558,2675,3491,3954,5772,3804,1605,1908,3360
5153,2020-12-02,2020,12,2,1900,9460,2692,9343,7678,1050,4391,2829,6089,4905,257,8837,5575,7834,7151,1992,4489,6443,5854,488,9555,921,4007
5154,2020-12-05,2020,12,5,8883,7269,9178,3217,1934,2557,6718,1835,8581,7395,7386,5406,7658,923,9737,9027,4313,2274,2309,2598,8568,8991,9087
5155,2020-12-06,2020,12,6,9416,1143,9909,7294,5015,6604,4804,9579,5938,5844,6487,9559,3280,8496,6779,6514,3353,933,4939,6830,661,3235,8899
5156,2020-12-09,2020,12,9,855,2686,5775,4799,4421,9155,5946,8816,5175,9326,5143,6867,7477,6908,5780,2291,2141,7031,9543,7698,8422,7968,3550
5157,2020-12-12,2020,12,12,257,4091,4808,9398,6660,4810,7038,9499,8877,3220,6961,3522,1187,9774,6186,40,1178,5950,656,1120,2517,3589,1812
5158,2020-12-13,2020,12,13,677,5412,3065,3811,4766,7232,5894,4853,4041,2170,6980,8529,3003,6744,4937,1896,3317,2128,8754,2200,9630,2850,4467
5159,2020-12-16,2020,12,16,2182,7257,1526,9473,7119,6937,1660,3461,5419,1986,1729,9952,6163,3566,5330,7839,9094,8614,3758,9125,2096,3359,7031
5160,2020-12-19,2020,12,19,9341,5573,1705,3683,6095,7342,7239,3157,8,3372,7960,269,9862,6213,477,2397,5853,2470,3505,5553,4083,2601,8249
5161,2020-12-20,2020,12,20,4599,5348,2225,2680,2417,4195,8643,8800,2186,5896,8779,1704,9180,5862,7417,8015,400,7668,8027,8245,89,5191,3415
5162,2020-12-23,2020,12,23,9148,4291,7126,9380,8862,3107,1388,3299,1283,3922,8340,2015,3549,7108,9198,5273,9055,8755,2913,2333,6215,7352,8497
5163,2020-12-26,2020,12,26,2136,7721,9706,8589,840,9397,5591,2243,8347,3090,9600,2892,947,7934,4971,3148,2508,3781,479,5730,224,6131,3670
5164,2020-12-27,2020,12,27,8033,50,1230,4039,3281,8551,1510,4620,4957,5693,3017,2364,339,7843,2453,1775,9742,9670,7387,1387,3635,5271,1357
5165,2020-12-30,2020,12,30,8037,1900,8058,8646,3682,8135,4222,405,5203,4979,2973,7236,7409,4123,1046,7666,621,1288,5035,3923,5844,405,7150
5166,2021-01-02,2021,1,2,5264,1184,3486,7353,1853,6996,9926,7656,107,8932,2909,949,3667,3777,9805,2002,3913,2258,2886,4862,2756,4926,5340
5167,2021-01-03,2021,1,3,8821,2959,7617,8999,2061,73,4498,1779,8351,1273,9427,949,1024,8744,1176,2003,6327,8423,5533,382,5458,5894,2343
5168,2021-01-06,2021,1,6,4147,1770,7310,4616,4963,8879,6502,4200,5119,9942,20,1038,4098,4629,3694,6293,4808,7889,4914,2780,7829,264,222
5169,2021-01-09,2021,1,9,7937,7083,8155,8506,3867,9395,4011,9978,5843,9868,2658,7068,4488,6461,7493,4722,3247,7384,1576,6639,1748,4254,6198
5170,2021-01-10,2021,1,10,1294,253,5368,7197,1688,9544,4926,7267,6794,7202,30,3655,8476,9460,9391,6230,2849,9448,2714,1660,9075,2599,844
5172,2021-01-16,2021,1,16,8946,5796,924,6449,9643,4743,8343,2807,9105,6301,2738,272,8873,1180,3185,7215,5005,9177,9984,1987,8789,6686,9514
5173,2021-01-17,2021,1,17,8222,8662,972,2554,2195,7941,3650,9938,49,6476,4515,6196,2303,2856,2584,6218,6318,1376,7498,3038,7118,8657,7894
5174,2021-01-20,2021,1,20,7397,8622,181,318,8049,8275,3724,3314,1968,2881,4816,5582,5098,3316,4392,7357,3419,6855,7661,6271,1225,7571,9895
5183,2021-02-06,2021,2,6,9699,1116,2611,493,3660,4697,1486,7475,5880,2936,6113,269,6681,7583,9240,7912,6888,1627,5325,2195,1580,174,8087
5189,2021-02-16,2021,2,16,7796,8106,2770,7454,8956,2544,3620,7371,2395,2560,250,8552,7603,4767,1409,3094,3850,9615,8589,6096,8442,6033,7713
5190,2021-02-17,2021,2,17,7171,2839,8648,1938,3598,8786,6632,3041,1142,7404,5947,3023,4334,6643,2690,6415,4371,8600,1476,768,5878,1139,878
5191,2021-02-20,2021,2,20,5307,4359,1639,445,4623,7177,5208,4175,2189,8608,7988,4242,2956,9837,653,6336,9298,8777,727,5126,2322,6291,467
5192,2021-02-21,2021,2,21,7138,1552,7869,7435,7189,5457,6301,8787,5891,9811,3588,3371,5765,5619,6986,7887,4349,9728,1738,8757,3308,1162,1982
5193,2021-02-24,2021,2,24,288,2795,4099,612,6380,8002,8070,5947,6658,9523,5850,955,2866,9412,8236,5736,7907,3927,9798,5780,6512,3886,3143
5194,2021-02-27,2021,2,27,6555,2254,3622,8749,750,7449,2046,4271,1325,7938,4602,3154,1746,7774,7044,1709,8069,1234,5768,9091,5257,3454,9800
5195,2021-02-28,2021,2,28,2154,6026,9135,1294,7684,1051,3382,2733,1875,9523,6641,3503,6601,7063,3162,4595,7612,3646,6828,3257,5655,5008,3632
5196,2021-03-02,2021,3,2,3872,3209,6018,5877,7498,7219,6691,1187,2149,295,1835,9026,7837,3923,7445,4627,5579,7448,7918,9803,8347,9838,2469
5197,2021-03-03,2021,3,3,6347,1906,3226,6900,9785,2772,7841,2905,8534,5203,1335,8154,8629,7257,3137,8146,342,9724,7220,2464,4257,352,1216
5198,2021-03-06,2021,3,6,4890,3954,8683,7144,1807,7195,9908,7498,2577,3910,6205,9154,7240,5407,3155,8802,1412,1140,5932,7496,1263,6266,9952
5199,2021-03-07,2021,3,7,8698,4964,218,4551,8504,7637,5869,3200,4767,1709,4884,5275,165,849,452,9400,4560,9825,5653,3250,8736,1762,571
5200,2021-03-10,2021,3,10,5049,3880,3963,3731,8878,6187,1406,3522,3492,4601,6363,373,1458,6269,4153,5084,8736,7996,681,6500,9855,5806,2503
5201,2021-03-13,2021,3,13,9456,615,3910,1462,863,3826,9952,4930,4850,8019,1748,6550,3404,8357,4344,8098,4854,9830,5161,2543,5461,5124,9170
5202,2021-03-14,2021,3,14,2799,6675,4050,9270,2101,917,4714,8142,4584,487,9903,5203,1557,7408,64,4468,9957,4324,3634,9999,3827,8963,5584
5203,2021-03-17,2021,3,17,3497,5378,9077,7191,4041,8458,9407,9031,7431,1133,878,8735,470,4890,110,834,5191,5751,5616,3691,3189,837,7168
5204,2021-03-20,2021,3,20,1291,2532,8275,9319,7949,3614,2702,4099,4158,3802,6419,5741,5459,4616,1032,7730,8819,6762,8200,1158,7937,9833,9725
5205,2021-03-21,2021,3,21,2887,5227,2982,4084,4733,2711,8525,6818,2512,5218,803,5703,5190,903,7627,5723,7055,8745,9980,6999,6762,9730,551
5206,2021-03-24,2021,3,24,3117,997,8080,2941,7526,7582,6206,9130,5007,598,6866,1148,8931,9156,5258,5618,7048,227,8059,1417,7981,9017,1770
5207,2021-03-27,2021,3,27,2897,5708,1022,9397,7196,422,8908,9080,755,6790,5416,1101,1356,8086,5222,6703,8698,4620,5554,9552,1398,181,3863
5208,2021-03-28,2021,3,28,6858,4929,5180,274,4376,7770,3816,9349,8509,2241,2618,5611,6475,4660,1633,1567,7094,6978,6370,9735,6161,9345,3821
5209,2021-03-30,2021,3,30,6665,3235,3652,9632,4354,9580,3903,1719,2889,586,6572,9530,9715,9294,4352,9888,1710,219,4713,3005,7664,3978,304
5210,2021-03-31,2021,3,31,2214,9663,7104,8860,7664,8742,1688,9510,2187,199,3118,582,9108,7522,6507,9253,3401,7248,283,5256,842,1929,7081
5211,2021-04-03,2021,4,3,2614,8276,2470,3966,9999,7515,5614,2960,6867,4803,5396,3938,3540,631,1204,1342,8890,7307,9306,8997,7172,3247,7957
5212,2021-04-04,2021,4,4,8967,3398,4386,1634,5208,261,3792,4635,8826,3584,7803,1570,850,6930,4589,9129,6650,3551,575,1530,5842,8731,6719
5213,2021-04-06,2021,4,6,1565,3436,3820,6017,3603,2486,9183,5797,5069,3830,7746,5237,326,6278,3554,8403,9595,227,8307,8702,3302,9585,1558
5214,2021-04-07,2021,4,7,8772,1436,2050,6922,2743,180,1636,6534,4423,9261,2312,7224,2419,9261,4020,3004,644,9123,5274,9879,7338,4402,2032
5215,2021-04-10,2021,4,10,751,6887,7056,8715,9240,8169,7317,868,7664,5951,9931,1298,4793,3091,7433,2237,3317,314,7525,6317,0,6422,8948
5216,2021-04-11,2021,4,11,5462,5046,890,9631,6814,9736,4346,642,879,1408,1364,4188,2072,1693,758,8760,5334,5645,8988,5991,4325,2981,3368
5217,2021-04-14,2021,4,14,9521,772,4721,8491,4527,3493,1360,5264,5167,9161,4768,7956,574,4277,4505,2541,5077,9375,2778,3903,766,7427,5306
5218,2021-04-17,2021,4,17,288,5779,3952,225,8581,6439,6107,9690,7620,2401,9617,647,1824,6911,6979,9978,7213,5023,99,2725,4968,9983,5941
5219,2021-04-18,2021,4,18,9887,6130,1150,8957,3818,394,3210,846,1184,1162,2185,2142,5216,8711,6411,2378,9927,4001,6214,7541,2341,9540,9101
5220,2021-04-21,2021,4,21,1690,4333,3076,7776,9900,1363,423,7977,5058,4975,4151,3565,2931,8125,3516,2940,51,7194,2854,8503,1050,2959,8395
5221,2021-04-24,2021,4,24,9831,2360,3745,1338,1973,680,5284,5178,1613,1613,2225,7740,1705,3343,4816,9259,8800,3787,8885,6113,9574,6755,6413
5222,2021-04-25,2021,4,25,6449,3562,6992,8997,1642,9589,8531,4238,3120,5015,7430,90,957,5887,1112,4519,5103,1162,7415,5912,5982,8549,6791
5223,2021-04-28,2021,4,28,9677,6132,4406,7812,957,8282,2551,7167,9299,6751,8163,8867,9094,2067,8735,4162,432,2839,3368,2559,494,7288,6824
5224,2021-05-01,2021,5,1,2634,4226,4540,3805,2458,5407,2981,7424,3434,2907,6429,4721,5041,1307,6652,6939,700,7204,9549,4511,2798,5731,7078
5225,2021-05-02,2021,5,2,6417,6725,5756,5189,783,3370,452,7632,9583,5208,9165,4136,2240,1609,7618,5674,6254,4335,3388,8110,5285,9111,7333
5226,2021-05-05,2021,5,5,3271,9393,2711,1654,7646,1563,5359,2636,874,8123,9272,9631,1891,3177,6881,5444,4796,4346,2421,2021,5406,485,7318
5227,2021-05-08,2021,5,8,5708,9897,2447,7943,7609,4634,8523,3243,9389,7461,9504,828,2316,307,536,1880,1240,7818,2307,7530,5751,4130,8297
5228,2021-05-09,2021,5,9,2283,9747,7067,1214,5185,4018,3232,7054,2349,1203,7754,2131,4639,9041,7604,3558,7148,520,6344,4492,5443,2113,1211
5229,2021-05-12,2021,5,12,1460,2990,9000,5146,6166,4149,8506,3847,522,8227,3883,5435,9949,9497,6087,8291,317,9403,8795,1645,2857,6837,6258
5230,2021-05-15,2021,5,15,6680,4101,5965,4065,7220,5282,8221,8686,129,2250,7291,1048,5391,3706,1925,9674,3099,7268,4662,1464,592,4169,127
5231,2021-05-16,2021,5,16,5906,381,3308,1645,1659,8490,7900,2088,6428,6743,7394,7920,6250,3293,5265,2476,6996,6630,7506,9141,1765,8945,8742
5232,2021-05-19,2021,5,19,8846,6463,8394,5151,6465,8899,4082,4220,663,14,4519,4084,8968,8934,1742,6632,9408,6770,9455,8944,2692,2802,7251
5233,2021-05-22,2021,5,22,3013,8141,3461,8417,1729,1235,8972,6484,9454,5827,5086,4823,7657,7595,6778,481,6809,7456,1077,8536,2714,8170,8721
5234,2021-05-23,2021,5,23,427,7533,2326,502,8690,3508,4224,9996,2477,2634,238,8219,2652,6211,5799,1400,7249,8984,2604,3466,5716,872,1288
5235,2021-05-25,2021,5,25,1551,2193,4460,9623,7392,662,1110,3792,5951,5977,451,9038,832,8857,6049,2245,1295,9549,7399,8018,3564,4699,7036
5236,2021-05-26,2021,5,26,7781,2225,190,9343,8052,9290,1131,2197,9389,6515,4038,2293,5058,9877,6889,5136,1765,6164,3246,880,541,9397,2580
5237,2021-05-29,2021,5,29,7621,6409,8160,6907,8113,4207,2597,4452,9920,575,2551,8895,1408,8371,3583,4463,7217,5420,3420,9263,4929,5890,7462
5238,2021-05-30,2021,5,30,1926,735,3077,7815,349,7754,1288,7968,36,5964,5773,5158,1582,5980,6645,1794,1642,4701,3707,3052,5473,122,7841
5291,2021-09-15,2021,9,15,9882,2419,6290,2365,8325,9174,329,3772,8944,5327,1988,5791,8610,3684,2910,5689,5020,4857,4498,8584,4575,7100,1054
5292,2021-09-18,2021,9,18,7905,1396,2658,4774,280,8043,1051,2475,8532,6535,5101,2500,7335,5145,5956,3029,2914,9662,7017,2901,8663,2629,2536
5293,2021-09-19,2021,9,19,251,1104,6462,6038,5028,2625,1572,7020,2059,9920,3447,5992,5457,2912,5189,1145,3066,513,6349,3236,269,7345,3251
5294,2021-09-22,2021,9,22,6966,1579,9152,5512,1088,7717,3267,5613,1029,3470,4419,4857,1913,3947,9836,9280,9875,5079,2366,5129,1572,8277,4298
5295,2021-09-25,2021,9,25,715,2491,3604,5564,1108,8627,7635,5634,3101,6412,2352,7516,2547,8409,743,5665,973,9895,6835,4493,524,1617,5355
5296,2021-09-26,2021,9,26,2914,2137,6563,478,4763,8680,3465,8716,5653,8201,3679,3261,5276,1253,2394,2271,6495,6468,597,8882,5791,7899,6133
5297,2021-09-28,2021,9,28,7773,3489,2469,1550,2898,1034,4335,9042,3149,2136,8279,9813,7460,7910,9336,5465,9164,9530,6709,567,2810,2598,753
5298,2021-09-29,2021,9,29,42,9648,550,191,9002,5127,4550,3430,5336,2322,7406,6467,4938,4905,4689,345,6436,5008,319,6365,3422,5711,6603
5299,2021-10-02,2021,10,2,9321,6072,3278,6546,6108,4958,4500,5231,2025,7751,5906,8887,955,5775,1982,6504,1077,1340,3174,8645,9107,2285,3510
5300,2021-10-03,2021,10,3,8577,7701,5748,306,2070,1348,4459,6382,8472,5780,4379,1560,3750,1939,5060,1210,8181,4075,6300,7519,2824,5709,3239
5301,2021-10-05,2021,10,5,6882,8705,1963,2829,7592,7797,1758,8787,9463,9396,9194,2092,5010,878,8108,44,3446,2554,2679,5575,7792,1735,5382
5302,2021-10-06,2021,10,6,2826,3129,5663,1949,3123,4652,9271,4596,5480,4752,4678,1294,5268,8687,9129,7034,151,7997,3829,9938,6987,2062,39
5303,2021-10-09,2021,10,9,5878,6372,2935,7229,1242,7118,1898,4411,163,2372,3750,2787,1803,848,9292,6912,3050,5526,8342,6971,9972,5960,9045
5304,2021-10-10,2021,10,10,9790,3864,4808,2792,7862,6563,5789,3151,5211,5990,9446,9017,1773,4799,5169,6593,9587,8784,9935,8101,8493,8061,3872
5305,2021-10-13,2021,10,13,4469,774,2215,6102,4500,6057,2710,2087,2096,6012,2568,7452,2445,5776,5087,325,7698,1793,2182,931,2244,822,7991
5306,2021-10-16,2021,10,16,5244,6504,8819,783,7146,7216,8741,338,9117,1144,1912,141,7196,1956,2872,5745,2652,9428,4253,3726,232,6036,1965
5307,2021-10-17,2021,10,17,5346,5938,3592,6875,8407,399,6628,8708,3687,9976,9646,7366,7329,3610,40,9148,1429,9374,7648,1297,7444,4718,9959
5308,2021-10-20,2021,10,20,3948,3406,7087,3507,9022,4081,1113,6183,6537,4403,66,5350,8042,7693,8822,7366,9805,7192,4178,6697,2536,8954,9420
5309,2021-10-23,2021,10,23,383,771,983,527,5696,4263,9853,3779,6804,2552,819,7700,6251,4724,3961,4342,9110,2808,5280,3246,7894,8690,8098
5310,2021-10-24,2021,10,24,8680,3747,3502,6556,3672,8024,2358,8668,7266,901,4991,6573,6175,3020,4331,9668,367,1061,69,6997,9942,1,7037
5311,2021-10-26,2021,10,26,4019,2820,1544,6559,4561,5606,6165,1349,2742,9728,3637,6579,784,3286,9384,5883,1777,9395,1786,4179,5031,9041,9137
5312,2021-10-27,2021,10,27,5930,2696,7309,8049,1108,4894,6939,1340,6531,5590,4610,9438,9734,7525,1227,6948,6668,7709,6867,4111,1692,9368,9664
5313,2021-10-30,2021,10,30,9039,9975,3802,5833,717,1136,4880,1648,1459,3855,8394,2160,3112,9625,8896,8750,2950,9458,2381,3523,8863,232,2021
5314,2021-10-31,2021,10,31,6069,90,9156,7875,8945,4773,7128,7111,4305,3018,8228,6282,1553,6644,6743,7516,9312,8203,1288,2926,897,9266,7393
5315,2021-11-02,2021,11,2,2257,8628,376,8991,4792,1272,7675,6401,5758,3217,603,5294,1360,9322,210,1652,2604,5931,1144,1460,7268,3228,7933
5316,2021-11-03,2021,11,3,1538,2575,7573,9438,2387,4570,5796,6949,2806,2319,3520,8298,6159,3928,6961,4579,8712,6177,4306,9985,5622,9668,9108
5317,2021-11-06,2021,11,6,6973,1654,1064,4855,4779,3963,4150,506,2593,9148,2924,5236,6753,9713,7158,1688,9636,9095,620,6089,1949,2115,7307
5318,2021-11-07,2021,11,7,7134,7194,9818,4371,4526,274,4002,5729,1987,7359,3692,9036,6176,1052,9671,7342,8302,383,2564,812,5471,1368,5645
5319,2021-11-10,2021,11,10,2402,7831,3506,6295,6537,9411,7636,1983,6988,6630,1569,9321,1342,8671,6461,9921,6489,3871,5019,8756,9704,3172,6632
5320,2021-11-13,2021,11,13,5594,2262,3250,5158,1586,7359,4340,5072,6548,6106,7899,4895,2151,3520,3072,1669,531,3700,9247,9191,5717,6730,6074
5321,2021-11-14,2021,11,14,6012,7723,7672,6558,9775,7681,5795,1000,8669,8184,8785,3123,358,9074,562,892,2493,9056,8844,5009,4008,6365,2741
5322,2021-11-17,2021,11,17,3567,7628,6426,3964,6554,8952,4706,204,2605,4683,3590,3998,2858,9122,8273,5183,3201,3320,7612,415,3490,3938,2862
5323,2021-11-20,2021,11,20,4288,8669,5667,7627,4483,4080,6601,1316,3994,495,4359,7321,8020,8744,8003,6589,3308,1765,9440,9134,8222,4559,2328
5324,2021-11-21,2021,11,21,2483,3412,767,5544,3038,6581,6387,808,7630,8864,232,9251,3263,9364,5763,3250,2029,6999,1798,6582,6551,5885,1270
5325,2021-11-24,2021,11,24,1989,9212,6878,3073,3951,2525,2274,4249,8958,8519,9156,2432,8898,617,7871,356,658,1144,3943,5789,5464,3271,8134
5326,2021-11-27,2021,11,27,4101,9716,1115,6685,5201,4004,3979,9120,8177,9673,4367,7947,2950,4961,4510,9925,6451,7848,6962,4134,4136,4473,866
5327,2021-11-28,2021,11,28,4187,802,3400,5264,7574,3028,7781,2386,6991,4611,449,9562,7868,3204,6304,1880,338,3479,9158,6862,3239,8817,4922
5328,2021-11-30,2021,11,30,4915,478,2011,4995,3996,8592,9746,858,8305,2627,8595,7449,8034,998,5795,5511,4480,6885,8548,7540,5686,8801,1869
5329,2021-12-01,2021,12,1,5379,8385,8413,1726,2013,1244,706,7228,2478,5412,2494,3398,4079,1669,7964,3572,7678,7086,2247,8959,14,2439,4054
5330,2021-12-04,2021,12,4,4149,8253,1975,8862,6246,5871,6533,1828,3164,117,6576,5428,6593,4054,6017,5699,44,7131,1370,5055,3135,2766,7106
5331,2021-12-05,2021,12,5,9407,2940,956,2195,65,8467,7311,126,609,8732,868,109,2102,1167,7711,1104,5018,1889,6983,6334,9638,1945,8855
5332,2021-12-07,2021,12,7,1822,221,2724,391,3974,7686,1413,8740,6717,6701,3575,7865,3704,1571,1883,1814,7224,5583,6259,2848,2079,8292,9945
5333,2021-12-08,2021,12,8,7338,3859,6494,2395,390,9319,1759,8294,8867,6679,1562,7409,4798,3708,9985,8988,4648,8554,667,4431,2574,7822,1189
5334,2021-12-11,2021,12,11,7754,1699,8971,8171,7402,4919,329,765,4595,6085,1298,6963,9706,9107,587,3430,2217,2198,4013,5176,22,3349,1556
5335,2021-12-12,2021,12,12,413,4967,4539,4620,5377,6716,126,1603,8288,3412,4758,3721,9604,688,918,5490,7209,4768,9088,2714,7441,7875,592
5336,2021-12-15,2021,12,15,7681,6872,3252,6465,7782,2456,7181,5316,4600,8157,8881,9228,2704,4761,5865,3243,5554,6972,307,121,8230,2381,3154
5337,2021-12-18,2021,12,18,7219,7427,9764,5064,710,4163,6192,7825,5422,2474,1639,1250,1144,2975,9933,2899,6808,4491,4831,2756,3562,9407,414
5338,2021-12-19,2021,12,19,1230,6536,1361,6043,4630,2628,6744,4230,2338,209,5953,7393,1350,8993,5419,3552,2577,9312,3209,4990,1397,9921,4312
5339,2021-12-22,2021,12,22,9790,1510,7006,922,1121,9193,9172,9552,109,7915,83,2419,3232,4578,5480,9330,6825,9552,5303,8553,4676,8673,4145
5340,2021-12-25,2021,12,25,2175,5079,1295,4622,2067,1512,3763,7318,4025,7376,9103,5534,4775,4662,9142,366,8069,7667,1625,6622,2222,4160,4888
5341,2021-12-26,2021,12,26,3460,4035,220,4547,1046,8568,1226,2715,6345,3917,8121,1967,2381,7552,5223,396,4662,9075,1555,9387,8515,3364,9025
5342,2021-12-28,2021,12,28,852,1921,8583,2757,4119,4845,3059,6551,2653,7386,8451,522,8610,7726,7111,7374,3963,4666,1457,4980,9942,6649,1317
5343,2021-12-29,2021,12,29,9703,9574,2819,2153,6464,7386,682,6895,9240,4986,2182,632,6377,8184,3359,8718,6963,1515,3152,9032,897,1774,6077
5344,2022-01-01,2022,1,1,7194,3380,9648,4954,3294,6474,507,6133,1673,4200,3757,7289,5632,1205,6873,2315,1090,972,286,4945,6910,4906,2744
5345,2022-01-02,2022,1,2,39,2368,4551,3771,335,6624,3457,2717,5014,2687,4273,5766,4206,6034,8669,9571,6747,6811,6809,5034,4578,3551,484
5346,2022-01-05,2022,1,5,1752,958,761,9970,8226,3579,8568,2497,8712,8761,4456,7212,9381,9336,8502,3272,4630,1291,2485,6793,4279,7975,4959
5347,2022-01-08,2022,1,8,9838,1745,867,6165,9890,5778,3327,9919,8480,3070,9578,992,9843,3513,9576,5729,4173,3630,5565,9031,1013,7168,7771
5348,2022-01-09,2022,1,9,1089,9964,1424,4794,5268,9989,9595,547,3646,7316,6692,3468,7312,5405,4502,7314,3855,2352,8475,9062,2128,2377,6596
5349,2022-01-12,2022,1,12,4487,5327,2678,6173,3714,7480,1698,369,6592,8842,2707,1793,6945,5081,7794,4054,5129,8788,346,9065,8895,6059,6529
5350,2022-01-15,2022,1,15,6196,5642,9282,644,6351,1616,1521,2300,6504,8873,9301,7086,6322,3833,5155,1073,177,6462,4579,485,5676,1235,8096
5351,2022-01-16,2022,1,16,4080,4507,3978,4797,9385,6208,9280,1346,6380,9687,6878,3688,6572,9661,6248,1129,4355,7160,7592,5129,7166,5430,3637
5352,2022-01-19,2022,1,19,5695,238,3382,8766,5632,7435,7551,7462,3335,7184,5155,3043,398,9581,3082,1106,2352,2806,9091,507,5587,406,2631
5353,2022-01-22,2022,1,22,1629,7130,5314,9964,2399,6446,4700,840,8848,9497,6772,9968,6191,5020,596,6667,988,4277,3832,2794,4334,5702,1577
5354,2022-01-23,2022,1,23,7373,3460,8648,8886,5251,956,2776,5723,7241,733,119,8046,6491,3306,6226,1969,3079,3844,332,1260,3790,9839,4228
5355,2022-01-25,2022,1,25,2281,8280,2544,276,8759,8161,9361,3264,1450,4215,2905,3178,6689,3781,6570,7168,8381,2615,8196,2513,8470,1754,4546
5356,2022-01-26,2022,1,26,4280,6201,3099,449,8343,4054,446,7938,4661,1170,8315,1360,5764,7008,2144,4820,4955,4368,5267,2102,2547,6149,6544
5357,2022-01-29,2022,1,29,4155,808,4274,2217,6940,4722,2374,3687,233,1943,538,1429,2907,2636,2456,9351,5544,9399,5437,6152,5114,753,8269
5358,2022-01-30,2022,1,30,1578,4502,7696,3826,3010,5564,1714,1143,6547,4413,4833,8298,6120,2480,4015,7641,4868,9444,3042,73,2690,3719,6979
5359,2022-02-02,2022,2,2,3412,1490,1788,6495,9934,8625,8667,5436,7247,191,2276,957,39,1227,6074,6824,9635,9422,6709,8910,9337,3230,5065
5360,2022-02-05,2022,2,5,5730,7597,2157,4321,3955,2776,8358,4642,7372,4195,7447,7926,7554,7547,4028,8823,4602,9074,3328,7972,4268,4224,4608
5361,2022-02-06,2022,2,6,6512,6548,5613,1613,8254,2310,6136,8917,6763,8528,5665,354,3889,7737,7490,1597,9186,6155,2102,8464,3916,8213,5948
5362,2022-02-08,2022,2,8,4798,7555,9887,4210,8388,8647,9287,4027,5249,7580,7575,2600,7811,3082,4136,2749,7903,1825,5107,3117,1333,1780,8923
5363,2022-02-09,2022,2,9,8988,2461,4831,3904,3656,5863,5917,234,5689,526,2671,4393,8590,7689,9904,970,997,1695,9652,660,6155,6731,2339
5364,2022-02-12,2022,2,12,8749,9393,7336,3697,8712,466,7146,9832,8567,4789,8407,7573,174,612,2801,1532,2836,6401,4571,8156,4932,4493,441
5365,2022-02-13,2022,2,13,786,7545,2971,7387,9764,8144,1205,8124,5180,9027,2096,4266,8823,5697,8311,7923,6229,4066,2584,8773,1757,9548,8798
5366,2022-02-15,2022,2,15,5517,6288,5836,614,6083,1848,3208,7134,6831,9807,9238,2431,2346,7517,5257,6147,193,6307,1256,2631,9180,7648,1773
5367,2022-02-16,2022,2,16,3102,2409,2155,1734,3763,4530,5942,4068,9612,5832,6388,7156,3388,4999,4178,6324,3082,4167,4833,6704,4428,2814,8988
5368,2022-02-19,2022,2,19,141,7194,9140,9785,2512,5813,321,3913,693,9338,2003,4314,6875,4268,3627,9006,868,2576,5426,3421,2309,9844,8980
5369,2022-02-20,2022,2,20,511,4646,9206,8065,5629,1057,77,8901,6839,5345,9014,1169,5084,5654,7011,5386,6748,4938,343,2733,8413,8759,3078
5370,2022-02-23,2022,2,23,6424,8513,4139,6777,8198,3505,1619,2892,2199,5919,7449,1316,2422,4651,8465,1572,2716,2794,5506,5530,7698,9505,8438
5371,2022-02-26,2022,2,26,6263,8551,6827,7566,9433,5082,7122,6054,6490,6569,5839,7431,9027,7888,3101,3070,222,118,2548,4459,4554,6067,2562
5372,2022-02-27,2022,2,27,5377,1725,3202,4714,5168,7407,6429,2786,3235,303,9609,2477,108,5985,3310,5147,8841,5543,3771,7304,2134,7551,5862
5373,2022-03-02,2022,3,2,9788,8637,8067,8617,4542,2814,4899,4607,5469,2654,4756,5210,6301,7433,8077,7506,8665,9867,4791,2561,6920,3163,441
5374,2022-03-05,2022,3,5,6496,8719,4213,6215,3537,5792,264,3040,3127,2500,1179,3866,2938,8070,5837,1509,9919,9338,2998,4364,6881,7430,9868
5375,2022-03-06,2022,3,6,5752,288,4404,9977,6776,40,6923,5052,6577,710,3454,6165,9205,7948,3802,6478,2099,3421,99,412,8091,4404,8130
5376,2022-03-09,2022,3,9,8428,5088,4898,6530,6422,7093,3442,2657,6357,5164,5260,3093,4501,5702,7244,1987,4839,9214,5698,9735,4797,7015,7631
5377,2022-03-12,2022,3,12,5063,1143,4416,4934,8717,6036,6238,5869,7057,7659,9518,4401,6876,3878,5037,8258,4122,9152,4609,5907,4159,9234,5414
5378,2022-03-13,2022,3,13,3970,3443,5570,7721,3935,668,861,5597,7210,357,5705,3630,5577,1781,7219,4158,2981,4265,8900,9711,2004,2916,3729
5379,2022-03-16,2022,3,16,2726,99,5573,4385,9353,802,7254,425,5231,1251,6193,603,6617,9637,8396,9058,7474,7767,8608,6831,4241,8311,3946
5380,2022-03-19,2022,3,19,6133,6587,653,9805,3030,9799,8123,8864,5624,3303,6313,734,1017,9972,8220,120,8629,5465,4372,9843,9372,4847,780
5381,2022-03-20,2022,3,20,5044,2706,6934,6240,3329,1740,6228,7977,9356,7136,6950,3422,6755,5863,1832,9947,4634,3539,2337,1816,2163,7881,5555
5382,2022-03-23,2022,3,23,4818,2354,6180,9122,500,9396,9622,7486,2268,4910,6161,69,1729,1610,6432,3312,7777,2584,2136,1145,5506,3143,2862
5383,2022-03-26,2022,3,26,6714,1543,8140,829,1251,694,5282,1133,7578,2998,2386,6890,43,6185,5255,7878,2149,3700,3470,3739,2853,279,8805
5384,2022-03-27,2022,3,27,7519,7559,9645,1966,5429,4212,982,7955,4056,4920,8962,1926,2083,446,9204,8564,5765,2659,5842,3877,8544,9843,2409
5385,2022-03-29,2022,3,29,5341,6575,3325,5248,7209,9516,581,4484,116,3760,5380,3737,9788,3112,442,7645,2572,8670,9062,1530,5711,8089,9190
5386,2022-03-30,2022,3,30,5549,6726,7391,4354,6164,5188,8262,9616,4815,3491,1832,3007,715,9303,7225,8015,2070,6954,3510,930,8377,3545,9957
5387,2022-04-02,2022,4,2,1125,9575,5414,61,1726,8074,9700,8267,2929,7432,7213,1692,1928,620,9460,198,1198,2358,5609,5450,5105,2822,3728
5388,2022-04-03,2022,4,3,4571,9082,3830,2840,7419,2012,6983,1553,5455,149,8847,5165,8655,1753,9790,73,8231,2683,2806,8058,7225,9489,4755
5389,2022-04-06,2022,4,6,8907,489,4605,6215,2218,2625,7181,4863,4658,2341,7035,2989,6962,8839,5815,2015,6088,8693,6322,1525,7505,7067,6268
5390,2022-04-09,2022,4,9,7838,1628,4818,2810,5121,543,3474,3920,7064,1664,2744,8942,6063,5795,9999,4325,2321,1834,9540,5363,5537,558,3232
5391,2022-04-10,2022,4,10,4923,7742,1768,9313,1979,6037,934,5180,7698,1490,6348,5096,4372,7936,8886,5075,4701,6351,5449,6856,1922,5901,4488
5392,2022-04-13,2022,4,13,5438,2059,9641,9848,74,3843,654,6131,3980,1708,446,9269,408,5342,4240,4677,9313,7711,8472,7564,9941,2281,6718
5393,2022-04-16,2022,4,16,1914,6044,1278,9294,8773,7563,2474,960,4434,7145,3820,2190,1887,6469,9061,6733,1558,6479,3942,7760,9787,5191,7526
5394,2022-04-17,2022,4,17,5516,6910,5153,1966,1834,9912,6747,1795,9723,9244,1113,3907,5720,2614,9985,4765,7953,6347,1296,3890,3904,7863,53
5395,2022-04-20,2022,4,20,6588,1550,5599,2860,4993,1016,5749,4075,1473,9355,344,5476,8494,3098,4070,4550,9452,4736,8677,1935,3018,7852,6943
5396,2022-04-23,2022,4,23,5506,5847,4630,678,9032,9861,5623,1258,8693,4581,826,8401,6845,9409,9213,7822,5803,3848,7013,665,3720,3410,2069
5397,2022-04-24,2022,4,24,8201,5671,1631,7198,9608,5249,7824,6410,5262,3852,5284,9383,7647,589,7302,4654,9517,2543,8117,3454,4352,8830,7610
5398,2022-04-27,2022,4,27,8910,4219,3070,9361,4899,54,4068,6466,8926,1529,3474,1203,8151,7568,9871,6425,4851,5031,2676,3120,6079,438,5643
5399,2022-04-30,2022,4,30,5013,5721,3074,9938,3934,4169,378,4365,6149,5285,8838,2413,4554,8767,1799,6965,0,8133,9631,8091,7028,8292,8652
5400,2022-05-01,2022,5,1,3072,8597,247,2217,4257,9213,367,5929,4212,6279,6936,5095,4223,2177,7436,5330,6060,5357,3105,7852,7046,6199,3396
5401,2022-05-04,2022,5,4,3466,8427,1440,1947,1617,3093,5166,2385,5330,7389,3447,4095,6242,81,462,7074,9430,3467,3925,5711,3021,408,6659
5402,2022-05-07,2022,5,7,9142,833,4707,7928,6936,67,5114,919,3646,650,8241,5995,8928,4724,1065,1599,2187,9632,6814,3357,191,7009,92
5403,2022-05-08,2022,5,8,7581,2015,5082,2687,974,1828,1745,9347,5722,7085,4923,2464,9270,2531,7582,9336,8842,5209,9627,6276,5069,9616,1595
5404,2022-05-11,2022,5,11,8438,3644,4429,1297,3147,9028,4205,9038,6293,6026,6075,3959,4743,7543,2875,2172,7269,5397,6380,2396,5814,7521,9918
5405,2022-05-14,2022,5,14,5151,8188,3003,7796,4590,8835,3939,6975,3799,3286,4720,5778,5238,8137,4547,3063,2088,9423,4041,6085,2596,5583,4896
5406,2022-05-15,2022,5,15,3651,8897,9120,7753,9359,8414,417,1508,4402,2175,8556,4603,4842,1368,1642,9968,7766,181,6743,5666,6698,416,7982
5407,2022-05-18,2022,5,18,4317,7499,5671,6101,5155,5003,8411,410,8420,2192,1122,3062,1959,3116,5506,3214,5660,8567,4788,6801,7304,7534,7528
5408,2022-05-21,2022,5,21,568,5838,4806,6758,3212,8431,9738,9741,7088,9831,690,8440,9639,74,2144,3859,8894,9675,6182,3617,7557,6934,3890
5409,2022-05-22,2022,5,22,2662,8684,9665,4695,229,6615,5810,7990,2531,4027,7302,2648,6769,3732,4730,5727,3484,8938,4057,3890,593,9878,9839
5410,2022-05-25,2022,5,25,3352,7577,5773,8026,9875,8030,6363,6059,4292,7579,9560,9174,2402,9351,521,6389,1307,7510,7060,5359,3066,2554,6498
5411,2022-05-28,2022,5,28,4937,3212,4487,8745,416,6198,8665,1496,6126,9359,2942,2903,4608,1562,1364,7041,6352,9484,9663,456,4303,1596,538
5412,2022-05-29,2022,5,29,8461,4892,4018,786,4435,1563,8026,6581,196,8901,2306,7606,9828,7795,7024,4815,6255,9537,944,5286,364,1825,8845
5413,2022-05-31,2022,5,31,2759,914,5913,3109,9202,9328,2795,6739,55,4472,1068,2899,3463,2387,1805,422,9398,7113,7404,5945,2115,6723,9702
5414,2022-06-01,2022,6,1,1904,5712,6449,9228,1899,5998,8067,5630,8333,6937,374,9245,4320,885,8291,6331,9534,4087,3383,6574,6535,9234,1179
5415,2022-06-04,2022,6,4,4114,1584,3647,83,2485,2164,8373,2753,1640,9454,8760,5073,960,9534,1948,1275,9665,1590,7756,5446,2442,1570,6147
5416,2022-06-05,2022,6,5,8960,6048,6123,4834,2661,6971,984,185,9643,3242,8432,8043,828,730,6468,2219,9790,5584,3148,6084,3883,9038,9467
5417,2022-06-08,2022,6,8,9509,3504,9328,1508,8864,6619,5914,3673,5708,9260,6650,5026,1482,3688,6727,4136,4035,7905,5477,3663,8560,3457,9697
5418,2022-06-11,2022,6,11,6492,3697,9081,8616,175,3389,7783,2417,8518,6716,8307,4464,2410,5250,6113,8471,5923,5145,9975,96,3487,9607,4154
5419,2022-06-12,2022,6,12,689,2747,197,7208,5731,379,7699,7601,8962,3852,715,2449,243,5749,6708,5566,5293,4433,6682,6290,7907,3776,7474
5420,2022-06-14,2022,6,14,6401,6294,1507,9638,9316,8538,1310,8140,3220,2152,4385,1827,7710,4182,8495,6768,485,5071,8610,2163,448,9919,5751
5421,2022-06-15,2022,6,15,3997,1019,5550,1221,1764,3195,9325,625,1534,1223,9859,6507,3391,1654,550,7364,1237,9162,1819,746,904,9097,6788
5422,2022-06-18,2022,6,18,3635,8725,2352,5966,7580,4656,1572,2919,9474,4492,255,9209,8680,3874,4289,3482,7640,680,6186,7646,985,2121,5471
5423,2022-06-19,2022,6,19,8887,3678,1405,9660,106,9907,2174,7303,6844,2451,9061,1259,8032,3815,2270,2916,2020,8465,7569,4859,3324,5892,3908
5424,2022-06-22,2022,6,22,1767,3103,1197,7345,4162,812,2912,7035,1544,4421,8230,7473,8432,4049,5425,7536,1195,9894,6040,466,276,3872,7765
5425,2022-06-25,2022,6,25,1723,1127,2143,517,1020,4394,7756,3326,8271,9793,4958,7748,6460,7801,4842,4663,1171,3847,6114,1501,6675,4614,7634
5426,2022-06-26,2022,6,26,339,1272,5733,4262,1653,1417,674,3687,6107,8571,6619,1850,2920,4128,9751,8410,9838,6525,4656,596,9064,644,7574
5427,2022-06-28,2022,6,28,3903,2720,5822,8575,3531,9580,6299,5978,7887,6422,2535,7401,8136,3308,5325,3727,3415,3614,4168,1137,2561,1315,1627
5428,2022-06-29,2022,6,29,2365,3361,4652,4699,7236,6686,3239,6269,4674,1450,3057,6371,1358,497,9231,3644,4839,8703,2144,1921,4074,2618,3747
5429,2022-07-02,2022,7,2,9207,6035,6017,9346,6039,5122,6869,4944,5949,7280,4382,4726,5774,7178,1410,9494,393,5256,102,7413,3242,9349,1868
5430,2022-07-03,2022,7,3,6647,7056,8649,5749,1711,4362,8375,4118,8862,9973,6637,4360,7069,7489,5479,6790,6783,8661,5373,9571,6939,312,426
5431,2022-07-06,2022,7,6,3030,937,5212,5882,4453,9699,8578,4190,2141,1720,4695,1795,684,9869,1978,3561,7238,6140,6203,6426,8078,9995,4192
5432,2022-07-09,2022,7,9,6039,9953,2871,8370,5488,2586,9583,6750,6755,6756,5951,5120,5615,8204,2963,3129,9021,5890,1974,8402,2033,3294,7480
5433,2022-07-10,2022,7,10,5446,1137,5416,6070,1641,9141,7552,5764,8880,7329,8448,8928,1368,2167,6073,9831,7874,5939,6667,4257,2915,2254,848
5434,2022-07-13,2022,7,13,8243,2966,7695,505,9602,1522,7035,7997,3460,4898,7387,301,4944,1899,2846,3415,2327,975,2226,9753,8354,4450,9678
5435,2022-07-16,2022,7,16,1156,2670,4264,3685,9360,8367,8220,8733,1120,9256,2144,3517,4107,9826,2440,3822,5056,8208,1457,5894,6887,940,9659
5436,2022-07-17,2022,7,17,4488,5927,4560,6177,2941,9189,6152,6474,6232,8841,2717,1536,5936,9173,1893,783,8759,1420,4942,1729,6931,7478,8233
5437,2022-07-19,2022,7,19,4192,9072,6667,6166,9829,2646,5157,1533,509,1187,4669,9365,2019,3902,6162,183,3206,5585,8759,5009,6719,3266,3791
5438,2022-07-20,2022,7,20,9188,6430,129,5059,2115,2534,831,9797,1950,5391,6500,1448,3449,8638,4404,7169,9850,4473,3953,9558,7984,7418,4169
5439,2022-07-23,2022,7,23,145,2019,8513,5712,2531,3248,339,5617,2103,6747,4872,4856,7630,6732,9796,1811,166,2492,8265,8356,4495,9569,5133
5440,2022-07-24,2022,7,24,2370,1437,8909,3315,8316,1145,4450,2856,8503,3059,6337,7111,849,5562,724,6860,8558,3286,2062,950,4267,4515,2045
5441,2022-07-26,2022,7,26,1562,391,3991,8599,1541,9836,6592,856,3079,7130,6742,3144,6149,9996,3310,5816,2429,5120,7265,8588,803,5245,2593
5442,2022-07-27,2022,7,27,4368,3985,6596,5455,9191,8395,9201,7464,2404,6210,1269,7773,5239,1211,5934,7834,8655,2401,6534,9312,2177,6622,8182
5443,2022-07-30,2022,7,30,7000,9668,6486,251,6925,553,6971,588,3840,7436,1319,83,4142,6260,5374,6682,6734,8521,1601,977,9592,1507,8895
5444,2022-07-31,2022,7,31,6681,6207,1897,3069,8899,1076,6652,2364,9076,5900,858,4773,7951,5922,260,5140,5254,2804,2086,8753,7243,2178,1086
5445,2022-08-02,2022,8,2,6690,8894,119,8679,4842,8644,5242,4960,5058,8410,4858,924,5764,3424,5945,6487,3303,2338,5057,7921,2305,9609,1651
5446,2022-08-03,2022,8,3,8004,9998,9884,8482,1272,608,6843,4559,1285,6424,8368,9147,2761,8007,1972,8325,2925,8763,5602,788,6387,3358,2742
5447,2022-08-06,2022,8,6,7333,7355,5212,252,2481,8011,5021,5517,3790,418,1373,6908,6035,2784,5258,2166,735,6399,5124,5365,4925,2744,5358
5448,2022-08-07,2022,8,7,1353,2505,9193,5800,5100,6463,9289,7737,9847,4512,7660,4630,7854,4129,2779,4264,8118,2911,8789,6667,2485,1926,2030
5449,2022-08-09,2022,8,9,103,2936,1202,9903,8214,5867,1552,3137,9088,1545,2232,8324,192,8461,306,1263,9556,7553,5042,3559,3565,4968,9386
5450,2022-08-10,2022,8,10,850,6743,6008,1010,5598,3062,6893,4994,9233,8798,8122,6130,8428,5117,9834,441,4508,8195,8229,5867,398,4659,6097
5451,2022-08-13,2022,8,13,724,9677,6590,718,7873,3194,9445,3133,9129,745,3223,4231,5789,6609,5839,1359,9993,3537,9580,1356,8417,2721,7266
5452,2022-08-14,2022,8,14,6564,9418,1652,619,9917,638,3406,8759,5108,2462,216,2946,2340,3953,6052,7142,1240,2481,4056,424,3681,4333,1145
5453,2022-08-16,2022,8,16,9884,4657,2221,9014,1615,8783,8824,6302,2020,9207,2149,2699,8035,6770,366,969,5153,8899,8206,5214,2699,7626,4083
5454,2022-08-17,2022,8,17,7860,2965,6009,5791,9589,2577,9412,1891,1403,2046,3084,1420,6091,1024,8230,8977,223,5115,1072,3676,9281,5209,647
5455,2022-08-20,2022,8,20,3004,5905,2716,7383,4351,5848,9978,7530,5950,4131,9200,6414,6528,3290,737,785,860,8869,4174,6806,679,4250,2988
5456,2022-08-21,2022,8,21,2266,9356,5889,6440,6736,1186,2944,6815,9149,9900,4004,5146,3579,2963,3551,6353,7680,6561,9621,5349,157,4556,3704
5457,2022-08-24,2022,8,24,5808,5106,5783,2130,5840,9948,1655,4666,6048,1424,3718,5253,39,1244,3987,1786,8434,3276,7468,8296,7519,3282,1532
5458,2022-08-27,2022,8,27,2495,2560,7569,2089,490,2952,4351,9331,5544,9941,8179,2347,4119,9545,5630,2961,9593,7183,8871,2754,4558,2886,8672
5459,2022-08-28,2022,8,28,8077,9589,8956,5500,1029,7998,6010,971,8810,6315,5212,5648,1447,1069,4111,9439,8990,638,1716,4855,3403,8047,8256
5460,2022-08-31,2022,8,31,4794,5577,2234,7991,1465,5506,8003,8197,8200,9616,6409,3961,7455,9408,7362,96,6751,7271,4116,5471,9133,1367,7900
5461,2022-09-03,2022,9,3,2144,1823,515,9269,9663,2574,575,5815,2086,2988,7444,4963,6668,7990,3217,4540,3913,7402,395,5393,472,5399,615
5462,2022-09-04,2022,9,4,14,4240,5836,6772,5112,5479,7207,2958,6919,7083,5383,3038,2418,51,6908,1947,2529,8356,5877,9219,6723,7843,8277
5463,2022-09-06,2022,9,6,9252,3862,8761,1495,4513,614,9685,5891,1181,4383,6464,6038,2009,2729,4411,9482,6021,1782,2361,1644,3564,2797,8061
5464,2022-09-07,2022,9,7,8149,5296,9112,869,2818,3,5517,1075,2577,3185,7528,4150,6674,5565,109,2894,3026,4638,869,4002,9119,388,239
5465,2022-09-10,2022,9,10,8654,8469,3888,3058,9888,3603,7162,9143,9788,1010,3679,1497,7825,4167,4434,3831,227,9161,6863,9020,831,3138,3592
5466,2022-09-11,2022,9,11,5517,733,5789,8038,399,2045,200,9286,8582,3687,5457,7319,4351,5264,3801,9664,495,9694,2314,8497,7541,849,1522
5467,2022-09-14,2022,9,14,1340,7697,5903,9462,9236,4066,7187,856,7659,9513,6908,4134,7950,5966,5178,2411,6473,9511,1683,9468,5037,567,6765
5468,2022-09-17,2022,9,17,5973,5806,44,6769,1102,8635,7721,8829,9655,9723,7105,1270,8997,9890,8125,1206,2444,28,9911,2947,1249,2225,399
5469,2022-09-18,2022,9,18,3968,2781,6760,2383,9022,8403,8002,9328,357,2555,2297,9824,9931,7153,2734,2877,3950,9014,6620,9856,1998,8700,5137
5470,2022-09-21,2022,9,21,9033,6600,3442,5247,6287,6922,2403,3657,7303,3375,5674,8546,3987,1372,5990,7303,6,2202,1046,4586,8037,4956,5447
5471,2022-09-24,2022,9,24,7102,4621,724,8101,2495,6614,3842,7469,8372,3852,5094,6619,8786,3496,3586,654,2964,3911,3904,9865,478,4654,1458
5472,2022-09-25,2022,9,25,4617,725,6432,6238,7987,6977,9135,6394,1769,3162,101,184,5475,5817,1891,4880,1771,1511,22,7253,7901,1157,6402
5473,2022-09-27,2022,9,27,5664,4608,8933,5941,7871,3029,7783,8410,1955,9861,7991,6818,7167,9893,2210,8726,204,6167,6925,6592,2584,9883,8615
5474,2022-09-28,2022,9,28,9163,5586,2513,4800,331,7086,1188,2041,2986,840,8234,9214,1650,2146,9073,4845,669,639,7823,9834,4874,5466,2754
5475,2022-10-01,2022,10,1,8104,9387,2785,6956,3609,7238,7542,5235,4973,9408,8236,358,7873,9336,8016,6468,6295,308,9233,6199,4726,1491,9838
5476,2022-10-02,2022,10,2,6346,8868,673,9642,452,1577,7778,496,1342,2263,3558,6467,2951,2295,5525,9734,2199,260,5391,4129,7547,3962,3114
5477,2022-10-05,2022,10,5,465,2819,5615,3695,2104,9332,976,4519,5101,8305,8407,5629,6249,7970,4769,5093,8732,891,5860,9547,2844,599,4169
5478,2022-10-08,2022,10,8,4123,1720,2624,4483,5850,7684,6873,1701,2293,6444,9955,7696,5010,8167,9369,5004,6697,9496,1326,9471,1961,4201,8258
5479,2022-10-09,2022,10,9,9232,6260,4153,3845,4939,5514,326,3006,127,4909,2843,7564,2529,4412,3488,3283,3742,8816,9935,2140,3310,2115,674
5480,2022-10-12,2022,10,12,6757,6598,6610,9529,7830,7979,2492,8689,9920,5812,2414,2989,4047,3699,7070,6513,5312,989,1089,5196,9215,7603,9904
5481,2022-10-15,2022,10,15,2215,1590,3289,8212,363,8518,6347,8511,8956,5920,9256,1861,6060,6799,556,5937,994,4755,8749,7788,5078,5615,8809
5482,2022-10-16,2022,10,16,9363,7835,2919,4407,5781,2017,6286,3043,8398,6709,5528,5429,1622,9244,2342,4407,2910,3321,7867,7206,5382,5904,1161
5483,2022-10-18,2022,10,18,2196,8955,2550,1159,1997,1617,8536,494,8103,516,6220,3963,740,1792,4979,2475,2322,4031,8123,2056,344,4025,124
5484,2022-10-19,2022,10,19,1137,3249,4737,9348,5495,722,2450,6946,248,5132,3711,7776,3935,9835,3409,9486,150,6557,9851,7436,7186,6587,4120
5485,2022-10-22,2022,10,22,4574,2391,2682,9516,3802,6772,4261,3887,8280,3538,3626,8845,6646,2375,8581,4544,7298,6971,1642,8308,4250,5713,453
5486,2022-10-23,2022,10,23,5651,1202,2276,2949,2103,2920,620,8215,7695,4166,2003,7755,9806,4586,3625,36,2191,7321,7820,6015,2855,622,8006
5487,2022-10-25,2022,10,25,6685,9455,7307,571,6819,5232,8800,604,7846,7463,4713,5975,3510,4254,8351,2127,7456,3109,8841,8560,8794,5414,5304
5488,2022-10-26,2022,10,26,1911,4767,8405,6102,1249,9010,2865,1310,2945,7310,985,8125,4697,7058,2391,4589,6908,8975,3746,2105,3196,480,6147
5489,2022-10-29,2022,10,29,7707,7391,8601,3203,8357,8878,6107,5314,738,9910,6311,5007,3217,9228,2831,9954,7507,1957,6509,2565,6825,490,1657
5490,2022-10-30,2022,10,30,9810,497,385,9655,263,1568,8555,1668,3432,3060,2582,8174,976,3718,8585,1298,6830,6561,9915,1390,7065,3788,7412
5491,2022-11-02,2022,11,2,1260,2098,6593,1855,1104,4689,8254,1707,3407,9996,6599,9601,131,8967,1505,3772,6465,9813,2750,734,5678,3891,774
5492,2022-11-05,2022,11,5,5426,3747,567,347,720,6082,1818,3601,4468,2647,2446,8307,8161,5920,2383,1958,3432,5863,2691,7535,9445,5255,2768
5493,2022-11-06,2022,11,6,186,8807,7441,8665,5609,4584,9201,9609,4640,4688,9325,5308,6560,2159,5303,268,4435,4624,8257,6425,5093,3984,4529
5494,2022-11-09,2022,11,9,2714,4104,3722,2945,5303,3447,132,6448,940,1026,4168,9044,5352,691,1614,4157,4925,7015,914,5647,2180,3205,5504
5495,2022-11-12,2022,11,12,7869,2647,6367,6944,5399,9371,5304,9132,2490,9307,7046,3609,9651,6114,5038,3177,1912,4012,3505,6324,7045,7283,6934
5496,2022-11-13,2022,11,13,9426,135,3214,1640,863,4572,1958,1850,9159,4464,7935,9894,7479,7709,2560,4796,8638,97,6949,775,7921,6410,3027
5497,2022-11-15,2022,11,15,8206,866,9500,3378,300,5540,5800,7977,7844,751,2246,8906,5842,4240,7327,2113,4301,1674,6367,4794,7448,4328,7307
5498,2022-11-16,2022,11,16,449,8568,7922,1536,4376,7126,2148,8555,4627,2,3493,9707,500,7702,7061,7077,5183,9775,6951,2873,7175,7406,6573
5499,2022-11-19,2022,11,19,1315,9204,7264,1420,6518,4756,9791,428,3554,3846,239,6351,987,473,5316,569,2727,4921,4578,4784,6319,7675,1996
5500,2022-11-20,2022,11,20,280,9645,5044,9816,9164,2028,1773,1606,3751,5907,579,7987,5405,4692,839,2003,5201,1719,9233,1420,2964,9650,1367
5501,2022-11-22,2022,11,22,1311,8406,3079,3183,4890,1415,1786,4649,7508,6999,9237,1533,7315,2229,3734,662,5391,721,2466,3671,4133,923,9988
5502,2022-11-23,2022,11,23,508,1822,1202,5897,5206,8219,5034,7960,5134,4609,8297,8731,6063,1207,6459,7487,5477,6133,1829,9666,2354,7892,8099
5503,2022-11-26,2022,11,26,4830,1209,2853,4428,6962,1728,6034,9875,5276,5917,1017,9701,1748,5625,188,5731,8510,2137,724,7312,939,1532,2754
5504,2022-11-27,2022,11,27,751,7052,655,3783,3285,667,6272,5876,509,3942,1482,5598,7389,7734,1247,2058,1994,7654,3135,9760,9252,1146,327
5505,2022-11-29,2022,11,29,236,2760,2351,613,6504,7626,1876,6497,2350,3401,2959,9006,60,5543,9719,6060,3286,9311,7725,9469,2596,3465,5395
5506,2022-11-30,2022,11,30,1067,9313,8346,3873,3125,9013,4780,5009,2758,6221,6292,2400,1794,1612,8267,9240,1046,6110,1731,7852,3190,9956,2757
5507,2022-12-03,2022,12,3,4714,3154,2382,481,4777,670,9478,6371,5684,7099,9726,9157,8551,8667,8317,4027,3575,2994,3412,8552,5009,9791,7047
5508,2022-12-04,2022,12,4,5709,8138,3336,230,9815,3707,6318,116,4175,84,7066,5121,5532,8174,5134,8077,7736,292,8990,7539,7213,8830,5306
5509,2022-12-06,2022,12,6,6732,3637,475,5062,9702,7357,488,8550,652,9833,8340,6323,3726,8073,8788,6000,4144,9600,6651,2061,980,7451,3649
5510,2022-12-07,2022,12,7,9323,4897,6716,9823,4844,7341,7366,8328,909,4209,1961,7827,8626,4394,4549,3465,6458,2962,338,8462,3644,6220,6146
5511,2022-12-10,2022,12,10,5060,6011,6296,9804,7179,4835,420,156,587,3432,7091,786,618,500,7641,7768,9499,7262,2007,8371,8540,1513,1141
5512,2022-12-11,2022,12,11,4945,2435,7131,1239,7100,833,7991,8547,4169,6232,6007,7997,8704,7204,5161,2807,7143,6236,5504,1706,8911,7774,4114
5513,2022-12-14,2022,12,14,1572,1045,4968,7393,7945,651,1094,3286,1971,937,7864,8318,8590,6380,8443,4731,491,6668,6070,2298,7176,6718,6045
5514,2022-12-17,2022,12,17,237,4620,5607,6553,3891,8748,3999,4610,2100,2715,4990,8254,850,6532,8171,5045,8562,3221,7530,4950,2370,9209,8711
5515,2022-12-18,2022,12,18,330,3629,3487,8824,4734,6451,3864,6637,1243,4922,7519,7607,3210,3708,5312,2737,5756,1770,6980,612,664,7171,4233
5516,2022-12-20,2022,12,20,1140,6030,6069,4306,1411,1979,3718,306,2377,127,3857,4357,7652,46,458,2500,8664,9215,4098,6878,9169,137,4672
5517,2022-12-21,2022,12,21,4690,9639,5878,6609,2937,1659,5553,7064,1513,3387,2088,7951,1783,3704,2114,9121,566,4952,9880,7465,1957,383,9486
5518,2022-12-24,2022,12,24,6820,479,6724,695,4234,8116,8914,5218,8529,9407,4632,2059,1023,4342,9001,6898,7508,2444,2169,7806,9023,6848,624
5519,2022-12-25,2022,12,25,6647,2097,7999,5448,8455,525,2272,2775,6658,6269,9430,1286,5513,3789,7957,2347,670,5080,1944,8407,334,1635,9100
5520,2022-12-27,2022,12,27,1556,4961,6142,4145,9132,7338,4902,4450,1339,7133,3906,9863,9158,6882,7059,6135,5775,3925,5956,9923,7740,893,4733
5521,2022-12-28,2022,12,28,3308,1121,14,6510,2186,7835,4561,511,7429,9609,978,4717,2670,5015,1005,1345,5287,5692,6041,4560,8247,1329,3080
5522,2022-12-31,2022,12,31,4059,258,4493,6541,9873,2871,5113,1711,3768,1306,5918,177,5218,9386,5984,6872,1639,3346,4913,8040,6337,3208,3551
5523,2023-01-01,2023,1,1,1428,964,2836,6938,7738,3482,8320,9006,13,3956,9074,2078,7157,8337,2905,3078,2171,6354,7774,5498,444,1564,3351
5524,2023-01-04,2023,1,4,1721,2491,1555,1488,3863,2878,9203,2566,9896,3542,1604,9881,6286,9428,2313,795,3442,3155,1708,3763,9519,2958,6987
5525,2023-01-07,2023,1,7,1639,1017,3913,2892,3357,1931,7373,8977,5446,1695,4061,8693,155,3589,5849,3955,7978,6804,6205,83,9319,2984,8619
5526,2023-01-08,2023,1,8,2122,3504,2948,7653,2910,4843,4792,8213,8025,8094,7757,6477,7566,3579,94,1339,6464,298,9989,6132,5161,7818,4630
5527,2023-01-11,2023,1,11,3326,5520,4501,7720,2605,199,6032,3937,4107,8866,4527,9671,5170,8372,9328,5657,2654,8519,2377,3574,8639,2194,2640
5528,2023-01-14,2023,1,14,7377,6944,3235,493,2772,8392,2581,4284,8739,7821,7695,7156,2698,7241,381,5949,2455,1359,1212,1104,9769,2961,6597
5529,2023-01-15,2023,1,15,6239,8720,4655,3144,827,2223,4862,9240,683,1762,5615,8043,9840,4797,4207,9810,6477,7225,5836,3533,4786,8423,6206
5530,2023-01-18,2023,1,18,2027,3339,2630,1,673,791,4954,2447,4990,7022,9002,1456,9193,9462,5273,2826,2578,4363,5269,9857,4630,7579,7327
5531,2023-01-21,2023,1,21,4717,9309,778,7298,9631,7678,3242,9946,3809,3790,6427,1940,5547,5808,5024,7270,8466,3372,89,2490,8890,6819,6586
5532,2023-01-22,2023,1,22,8573,1809,4037,8894,4285,7104,7154,3356,9402,5589,9926,4931,8147,6778,334,559,1212,329,3549,4439,3046,2955,6482
5533,2023-01-24,2023,1,24,8529,4924,4370,7784,2411,9578,3370,1785,6428,774,7485,8122,2146,1529,3239,3355,4835,1640,5422,3178,7932,8829,9158
5534,2023-01-25,2023,1,25,8500,4130,2698,3789,9943,8114,9040,1167,4189,2413,2671,8048,8792,5458,765,4225,3664,178,862,8017,5991,7165,4262
5535,2023-01-28,2023,1,28,7404,3726,6715,403,6953,102,5302,6879,6125,9926,4548,603,4007,488,2552,6190,1147,1947,4847,3790,3480,432,6135
5536,2023-01-29,2023,1,29,58,2189,4024,2123,6421,2450,9399,3650,9708,9453,873,4019,5781,3973,6822,3531,7726,4174,6665,7443,4507,1453,1084
5537,2023-01-31,2023,1,31,2441,8848,8119,5372,5403,1424,7365,859,2462,889,7705,4112,3632,2971,921,9054,6239,3595,4540,2733,8813,9123,1915
5538,2023-02-01,2023,2,1,5385,3889,9284,42,7950,9088,496,5501,218,2495,6146,9734,8360,9654,3952,4309,240,7367,583,3022,4022,8456,6255
5539,2023-02-04,2023,2,4,8340,3053,9998,4998,5957,1006,3620,4895,6143,3083,3914,7207,7181,1112,6039,7494,3059,5294,9889,995,2867,5884,1806
5540,2023-02-05,2023,2,5,6021,4397,5485,2908,6944,8288,1875,5195,3829,7594,5321,4709,8314,8159,8166,7616,2773,285,4954,2419,2910,6934,4055
5541,2023-02-08,2023,2,8,4521,5677,9126,69,388,3403,9278,8491,684,4843,244,7605,9271,2786,5107,8559,4498,267,2065,6800,1075,294,7585
5542,2023-02-11,2023,2,11,4169,1063,2467,2623,1656,6629,9503,7457,2445,8960,3754,7844,8710,8130,3980,7270,6637,9661,4125,7051,4335,3562,9124
5543,2023-02-12,2023,2,12,8472,2080,6254,9388,3450,9445,4536,9109,446,6677,2391,7097,4940,7350,1917,9968,9471,408,8001,5582,5934,9269,7819
5544,2023-02-15,2023,2,15,8420,7475,7903,5407,2027,4916,8218,1650,2297,1778,833,5044,269,8459,5906,3513,2921,5860,8012,9382,2934,9199,2637
5545,2023-02-18,2023,2,18,1336,4066,6083,9941,9518,4754,1409,6395,1036,5915,890,9367,368,7831,2598,7416,3509,3009,8247,4109,1342,3801,8535
5546,2023-02-19,2023,2,19,1176,6266,6136,5745,7932,1854,5619,6546,1585,7227,5405,9846,3750,377,4555,8543,3136,8409,806,3462,4712,8318,6761
5547,2023-02-22,2023,2,22,4623,2377,7236,5327,5487,8005,9487,2365,8711,137,4366,3377,6808,333,6267,1635,4557,4818,3677,5983,3621,9267,5210
5548,2023-02-25,2023,2,25,5350,8609,6820,3704,8794,2088,525,6233,3431,7860,1932,1395,3272,4668,8071,9492,237,7088,2205,8765,4518,1024,6957
5549,2023-02-26,2023,2,26,6001,4346,5746,7011,7856,8668,9186,4973,5117,4842,1625,2334,694,996,1637,573,5485,3308,9068,8098,5071,5163,7168
5550,2023-03-01,2023,3,1,9779,3379,6503,616,2425,5320,9547,1780,1588,6811,6111,1878,888,1077,7474,7569,495,1160,6410,7633,1584,259,4742
5551,2023-03-04,2023,3,4,461,8316,62,3519,5224,2567,2730,6319,6437,1702,7186,7876,1468,8898,769,9872,7147,5097,6236,2285,6406,8306,1274
5552,2023-03-05,2023,3,5,7017,8546,4400,1388,6222,7383,9071,2476,3390,8734,8559,2873,4049,9092,1943,2748,7903,322,366,1303,9780,3236,1038
5553,2023-03-07,2023,3,7,5393,4827,2199,4910,9643,7933,7590,8003,2750,5527,8549,2853,9490,7729,9787,7648,330,3386,632,545,3329,1933,623
5554,2023-03-08,2023,3,8,6236,5497,6169,3296,2870,1823,6401,4063,8934,7111,7098,3530,1533,796,7671,2224,6985,6046,2150,3055,3932,9959,9342
5555,2023-03-11,2023,3,11,6846,4882,2429,1064,1263,7553,8072,2301,690,5731,9850,1584,5880,3806,5976,9310,8698,6278,2408,6592,3475,9771,9960
5556,2023-03-12,2023,3,12,8398,5479,9358,9329,4640,8025,2690,9732,8516,5505,9032,3187,8061,852,3509,6601,3763,7251,8257,7449,541,3104,6676
5557,2023-03-15,2023,3,15,8257,769,7629,4301,2869,9210,8825,7560,8161,7378,197,3878,2144,7269,8036,8650,2974,384,2949,3983,5447,6151,2599
5558,2023-03-18,2023,3,18,9393,5357,5453,893,2896,3821,6328,3935,2070,4726,5142,7069,1022,3741,4991,1032,4535,6534,6254,3480,2588,5006,6591
5559,2023-03-19,2023,3,19,6156,2420,6528,4887,3756,6828,2971,7349,5302,9744,1863,5980,4473,120,186,9462,477,8572,2369,6646,6212,62,7385
5560,2023-03-22,2023,3,22,4075,2045,6693,2771,8529,5054,9443,8291,9506,7181,2286,3260,824,4993,8256,7972,7755,4364,3630,1802,8626,681,4302
5561,2023-03-25,2023,3,25,8682,9319,6788,567,2806,8697,1471,795,7603,9187,2498,1315,7894,966,9176,264,2295,5306,2457,9497,5766,4519,796
5562,2023-03-26,2023,3,26,4704,6208,9836,7389,443,2095,9391,3715,5341,9094,805,2812,4631,5549,4193,7109,368,9798,7320,6400,1545,3681,3095
5563,2023-03-29,2023,3,29,1367,3949,2924,7748,9242,2673,8795,7740,8596,5154,7418,2178,6688,4739,1375,4408,300,6176,3808,7117,7493,3118,1534
5564,2023-04-01,2023,4,1,7106,2783,7049,5332,5684,7208,3813,5708,8661,5879,1736,928,6001,6333,150,1487,732,9421,15,6124,5891,895,7836
5565,2023-04-02,2023,4,2,4476,5995,6388,8535,3244,9731,3749,5239,9269,8098,9374,9437,7188,5140,4409,3099,2277,4787,1154,5736,9436,4635,5809
5566,2023-04-05,2023,4,5,7982,76,2375,1814,5088,1666,7037,5349,2594,601,9910,335,6999,7200,1854,4954,8782,1755,4975,310,2028,9658,1780
5567,2023-04-08,2023,4,8,1451,1260,2403,2512,3073,3451,6156,1619,8102,2071,2152,1146,3561,3814,4555,2364,3798,1450,3521,9753,9071,2082,1878
5568,2023-04-09,2023,4,9,993,3316,1568,2814,3432,8224,523,6916,9746,7295,5791,1781,4188,1673,5307,2557,9687,3502,6082,632,8639,3461,2343
5569,2023-04-12,2023,4,12,8699,1654,9203,2697,4591,4689,1051,2977,3048,3725,4804,5434,3217,4484,5726,758,7227,1353,1924,6877,4061,9262,1239
5570,2023-04-15,2023,4,15,6493,7789,8950,4960,4994,4505,5356,6286,2824,6166,27,1625,2887,3592,6150,1131,4769,4576,949,1941,6210,4527,4479
5571,2023-04-16,2023,4,16,9298,2878,1136,7147,5050,4808,741,4107,6670,4551,5577,5972,8311,1542,2124,6077,2211,8807,1494,9016,3081,3210,455
5572,2023-04-19,2023,4,19,4950,3607,4320,8184,2930,9868,4192,4388,2139,5712,3048,4317,9053,8986,4969,4541,9239,8735,693,7215,5722,6661,8101
5573,2023-04-22,2023,4,22,687,8627,6172,8077,4790,8507,2208,1915,2978,7093,5885,4507,6463,8888,2815,4659,2412,8358,1553,8036,9269,2417,1673
5574,2023-04-23,2023,4,23,3288,2021,4007,7597,5886,1945,5204,8717,7145,704,1852,4094,2383,7690,7115,3512,3255,8861,7340,6662,9468,4059,6651
5575,2023-04-26,2023,4,26,5081,432,6752,5460,986,2493,3135,5220,337,2040,8593,3944,913,9953,224,1856,9617,2165,3262,7769,7311,2122,9388
5576,2023-04-29,2023,4,29,6982,7152,4546,1752,2991,7425,1839,953,6747,2322,3087,6225,964,4236,1237,5763,5003,6982,4871,6002,8733,8899,9449
5577,2023-04-30,2023,4,30,8718,6366,1276,4537,6873,9739,7594,8730,2241,813,7101,7399,5122,2322,2624,1269,7581,2477,356,6748,9412,2968,1689
5578,2023-05-03,2023,5,3,4091,7897,2859,9087,1550,2174,9961,1618,8857,1278,7090,8244,1623,6682,5929,4512,4410,4904,6778,9323,5185,1572,3396
5579,2023-05-06,2023,5,6,2716,7256,9926,9881,1643,502,1743,1683,3433,7009,4837,2057,933,3212,6014,9153,3166,8179,5895,3314,2174,1925,4545
5580,2023-05-07,2023,5,7,9394,1946,5263,5938,9674,3620,1359,789,2957,3926,6180,9590,2620,7007,3817,7101,3512,2732,6508,4326,5046,5759,4158
5581,2023-05-10,2023,5,10,8011,5000,7261,8276,2167,8037,5960,3312,9970,3852,5127,5210,7304,1036,9325,6227,2282,4442,6912,7251,4098,7276,3714
5582,2023-05-13,2023,5,13,8896,3711,9271,1463,7770,4643,6618,3248,3866,6228,3942,233,8771,5505,6879,3081,5991,6705,5802,1258,4478,4436,6415
5583,2023-05-14,2023,5,14,7136,2444,4560,8998,4352,1485,1845,1930,2923,1549,1517,7990,909,5592,1833,9865,5460,2789,897,9364,295,6548,7272
5584,2023-05-17,2023,5,17,5054,3351,7055,1729,832,4026,7351,9888,138,4980,9120,404,8965,7694,4121,1592,3349,2017,5159,4605,4192,3534,7965
5585,2023-05-20,2023,5,20,897,6631,7895,925,4433,4287,9606,6800,5673,820,6498,3047,1127,6247,5227,4864,8658,4737,6540,5070,5139,1408,609
5586,2023-05-21,2023,5,21,2003,253,5938,1935,8782,4899,7995,1521,78,4644,8882,1098,5535,6113,8854,8982,9988,6098,1738,9610,2815,5165,7648
5587,2023-05-24,2023,5,24,197,7668,801,4258,4551,7393,8904,9110,15,4073,333,6979,4359,887,54,3187,4572,4196,6155,902,6728,3709,5540
5588,2023-05-27,2023,5,27,5387,4080,8782,6658,3798,7770,3100,4355,6347,4579,2986,4213,5424,3313,1084,2579,9724,7635,9392,2421,3204,9831,2631
5589,2023-05-28,2023,5,28,1788,644,2341,7686,3154,9392,662,384,4788,5864,2057,7814,8790,6860,9612,2502,4983,9337,5016,843,1121,976,3436
5590,2023-05-30,2023,5,30,6242,9068,6343,9023,4188,2246,9677,6062,6519,4679,8900,2417,2038,7713,5422,866,217,350,8892,4038,2004,5873,8456
5591,2023-05-31,2023,5,31,5620,1352,7921,4917,9397,7598,3830,1876,8261,4852,3101,168,6427,9571,8751,1876,9411,1152,7665,145,1473,6532,6675
5592,2023-06-03,2023,6,3,6995,8623,1803,6285,3277,8590,991,3046,3000,5186,6090,7548,2372,6900,3150,6401,6927,7657,6831,9320,5754,5465,6777
5593,2023-06-04,2023,6,4,8959,6149,9091,9967,7756,6798,2091,1103,9813,2425,1656,3067,4627,13,1692,8767,1881,3050,3705,8956,5153,5043,4088
5594,2023-06-07,2023,6,7,7815,8573,2450,6092,3838,191,5681,1008,1958,6323,5723,3879,3922,1371,3131,9103,9515,3046,9162,7991,6646,8441,6022
5595,2023-06-10,2023,6,10,6694,2263,3381,9235,4472,7048,5610,5843,7060,1362,4323,5369,3466,554,8998,9364,444,2522,2000,2858,1935,4053,9566
5596,2023-06-11,2023,6,11,9351,8165,6470,3746,4686,8498,2451,7151,9019,1050,8060,124,2800,8503,42,973,3209,6811,8702,7217,5853,5972,3996
5597,2023-06-14,2023,6,14,2517,857,4547,1024,129,9095,1068,141,5343,5508,5720,5784,4213,8598,5832,4389,9925,7490,2933,4373,5101,1699,3890
5598,2023-06-17,2023,6,17,8353,5004,6022,1825,8208,7389,4279,2671,9299,9817,2413,9974,4507,3071,3551,5043,6166,9356,2697,8830,64,790,4085
5599,2023-06-18,2023,6,18,7172,1953,6471,9888,7358,2039,2594,3520,8725,1757,4441,186,8968,4539,888,5334,5267,63,3744,373,6329,4406,3832
5600,2023-06-21,2023,6,21,616,5688,1248,1332,1419,8086,2021,6604,226,7763,7461,3135,9007,3430,2111,3246,10,4676,6098,855,3376,2953,5001
5601,2023-06-24,2023,6,24,2494,4128,5611,1247,5157,7431,4865,5788,3416,3933,9529,5304,1157,4040,5977,7008,9806,7309,6532,3289,6516,6681,7383
5602,2023-06-25,2023,6,25,1353,7005,8808,6583,9557,5108,6667,633,1273,8157,1404,5424,5878,1899,6161,4497,9132,8913,6272,852,4831,2927,4208
5603,2023-06-28,2023,6,28,1503,4316,4121,9266,5406,7321,3868,9929,9081,1355,6112,4275,1428,7023,6700,4652,954,1102,8756,1219,3562,2649,5931
5604,2023-07-01,2023,7,1,5561,112,2950,111,3875,3800,224,5427,4111,1691,8113,42,9623,4588,1517,9033,9489,1873,8620,1248,6929,5335,9762
5605,2023-07-02,2023,7,2,1366,1558,2960,9838,6036,7400,1948,4164,7143,2858,2972,6465,9486,1991,1430,8069,4532,4106,699,162,5548,888,514
5606,2023-07-04,2023,7,4,5446,7949,6239,1573,4353,9332,8621,5793,8824,2494,5208,4663,4268,8949,2030,4007,7530,4892,5952,4803,398,7960,464
5607,2023-07-05,2023,7,5,1625,9521,2378,6587,9222,1292,6563,8573,7300,3350,9490,1696,675,4632,7776,2143,4203,3406,4877,8416,3542,527,5330
5608,2023-07-08,2023,7,8,3039,7656,3564,5420,4416,7007,2169,3772,8991,7767,1534,5790,7967,8490,1815,9062,9531,7603,5772,6439,4063,6170,6254
5609,2023-07-09,2023,7,9,8324,5303,993,2737,703,2650,3696,5039,2296,6107,6691,1960,8391,3926,2043,8826,5234,9043,1384,3901,8341,2629,4613
5610,2023-07-12,2023,7,12,4993,3573,3490,3191,9078,763,8727,6500,1732,6488,5016,6013,2747,4305,1269,3590,5592,6011,3751,5881,5606,6999,9172
5611,2023-07-15,2023,7,15,6293,5841,2264,9967,268,699,9906,5553,3289,6366,5623,9225,1554,5422,9461,463,3479,3601,2663,5430,6856,2107,1389
5612,2023-07-16,2023,7,16,1708,5892,8411,1509,617,2882,2,8247,693,9733,3866,7497,2283,6111,9327,6945,3141,6431,2238,5969,3677,1305,639
5613,2023-07-19,2023,7,19,720,3055,9083,1551,6301,9649,7328,2805,8611,5970,5881,6915,9543,3964,1535,4239,9553,9637,4545,4283,9218,1093,8117
5614,2023-07-22,2023,7,22,8906,1497,385,7622,8944,2786,2287,528,4826,6938,2461,7913,523,7274,3353,1641,9200,3266,1921,7992,2770,75,253
5615,2023-07-23,2023,7,23,5728,4636,3390,2926,4114,72,2091,7980,4928,7637,2999,3381,6835,9655,6742,4753,7033,3943,2965,6875,365,5523,8899
5616,2023-07-26,2023,7,26,5076,2677,4592,8717,7480,9323,5570,9748,1392,677,2374,8226,6639,4039,6467,1200,5659,0,8231,4897,8977,5034,1377
5617,2023-07-29,2023,7,29,4610,712,1540,8755,7220,7913,918,1632,9426,463,3619,8888,8020,396,8823,1377,1733,4617,2161,6571,733,5624,1503
5618,2023-07-30,2023,7,30,2462,5762,2430,7814,3500,4745,9740,9230,7275,4610,9892,8848,6459,1221,738,4105,6936,3699,8623,7989,4935,4092,9956
5619,2023-08-02,2023,8,2,1433,8997,9959,2074,3206,9659,9524,52,7059,7459,335,4877,5190,5820,2523,8108,2329,322,146,1883,7818,1381,7259
5620,2023-08-05,2023,8,5,4266,6309,2541,4978,6398,8981,2401,5174,9994,446,5796,7580,963,9541,1662,6411,7906,9727,2117,7620,9439,8776,8732
5621,2023-08-06,2023,8,6,1068,8671,6675,3889,6603,455,1096,3496,2813,7402,3502,9892,9638,2133,5754,7675,4654,7822,9671,7724,1329,2035,5114
5622,2023-08-09,2023,8,9,4857,148,2926,1735,4680,758,5843,3219,3402,6678,8782,5028,6262,3246,1703,896,8775,9823,870,446,267,9601,2709
5623,2023-08-12,2023,8,12,1169,9300,9873,4728,9196,846,5213,5587,2683,3030,8704,679,2224,2149,401,855,455,8506,9279,6035,2270,1773,2316
5624,2023-08-13,2023,8,13,1671,3880,2250,5387,5238,602,8239,8632,321,4376,5994,8465,6511,1107,5934,9727,6034,6556,6696,5592,1404,442,1952
5625,2023-08-16,2023,8,16,8863,5611,4542,2278,310,6630,9772,7979,9273,3384,6872,6904,8173,1365,6475,2122,3941,5695,62,872,9089,2271,4784
5626,2023-08-19,2023,8,19,1754,7167,526,9074,2481,6638,8811,8434,8359,5118,1527,4708,9028,6876,249,8366,467,7397,4126,4664,455,6926,7467
5627,2023-08-20,2023,8,20,7470,3799,347,7802,696,1681,5045,9141,919,8503,8387,8657,3025,6278,2009,6203,5357,7118,8652,1046,2128,6039,8877
5628,2023-08-23,2023,8,23,490,9662,8799,8536,6963,7873,9303,3671,7573,4615,9052,2892,3931,1286,8535,9537,6795,4828,1336,4758,4326,3564,9433
5629,2023-08-26,2023,8,26,4622,1984,299,6074,6129,3866,1790,1065,7380,8925,8749,2362,5083,5018,2657,5217,5902,2097,8348,2281,3905,6217,259
5630,2023-08-27,2023,8,27,2117,4035,6751,8149,9171,6543,7375,6309,3616,459,166,2644,2724,3494,4893,3606,7059,5831,3925,9617,6476,2289,1002
5631,2023-08-29,2023,8,29,8436,6476,9746,6490,6524,8922,5388,1675,1560,807,9661,3029,352,2037,8400,7063,6110,874,3623,6048,1911,501,7836
5632,2023-08-30,2023,8,30,5250,5183,5782,3563,2729,7478,308,7389,1541,9084,9290,4984,5129,74,1024,6282,2947,4308,5138,2919,5206,8121,7439
5633,2023-09-02,2023,9,2,6331,7444,6343,1049,8426,319,8085,9840,8408,7926,2902,38,5179,2792,4977,4001,1444,2846,8266,9171,8808,1195,2457
5634,2023-09-03,2023,9,3,7519,1546,3154,3567,4358,7938,1052,7791,9608,1581,4234,1383,8904,7017,178,7692,7742,5345,456,7001,940,4514,1993
5635,2023-09-06,2023,9,6,5278,7527,9518,2937,4977,870,6611,6935,4656,7840,5146,3838,3882,7899,1152,3762,3103,4,7679,8918,5542,8662,4714
5636,2023-09-09,2023,9,9,7156,5480,4615,6923,2293,2903,619,4110,823,15,1508,6532,3006,6726,6631,6480,3346,1444,2748,2349,8296,3356,3807
5637,2023-09-10,2023,9,10,1722,1654,8416,9195,394,9603,7628,3538,2374,3830,5715,4119,3701,967,4058,5374,8577,2406,3481,407,1208,5299,466
5638,2023-09-13,2023,9,13,8058,1482,3373,9351,1899,9939,9073,8182,6305,8239,9580,3305,5022,7102,5625,1183,5448,9751,840,795,6625,5767,147
5639,2023-09-16,2023,9,16,8196,6566,9718,9902,3074,1996,4748,1751,9662,8156,7515,2083,7205,1333,4826,3766,4938,5522,4952,3484,4022,7760,9337
5640,2023-09-17,2023,9,17,8021,4170,9965,5653,8389,6578,8330,2926,1343,4842,5124,7287,3406,1067,3701,3374,5687,1978,8505,7103,6422,1931,9719
5641,2023-09-20,2023,9,20,1397,4759,1396,1122,9479,6645,9834,6914,6432,75,3308,6961,6740,1522,5964,1216,2624,73,4667,8066,5548,3377,4990
5642,2023-09-23,2023,9,23,453,4219,2682,4515,2114,4976,7097,7390,1712,8031,7999,4043,6967,3892,5567,4796,2406,4022,4875,4878,1798,5407,7674
5643,2023-09-24,2023,9,24,9455,8970,4613,1336,6350,6779,3245,5278,2579,2041,7300,5520,5928,4329,472,6054,2181,2974,9130,6835,2294,6993,5060
5644,2023-09-27,2023,9,27,8009,6960,6551,494,9635,4513,3223,4471,5265,6436,9873,5955,8102,5654,2777,6797,8103,9123,4475,1844,7611,195,6048
5645,2023-09-30,2023,9,30,5597,7729,7313,9877,8534,1254,2957,3131,3572,2357,7404,1434,7605,2439,5611,7338,4449,7182,3833,4170,6355,4441,6716
5646,2023-10-01,2023,10,1,7049,1330,6751,380,3651,6541,6721,3978,2600,3570,6431,2634,2315,4920,5748,8895,7494,5254,351,479,1433,9216,4326
5647,2023-10-04,2023,10,4,2979,6710,7061,2931,5153,2667,408,193,6046,5405,8305,3367,3636,1276,6100,5730,4739,6452,533,1109,1009,767,8061
5648,2023-10-07,2023,10,7,9289,7464,9612,4667,4310,7583,560,5523,7445,9903,3658,3579,5294,4998,2984,9414,3457,4221,2072,8340,6604,7030,967
5649,2023-10-08,2023,10,8,2642,6460,201,9805,5439,1784,1194,1804,5473,2906,8672,346,4379,6681,6849,2441,7492,8283,7080,9468,1549,582,195
5650,2023-10-11,2023,10,11,7032,7094,6537,8821,9088,790,1629,9374,4582,1298,1798,6508,7595,6133,3262,9007,9829,9017,9506,2260,8173,4677,6976
5651,2023-10-14,2023,10,14,5762,703,4636,4628,6719,6697,201,1203,6019,7152,127,9357,2409,2316,4463,1572,4777,7217,5817,6331,3046,5432,6883
5652,2023-10-15,2023,10,15,7193,8041,8541,3672,5298,9429,2800,5914,2509,6641,7069,8774,9335,5250,1770,5660,4308,2992,755,9949,9669,8794,6134
5653,2023-10-18,2023,10,18,992,3252,7493,9192,2851,3387,9834,655,9489,8304,8531,4209,6510,5987,1690,685,7247,3838,8000,5541,3491,5469,1565
5654,2023-10-21,2023,10,21,2581,1990,2362,8960,1827,8403,5487,9331,4649,5942,4120,6749,4699,521,8070,6511,5524,9400,1714,5480,9235,6233,110
5655,2023-10-22,2023,10,22,4084,9219,7336,5743,3003,8817,6550,6424,2793,3657,3018,9437,5479,4856,2672,7917,256,3404,5461,8603,4367,9137,1753
5656,2023-10-25,2023,10,25,8319,2045,2291,5361,6128,9945,2664,4188,2033,1941,1086,3949,2282,2914,4104,9844,4851,4183,8592,4269,4882,967,9004
5657,2023-10-28,2023,10,28,2128,9102,5989,3425,2494,2954,570,6485,4763,8635,9289,4418,9406,412,6582,9040,938,8531,4497,320,5072,7658,4902
5658,2023-10-29,2023,10,29,2749,5588,1079,5675,441,7800,7449,4733,5893,4336,4815,9889,9182,9897,6797,5416,8952,215,2333,6499,4892,5566,8986
5659,2023-10-31,2023,10,31,6088,1162,8524,5852,8890,1187,5632,9752,3297,8672,1975,2276,6252,2868,620,8249,1252,1530,3415,6294,1480,716,8157
5660,2023-11-01,2023,11,1,2003,614,936,7758,5164,8384,3586,7415,6646,7381,449,1010,3013,1709,6365,262,3241,2078,5438,2361,550,7756,7882
5661,2023-11-04,2023,11,4,8878,9915,8812,7770,5669,8912,6508,419,9916,6344,6096,6433,3652,9274,1917,8773,1890,9460,5885,510,7314,229,4580
5662,2023-11-05,2023,11,5,9398,5943,4142,6941,7634,1517,3244,2945,5730,2999,4495,6838,537,3651,6603,8161,8941,1720,5899,6853,6941,8179,6196
5663,2023-11-08,2023,11,8,1320,6373,4140,2971,8751,4068,1040,7557,1961,4945,1511,9736,110,5211,9477,4911,9142,3496,3238,2275,6300,6222,6010
5664,2023-11-11,2023,11,11,8978,8297,7010,8545,8572,9674,5195,9670,8212,9523,2705,3899,6640,8772,6094,7313,6646,3485,5422,4126,5919,3983,9286
5665,2023-11-12,2023,11,12,8302,3244,481,8777,9039,8343,8014,1258,4528,5514,2608,3011,689,8207,3084,9072,1673,5618,4578,1068,6839,1006,5251
5666,2023-11-15,2023,11,15,542,3906,5764,1515,904,4556,3459,3888,3665,4689,1080,329,4907,2430,51,3246,564,443,3649,2375,1251,2915,8974
5667,2023-11-18,2023,11,18,1866,553,5150,6508,497,1673,4653,3855,7376,2998,3453,8879,4257,4435,4352,4231,9042,9561,5165,5115,7846,217,8409
5668,2023-11-19,2023,11,19,902,8243,3784,1716,1716,392,8500,87,4470,4968,3142,3532,7954,9808,459,7249,8992,300,198,7364,7479,7979,3743
5669,2023-11-22,2023,11,22,2438,2633,852,5431,5595,7318,6590,2501,8554,1152,7246,3714,8036,5352,691,4911,5866,9477,1840,2738,4126,163,2151
5670,2023-11-25,2023,11,25,4592,4159,6093,3128,9962,7253,4872,8685,5254,9855,4787,6656,8496,6979,5234,6121,3593,8047,3647,8109,8102,6571,3468
5671,2023-11-26,2023,11,26,8191,7176,7932,9446,7651,2782,8122,9737,14,9129,2673,2905,323,467,7594,404,110,3261,7572,3146,6799,5045,6430
5672,2023-11-29,2023,11,29,8897,6293,4702,4176,2874,4297,7306,4309,7720,7547,8388,1844,6129,6216,819,2086,3129,812,878,6745,6778,2978,2400
5673,2023-12-02,2023,12,2,4539,8652,4232,4237,5076,1191,4545,8775,4648,2887,9248,3027,487,7869,3039,1854,6301,1458,1418,3073,502,9251,1576
5674,2023-12-03,2023,12,3,9908,6179,2779,3326,5029,2393,8056,6278,4785,4989,7414,873,741,1824,647,9172,6573,1541,962,1157,8565,7238,5750
5675,2023-12-06,2023,12,6,9699,3712,44,8624,2520,8284,8,6011,2531,3614,2110,1630,2475,2871,6721,9125,6186,2360,5073,2380,7500,2645,6218
5676,2023-12-09,2023,12,9,9710,5499,2457,6236,4258,7458,7225,2515,2104,922,4308,6189,8960,5534,7660,7277,9385,7212,7488,6848,3099,7721,1635
5677,2023-12-10,2023,12,10,3411,3375,735,2389,2144,3303,6183,3691,4352,7179,7166,2482,7903,1412,283,9133,8886,2543,9257,9914,9252,1333,2530
5678,2023-12-13,2023,12,13,1898,400,736,2965,867,3709,4436,8876,2174,9627,7278,2551,815,3385,1431,1419,1971,4264,7030,5526,8960,9434,8791
5679,2023-12-16,2023,12,16,5481,5200,9082,5675,3714,8124,1828,4523,2728,6267,1367,7670,7089,9993,871,663,242,6101,1574,2363,9191,4871,3376
5680,2023-12-17,2023,12,17,1999,2935,3842,3495,1390,4917,2951,6331,6305,2988,4117,6237,3037,9155,7662,6038,5879,4536,9376,4267,7855,8967,2652
5681,2023-12-20,2023,12,20,916,5151,6529,6316,3508,570,8815,9018,2726,2793,3997,2800,1016,4671,6715,4149,174,1439,2602,5162,6133,8240,3177
5682,2023-12-23,2023,12,23,543,5192,4455,3287,6131,3468,6886,6650,9792,5772,3522,331,541,6037,9509,7247,5844,814,5625,2134,861,1208,2754
5683,2023-12-24,2023,12,24,3314,4234,9087,7924,6364,3919,5335,5795,2539,2607,5815,4253,6402,4153,9785,481,8895,752,3676,4473,6080,6413,1988
5684,2023-12-26,2023,12,26,1464,6048,2307,3627,1510,9967,3159,627,3275,9042,1689,4496,9335,6906,1424,2987,179,3289,5957,7403,1567,2793,7013
5685,2023-12-27,2023,12,27,2466,8163,2966,850,1036,1579,7130,100,3554,9844,7955,5748,9153,6808,4575,6820,9303,3084,152,4977,6546,5017,4915
5686,2023-12-30,2023,12,30,9379,7332,5756,3294,587,3888,4976,1990,3569,4541,9001,1763,8763,9436,6883,4395,2640,5783,9137,9005,5416,4204,642
5687,2023-12-31,2023,12,31,9070,3461,8531,7515,9347,4774,1303,1718,5998,1362,7645,4095,2070,9724,4961,6647,3974,1033,5683,4933,8051,1769,4419
5688,2024-01-03,2024,1,3,638,725,8056,8222,9241,8380,345,9665,1514,1253,4326,6088,2736,4346,396,2355,5976,8182,4200,7578,7797,9126,2400
5689,2024-01-06,2024,1,6,2413,2281,1281,6648,6559,242,2589,8762,851,9392,3991,9123,9089,374,5498,8049,9090,1994,8954,7949,6746,3903,1645
5690,2024-01-07,2024,1,7,6084,8001,8656,2921,8964,4954,1713,4379,6359,32,5864,4637,8793,5845,5416,4619,5415,784,6273,967,9629,4210,8751
5691,2024-01-10,2024,1,10,4613,4906,2274,5820,2503,161,8600,5259,5406,170,8177,1435,2321,2249,7114,7304,9891,718,3909,5063,5343,786,6043
5692,2024-01-13,2024,1,13,7484,2489,9093,2553,5905,7911,3285,8421,9387,4496,160,2343,3403,8529,6848,5915,3609,5342,9048,2330,7953,1479,3568
5693,2024-01-14,2024,1,14,7012,1411,8732,4054,7272,5680,3169,1048,7786,1335,5070,884,1371,9670,1755,4575,5241,9786,6116,4601,4957,2455,2193
5694,2024-01-17,2024,1,17,1459,128,7297,635,645,6468,4905,1084,3398,9772,6735,8102,4741,3749,7928,527,6867,7271,7817,5849,5540,303,4883
5695,2024-01-20,2024,1,20,3066,6647,7273,2003,6119,4240,4185,3490,9907,2336,9981,6619,9487,8224,7485,4766,5550,8295,3287,4978,8400,3508,1416
5696,2024-01-21,2024,1,21,5088,8290,6522,3296,6827,3913,5118,757,6975,5434,2052,4518,4270,8703,1379,6330,7875,2094,5275,6864,3421,2200,3285
5697,2024-01-24,2024,1,24,5567,5447,5966,7548,6434,858,7092,6230,5508,2136,7515,1296,4378,1207,2878,3592,6916,6811,6386,6854,7480,5281,8010
5698,2024-01-27,2024,1,27,3964,5666,573,7106,1612,4663,8157,7074,994,5861,3617,5335,3319,7853,6577,1250,9363,7652,5018,6062,5914,4559,3497
5699,2024-01-28,2024,1,28,4024,4031,2892,2938,8097,3028,3591,6574,6653,947,9059,3541,9870,6261,3794,3006,4661,880,9097,7075,5040,8096,2223
5700,2024-01-31,2024,1,31,9965,4760,9537,758,2617,8967,6960,8207,8355,1227,7183,6343,3215,3198,4833,5887,8590,1184,753,1574,8891,9248,7893
5701,2024-02-03,2024,2,3,5371,4254,8324,8704,1398,9795,3994,8421,5259,1926,5215,9224,7250,5406,6512,6245,5408,1982,3133,7855,8159,1542,8264
5702,2024-02-04,2024,2,4,9218,6273,2541,8723,6780,1450,8877,8087,5268,9308,3034,9377,9482,5802,7279,6435,302,6268,1277,8334,4832,5752,5639
5703,2024-02-07,2024,2,7,5876,6923,4115,6345,1849,1666,8983,9495,7232,8265,8662,4173,9007,522,4708,4851,5607,1777,5806,1381,8578,784,4674
5704,2024-02-10,2024,2,10,2333,8046,6356,7822,5430,8179,3132,7607,405,668,944,5800,8445,8264,2195,5148,2982,3192,3372,1666,5000,7872,228
5705,2024-02-11,2024,2,11,8975,1290,232,7980,8873,1696,7404,8610,9223,3407,3079,824,6696,1658,6181,3396,5521,1501,6634,357,9658,3049,842
5706,2024-02-13,2024,2,13,907,3502,220,3724,6326,8932,9417,2146,9202,5124,1410,9537,1831,7806,2713,7167,8392,500,2883,8350,8681,8824,8432
5707,2024-02-14,2024,2,14,7074,1871,844,9795,7778,5206,4170,8356,65,6245,3951,1233,3492,2001,8619,6916,3292,905,6462,4112,4092,5930,8108
5708,2024-02-17,2024,2,17,77,3156,590,9754,3,9906,6627,7939,1316,8159,1727,3011,132,9829,3379,5768,9509,4526,6207,4060,4784,325,7982
5709,2024-02-18,2024,2,18,793,5119,4482,1571,871,7937,5995,2715,9063,4000,2707,7298,6096,7285,3512,1560,6547,7781,1014,6062,4114,2271,4143
5710,2024-02-20,2024,2,20,2961,9555,8920,3411,3934,2794,3772,7718,6103,3226,3601,3661,1961,3780,9076,6700,1574,9071,8135,6624,3495,4570,5501
5711,2024-02-21,2024,2,21,2371,202,6719,2686,2102,1502,7119,6699,7942,1138,3974,4386,2773,7242,9165,1350,3069,4335,6690,82,2607,8914,6434
5712,2024-02-24,2024,2,24,8135,7221,345,3610,8974,2117,5576,4325,5419,1605,6823,7061,8737,7105,2836,1758,152,4200,9780,8986,6456,1220,454
5713,2024-02-25,2024,2,25,4463,331,2192,2527,4064,2364,4975,3749,391,5829,4536,5524,3828,6366,844,1594,4245,7100,4654,864,1962,8106,836
5714,2024-02-28,2024,2,28,6763,9489,448,3421,2416,4999,9588,9939,2910,1752,501,1265,8326,1758,9047,8426,3283,1252,8538,9811,5549,2661,4378
5715,2024-03-02,2024,3,2,6163,1462,5578,5745,2276,6922,1141,660,8686,470,3957,7256,677,2123,637,3010,5139,7390,337,180,6120,3224,4194
5716,2024-03-03,2024,3,3,2243,8283,639,2838,9512,9405,4118,4117,9538,327,7403,7014,1068,5136,3026,1538,2649,8353,6921,9371,2166,173,139
5717,2024-03-05,2024,3,5,7829,3058,1414,9125,4383,5372,992,1217,7958,2154,5328,6239,2889,324,1963,7046,4525,5089,5104,9387,6348,7979,4561
5718,2024-03-06,2024,3,6,6419,7595,7264,3453,1367,9657,4335,9816,3566,6410,3267,1575,7808,6672,2034,533,6712,5615,3621,5202,2990,7727,7362
5719,2024-03-09,2024,3,9,2153,2985,2995,6820,924,9380,3881,844,5034,4893,6927,587,65,3500,1385,8987,7096,6428,2809,1702,5078,1221,1104
5720,2024-03-10,2024,3,10,5515,7599,2094,9147,4866,9742,7324,9591,9460,8355,464,9355,4090,1628,7357,4211,9284,4131,9432,4018,147,1328,7926
5721,2024-03-13,2024,3,13,3086,2269,1660,3728,6018,5395,3579,1858,389,61,4697,151,94,6991,2983,3359,7317,7069,8045,7762,79,3903,72
5722,2024-03-16,2024,3,16,3812,4194,5793,8270,7628,8689,2289,3200,2156,1405,8649,6500,3300,5460,8799,6495,5198,1280,3823,4373,3411,2857,3656
5723,2024-03-17,2024,3,17,4065,3322,1209,6002,8543,6387,4227,4524,893,3502,5634,2687,7705,9092,5012,6246,2659,7970,5618,3317,5110,8179,8834
5724,2024-03-20,2024,3,20,2304,8283,454,6603,5872,3398,3129,4572,9234,4557,9652,953,4190,9873,6821,8193,7397,2367,1051,9171,6676,2012,8348
5725,2024-03-23,2024,3,23,9426,5174,5437,9600,999,7951,2199,2241,5037,26,7238,5673,6730,5315,3144,6463,3992,7761,5932,4015,3518,4091,1468
5726,2024-03-24,2024,3,24,4746,5612,724,7767,5182,5264,4972,4879,5092,916,7844,5310,6249,4170,685,7407,5788,7547,3250,7926,2100,4671,1812
5727,2024-03-27,2024,3,27,250,370,1474,5272,4010,7117,4796,1132,2444,1119,5817,6519,584,3397,7468,7422,195,3321,2678,3495,6374,4067,9105
5728,2024-03-30,2024,3,30,8574,775,8772,3901,9831,7741,2796,8217,8022,2521,7221,3959,6472,3221,6954,9285,5359,550,3323,9962,8804,5347,4758
5729,2024-03-31,2024,3,31,7240,5090,3809,3923,9074,261,7913,8498,4553,8976,6175,5839,3376,849,5200,652,9235,5894,8271,7508,9905,9759,1210
5730,2024-04-03,2024,4,3,5106,7,7410,6642,3938,758,2854,1081,1096,4644,3117,8285,2232,5372,7529,8639,5307,2176,4879,5278,1477,2317,4993
5731,2024-04-06,2024,4,6,2346,1036,5944,7008,1036,7064,8434,9323,9639,9048,9543,6989,6254,8265,2749,1606,1259,666,4427,5025,3747,7275,2517
5732,2024-04-07,2024,4,7,3374,3330,9506,5522,5987,9555,8713,4835,9484,2581,4277,2292,7081,2667,7608,4531,3082,9073,4201,1768,3289,952,7116
5733,2024-04-10,2024,4,10,2140,133,1903,6576,4026,9588,6490,9209,3824,3443,1380,278,8188,2762,5895,5728,5688,32,3990,6023,7309,4223,5970
5734,2024-04-13,2024,4,13,8117,8323,7756,8896,4859,9774,9201,118,5298,7940,8383,9916,3409,4846,419,8064,1816,5830,7159,8585,5568,5848,1491
5735,2024-04-14,2024,4,14,5640,9356,2417,3314,1823,7250,6085,5337,7269,6692,3695,7909,5319,5439,4176,2032,2809,60,6868,1490,9664,8855,369
5736,2024-04-17,2024,4,17,1774,1872,923,7748,6770,2427,768,4300,211,8995,8586,7391,2772,3235,6094,7632,506,7217,2025,843,8954,6271,4359
5737,2024-04-20,2024,4,20,4673,317,566,9742,138,258,3880,6873,5783,5502,9714,6400,7647,7083,4487,1305,3005,2460,1029,4864,8006,3952,4169
5738,2024-04-21,2024,4,21,1717,1156,8267,1913,2947,4143,7720,963,4940,692,580,551,4615,4042,3979,782,8767,1225,3864,5096,7688,9648,3027
5739,2024-04-24,2024,4,24,5596,8509,7810,9597,8131,4481,1702,374,5021,4267,5741,7436,6695,2401,9606,3936,9572,8465,3653,9367,1782,8287,4774
5740,2024-04-27,2024,4,27,3427,1811,4837,6855,8804,3726,60,7022,4430,3005,1408,9653,9891,1221,3857,3318,5081,7144,2480,3632,2389,1328,3089
5741,2024-04-28,2024,4,28,8198,9150,9415,7341,2380,8967,8438,2767,4770,2458,117,8578,2809,8534,3923,4041,4386,8374,7026,9850,8439,3203,1502
5742,2024-05-01,2024,5,1,3869,3305,6272,587,6414,9933,8791,3798,7756,4706,4213,5365,3008,8876,1172,8359,7542,1207,5378,769,7505,274,5065
5743,2024-05-04,2024,5,4,5658,944,1716,7082,4949,4513,9405,3773,7582,6960,2569,9721,6537,5664,6391,3018,8149,775,5646,5563,1532,67,8924
5744,2024-05-05,2024,5,5,2930,3094,2257,6036,3139,3988,1,8959,2567,6657,8805,1161,5793,1447,5880,2474,1861,8994,8890,420,3731,1758,380
5745,2024-05-08,2024,5,8,1,2154,354,4595,358,1593,7658,1137,6585,7866,6095,5444,3734,4244,4606,2982,2324,7481,7104,7045,9694,9705,2629
5746,2024-05-11,2024,5,11,8057,8626,5508,9750,6342,3626,9800,329,8174,4547,1616,4996,6035,9543,7619,3141,2386,8414,3013,1036,9401,8264,6550
5747,2024-05-12,2024,5,12,9444,2067,643,3171,3838,1542,6120,3073,3280,3156,2479,6340,1988,2127,422,9502,8629,77,5558,3491,670,9921,4003
5748,2024-05-15,2024,5,15,1393,4112,7050,5620,6533,7016,8774,7778,4560,9854,206,3900,7617,1385,4569,1839,5096,8254,5586,6848,5366,9300,9290
5749,2024-05-18,2024,5,18,5175,9046,4016,2158,1374,2603,8666,2409,6313,6524,2181,5482,1953,4657,1158,1671,9086,7175,1493,3185,8598,9555,4007
5750,2024-05-19,2024,5,19,5918,4253,8362,3965,1619,3215,4551,6425,2342,4944,6597,547,334,2667,5842,2132,8725,1410,9722,5531,6073,983,6242
5751,2024-05-22,2024,5,22,5798,2606,491,8644,1659,3841,3308,8850,4925,9179,5756,8242,2526,3382,2780,5410,648,1782,9693,9384,1241,9499,2905
5752,2024-05-25,2024,5,25,82,9948,1014,9870,2531,6713,1595,4482,7718,1191,8181,4502,7582,2243,141,9796,2979,378,2453,5641,8519,3104,8577
5753,2024-05-26,2024,5,26,5087,867,5619,1385,2009,2081,8466,7754,7233,6555,9959,2712,9532,233,6593,2732,7487,46,2403,4277,4975,9939,211
5754,2024-05-28,2024,5,28,2009,5453,3075,5256,8501,7556,3209,3533,2183,6743,2581,2287,5884,4339,9734,8724,8322,5984,6130,7016,3135,8001,873
5755,2024-05-29,2024,5,29,7717,2764,1600,2038,9140,6178,9194,6977,9170,2858,6844,705,4106,541,8741,8389,2712,769,2302,4766,2602,1609,9126
5756,2024-06-01,2024,6,1,2008,873,5846,8401,9835,9197,6580,4359,6316,777,9836,1205,4151,3217,7439,5929,8380,4604,5924,9047,2413,1890,2878
5757,2024-06-02,2024,6,2,5497,7781,8674,252,5154,2612,7742,4927,119,1597,1243,7230,5619,6868,4735,645,8723,1842,6917,912,2093,8037,8101
5758,2024-06-05,2024,6,5,6800,5224,138,4748,1175,1659,1416,6882,8463,4385,6213,40,5243,8260,2987,2677,9018,8275,8857,9509,3249,1505,4138
5759,2024-06-08,2024,6,8,6221,2031,5093,3568,9007,9033,1395,9472,478,8472,9893,4329,6161,220,6884,2217,9136,8091,6093,814,2650,3499,107
5760,2024-06-09,2024,6,9,4852,8089,4715,8418,5796,8488,1811,5401,1221,5087,4322,9657,9154,9263,805,9966,9825,2269,4049,208,4686,6635,3298
5761,2024-06-12,2024,6,12,7847,5087,2276,2277,206,833,8335,9349,5510,2759,4174,1260,6555,6485,748,7027,3585,8290,7123,6072,7628,4198,6049
5762,2024-06-15,2024,6,15,8642,4039,127,4198,1453,3013,9738,6463,9853,7966,2684,8591,1888,2333,8885,2920,597,5479,8032,750,6221,3272,1514
5763,2024-06-16,2024,6,16,1356,2951,6311,3325,9289,215,2346,9599,263,564,5611,2106,524,8889,11,9379,2673,3251,4741,6557,336,4464,514
5764,2024-06-19,2024,6,19,59,9112,6105,2348,5982,6825,1260,8213,399,3074,8284,874,9854,3761,1026,6390,7174,2798,5357,252,725,1866,779
5765,2024-06-22,2024,6,22,9533,7155,5622,4487,2931,5846,7989,9069,4669,3615,6667,9932,5520,4941,291,3879,1038,5559,2555,1093,2918,6442,6314
5766,2024-06-23,2024,6,23,659,93,5164,6216,8013,7919,6238,5625,2585,5802,4787,9948,9296,523,5490,1719,7763,9172,6841,905,3701,8297,4202
5767,2024-06-25,2024,6,25,6122,7225,8241,1685,8783,1938,2167,3686,3288,3843,9976,8373,6442,2977,2567,3562,4023,6052,6913,2854,4641,9806,2791
5768,2024-06-26,2024,6,26,8827,2410,4944,7966,9712,8375,2921,8303,5355,2548,6873,8931,6468,3995,5695,3786,1451,4381,9268,5515,8594,1706,1475
5769,2024-06-29,2024,6,29,560,1217,116,3755,2551,5783,9087,748,1770,482,2895,2161,6183,8260,2107,1636,6338,3423,6248,9802,8487,9670,8604
5770,2024-06-30,2024,6,30,1206,4492,8897,2665,1120,4818,9874,2259,8726,6403,2025,5748,9088,9927,8237,2805,1383,6773,4891,7668,4027,1405,6391
5771,2024-07-03,2024,7,3,6523,2351,434,8444,8286,3064,8677,8777,2012,5253,237,6084,196,6157,7753,3578,3067,9614,5857,3595,9675,1114,3233
5772,2024-07-06,2024,7,6,3211,8311,9557,9394,88,8848,8525,2631,9843,3581,9300,9008,4611,4531,7907,7469,2158,4437,3911,6856,8567,5393,142
5773,2024-07-07,2024,7,7,5870,9817,7076,7529,3393,1437,5752,2341,6857,7579,7418,7756,292,7916,8713,4849,2717,7184,8580,3456,5327,4371,863
5774,2024-07-10,2024,7,10,2090,3602,2517,9331,3314,2225,5619,8612,7075,9430,1794,3847,9425,121,4593,8589,5040,8687,2555,3016,6476,2114,4609
5775,2024-07-13,2024,7,13,9474,9941,760,4747,1433,97,1801,1284,8063,6010,4653,3149,2021,3628,8293,327,2768,3602,9031,2078,7891,807,3872
5776,2024-07-14,2024,7,14,2062,7442,6260,1488,7122,4316,114,8640,9750,1945,8486,2613,8524,8209,5873,8342,2391,586,4639,6606,5949,6171,5518
5777,2024-07-17,2024,7,17,3976,5698,3819,401,5204,6428,9842,3480,3676,9772,3705,4829,4912,7587,6684,3300,1300,1287,3018,7909,1447,7303,9322
5778,2024-07-20,2024,7,20,6425,6446,2273,9145,8182,6526,1067,3633,3792,5943,7342,1500,9016,9788,1009,3823,3194,5414,3713,4967,8197,7716,8013
5779,2024-07-21,2024,7,21,5149,2823,4352,7859,7491,4751,6661,3269,2515,1627,9031,1332,4296,3425,1570,2968,9971,6053,7969,351,4115,2604,9988
5780,2024-07-24,2024,7,24,4409,6210,4363,3180,8866,6623,8821,9292,8870,1014,1775,2961,8269,9420,485,6689,5679,4155,603,5542,2754,8324,2371
5781,2024-07-27,2024,7,27,7835,7852,3790,684,9124,8146,5813,1296,2312,9178,413,3227,2891,7492,5180,249,8192,9468,7546,9889,2493,5961,7765
5782,2024-07-28,2024,7,28,5483,3099,6018,7926,6443,5244,6115,6111,7091,9156,1762,2026,8892,6007,5728,4456,3213,6637,548,37,1628,178,1457
5783,2024-07-31,2024,7,31,5477,3113,1894,4824,7311,7528,3752,6711,9863,5960,3796,3421,2489,4247,7756,3022,5422,6054,6266,9220,9537,8075,9717
5784,2024-08-03,2024,8,3,1415,3809,5424,9516,436,6656,1861,1468,5949,7235,5341,437,1744,6302,4218,107,9869,8320,4725,5555,9814,6649,7987
5785,2024-08-04,2024,8,4,7814,3734,3199,253,2674,7275,4107,5419,4014,6230,6080,213,5356,9728,358,9472,9361,80,659,3191,5686,8714,4495
5786,2024-08-07,2024,8,7,9916,3030,409,4177,9665,507,437,4989,4852,8112,345,8373,3224,3395,10,1279,1406,5594,104,8632,7147,393,5965
5787,2024-08-10,2024,8,10,7593,9807,3452,8743,2760,3006,5829,303,8398,131,2996,1159,3267,2914,6547,7800,4018,5647,3401,2062,1501,8281,7657
5788,2024-08-11,2024,8,11,5122,4068,4684,3616,7654,2509,5288,4416,2701,6241,6046,6098,823,3683,2816,1352,788,5997,886,2500,9308,1628,2657
5789,2024-08-13,2024,8,13,3949,8669,8258,6013,1961,9814,5247,9066,335,9440,4212,2976,2099,1534,1042,8575,5615,690,9448,1716,8765,3182,5708
5790,2024-08-14,2024,8,14,766,7305,8477,3879,2214,3642,3953,6974,8459,9378,6848,940,8423,8032,5806,3713,8625,3718,4252,3779,4943,4724,4011
5791,2024-08-17,2024,8,17,3312,9607,804,9532,4257,7981,6748,6179,8541,6384,6251,684,3542,2666,2225,1190,7396,9688,6668,5491,3261,8427,6773
5792,2024-08-18,2024,8,18,7531,9354,8840,3761,8391,6775,7385,3621,9395,4649,5423,8547,389,9168,4346,7938,379,8397,7214,7449,3476,7518,5995
5793,2024-08-21,2024,8,21,6939,9677,2569,3182,8393,7618,4934,9898,8342,1913,5003,6023,7216,1834,16,9882,1284,2815,9862,9109,3790,8389,2419
5794,2024-08-24,2024,8,24,5323,5300,514,6080,6935,2144,312,7478,8175,4339,1362,8016,7501,2998,1489,1518,5866,8242,3328,315,5984,1863,9058
5795,2024-08-25,2024,8,25,2190,6485,4025,1086,5180,7615,5589,3053,7153,4904,9887,4686,6582,755,8332,4367,8462,1795,6162,2160,9385,7900,3231
5796,2024-08-28,2024,8,28,9422,5330,8182,7,1314,4984,9220,7331,7123,9261,5799,1553,8805,3000,9396,6660,152,3580,9882,4803,2218,1692,9522
5797,2024-08-31,2024,8,31,3501,7461,7056,9089,9660,5753,4803,1721,9367,5951,3173,5823,9206,356,1671,6173,876,3244,4188,6981,2723,5354,7500
5798,2024-09-01,2024,9,1,3296,7500,2854,6301,4451,3340,7095,221,9872,4765,3130,5543,7879,3300,4131,9141,3704,4163,6288,5221,7201,3452,1812
5799,2024-09-04,2024,9,4,759,9654,1833,8080,2237,8553,8890,5431,4628,9744,6209,9178,7800,217,185,9058,9080,4143,1580,8373,5236,8253,7515
5800,2024-09-07,2024,9,7,6063,1126,3185,6835,4531,4390,6505,6104,9438,6774,6322,1038,6005,7826,5918,8395,5100,3080,814,7717,2537,7317,4016
5801,2024-09-08,2024,9,8,2036,6119,2278,6435,8485,6899,6867,6722,748,5117,6033,5013,4742,8710,4217,3089,1274,602,7718,1337,449,383,9858
5802,2024-09-11,2024,9,11,567,3943,6064,9600,4147,2305,9836,9996,9561,6724,3035,7191,4711,9528,2317,2609,1838,9295,1866,8861,7491,6003,7196
5803,2024-09-14,2024,9,14,2851,6993,6110,2021,8705,3199,9652,8899,8170,4193,5117,7258,2197,2275,6734,2637,8614,8266,581,637,9556,7603,3046
5804,2024-09-15,2024,9,15,5474,8558,5109,7009,1123,4305,3988,7241,5257,5875,4161,1684,7940,9786,1890,9022,5064,1241,7001,7638,3571,4697,628
5805,2024-09-18,2024,9,18,5855,4567,9873,9815,1712,7663,879,1133,3779,8478,3201,2867,4551,4449,1624,4540,8861,9039,7037,6896,1001,8800,2512
5806,2024-09-21,2024,9,21,8155,1731,6117,4555,6132,4171,7193,1963,978,2017,90,1622,2025,4784,3886,4752,1222,7694,6780,9849,1867,4642,9439
5807,2024-09-22,2024,9,22,4611,7259,4265,7827,1474,1172,8439,170,6798,9143,5490,6764,734,8469,1705,9108,8238,1938,1452,3229,9817,3280,8488
5808,2024-09-25,2024,9,25,1001,5075,9971,5866,3144,2415,1072,208,4189,5939,9346,729,6157,2218,8068,5580,1001,6877,3327,7071,1299,3105,5461
5809,2024-09-28,2024,9,28,5701,2081,6719,9824,691,3205,5828,6570,9234,9618,1539,4020,3777,2675,196,6173,3841,1057,6774,4837,1680,6110,1457
5810,2024-09-29,2024,9,29,3170,9705,4165,4181,9498,2066,8880,7300,5100,7572,3216,4373,6204,2090,8566,951,1830,7187,6978,8867,2515,6179,4215
5811,2024-10-02,2024,10,2,842,5129,4687,8895,3251,2692,602,3027,6399,5934,1193,8080,5003,208,3604,5068,5732,9980,6526,28,8871,1193,8114
5812,2024-10-05,2024,10,5,4666,5310,8401,9295,6989,5841,4331,9519,308,1320,1773,4657,6280,9783,9063,9471,6664,514,1813,6387,9936,5526,3731
5813,2024-10-06,2024,10,6,7482,4128,6863,4563,2209,6852,9794,7140,6285,8457,3817,6436,7503,6497,6397,1779,8842,7263,1601,300,7891,3153,3155
5814,2024-10-09,2024,10,9,2466,7647,7037,1637,8196,7863,1960,1251,1778,3063,8177,4148,5080,736,644,9443,5398,396,5733,4831,1964,480,2420
5815,2024-10-12,2024,10,12,2301,8688,7762,9421,3854,8884,7534,7172,4735,291,229,1287,4549,5259,6405,7614,9229,4831,6575,963,9017,5402,1681
5816,2024-10-13,2024,10,13,2914,7713,2147,8517,5669,5481,2223,7632,1154,8181,8149,2286,4965,8158,5090,3771,2561,4773,7367,557,7101,5041,8568
5817,2024-10-16,2024,10,16,8555,850,7794,8349,3889,9898,9071,6393,6299,3263,2221,7823,7039,7997,2362,1906,6293,5584,3969,6133,8416,1243,9370
5818,2024-10-19,2024,10,19,1118,8180,9568,5495,9258,8889,6681,8865,957,884,5887,9139,2695,386,6053,5312,8005,50,1976,3921,7621,5704,7569
5819,2024-10-20,2024,10,20,3020,9998,6812,9021,4301,1777,709,6434,9691,8291,9272,2306,342,6249,8909,4476,3878,8726,5265,3089,7994,4313,246
5820,2024-10-23,2024,10,23,3634,8026,147,2480,1795,7293,8678,552,7315,8752,321,9047,5452,5472,3386,4151,1553,9228,6028,7599,6327,2408,620
5821,2024-10-26,2024,10,26,3057,3119,6146,7908,9765,3583,3952,2757,421,5335,8804,9997,1934,3088,5708,648,5568,409,9472,2766,8693,6216,4095
5822,2024-10-27,2024,10,27,3343,5036,1352,6889,7209,4210,9154,1196,6261,7868,695,6665,6533,3262,1931,6458,1325,9426,6091,2112,50,2491,7540
5823,2024-10-29,2024,10,29,2236,8937,6520,5287,5417,2583,574,1008,3289,7289,6078,8185,4577,3794,2669,3236,5070,74,2195,9469,3113,2761,2041
5824,2024-10-30,2024,10,30,5205,2190,6312,584,2102,928,7723,6808,4285,2219,2661,4031,6060,1091,9949,7264,4069,7921,7960,1553,3256,457,621
5825,2024-11-02,2024,11,2,1950,6331,2478,2900,9551,9615,5062,3483,2312,9428,502,2122,4564,5149,4922,1017,439,4070,6855,8260,721,1566,9347
5826,2024-11-03,2024,11,3,5692,934,8660,6128,1508,3418,5091,8220,8696,4489,5231,3480,8998,9329,4361,2506,1142,5051,7753,5750,3280,2133,9171
5827,2024-11-06,2024,11,6,3514,6259,3548,1849,9815,6888,3716,4298,2476,6241,595,4876,6859,6290,8723,4295,498,3581,9262,9831,9281,4294,5312
5828,2024-11-09,2024,11,9,7374,516,9805,2994,5797,6041,9085,7080,5115,3339,4548,8597,9584,1945,4020,465,6489,3786,7500,6004,7961,4974,8959
5829,2024-11-10,2024,11,10,591,3905,5637,6625,6664,2163,9415,6005,1245,1720,9747,2998,7000,3945,2701,7355,8460,6597,706,8171,3247,3039,7777
5830,2024-11-13,2024,11,13,1827,3002,4082,26,4585,2257,9694,7123,3258,4141,3288,2544,9380,3386,5658,7228,400,9542,6538,7707,6182,3348,5644
5831,2024-11-16,2024,11,16,7481,7997,4639,96,2380,6548,9833,8156,3247,3832,8454,6170,1421,2887,4629,7228,7430,7842,3050,6071,4426,3318,5996
5832,2024-11-17,2024,11,17,575,3216,4470,4302,1162,1382,5549,5482,9633,2864,1500,6758,445,8846,1727,829,5834,8333,200,8286,8699,431,7852
5833,2024-11-20,2024,11,20,5947,8631,1547,7574,6096,8706,6226,1580,8442,5763,9010,6959,9333,2122,5025,4783,3849,4627,7265,2797,4869,3161,5806
5834,2024-11-23,2024,11,23,6300,6966,4918,7490,2998,9950,7179,5998,630,4366,1540,6350,4891,1109,9738,8151,469,9489,9707,2074,466,241,6332
5835,2024-11-24,2024,11,24,6778,3768,4571,424,7490,830,7777,1131,5253,8473,2571,3130,3098,5923,8312,6597,7214,6033,7962,4240,7151,7335,3340
5836,2024-11-27,2024,11,27,4581,4000,9234,5515,272,39,4438,5340,769,9283,5686,8535,1180,3950,3248,2432,7228,7333,3078,2794,4946,6915,7031
5837,2024-11-30,2024,11,30,292,5028,2177,5592,9790,8701,5330,1239,4068,4349,3474,8984,9767,6530,4773,9125,5220,2533,5604,1606,34,8909,3373
5838,2024-12-01,2024,12,1,9149,3561,7704,6190,5754,9028,494,4796,5061,5284,5205,1306,3479,1433,4144,8571,6993,5212,7849,3377,9747,2078,6348
5839,2024-12-04,2024,12,4,4356,6299,8285,3973,4239,2569,9245,9487,2700,3272,8245,1008,8627,551,2237,5887,8897,1107,1564,4682,8454,3426,7218
5840,2024-12-07,2024,12,7,4750,1403,9500,4536,7435,6829,579,5612,7403,2781,4235,5453,8178,7209,5616,3635,6489,2753,189,5745,6079,4819,9136
5841,2024-12-08,2024,12,8,8688,3128,1473,7402,8813,7836,1740,1131,7389,9917,6470,3555,7852,6167,1716,4747,9425,5018,2221,3931,3442,1322,6259
5842,2024-12-11,2024,12,11,9880,3257,8148,5558,9686,4379,8440,2773,833,5789,7991,1277,915,1133,8403,4601,417,8132,5382,5320,1924,7691,9182
5843,2024-12-14,2024,12,14,8295,3506,4170,1192,4423,4707,9710,8852,7226,1977,5467,8847,6706,7466,6911,551,7230,6143,3970,3554,5786,6148,4198
5844,2024-12-15,2024,12,15,8216,399,8384,2807,6510,5476,1119,9874,4874,6602,3447,564,7087,4944,1946,8683,5878,1271,7527,2480,3124,5759,5829
5845,2024-12-18,2024,12,18,3977,8558,250,937,1472,1101,2149,5199,8716,4250,1853,5530,6654,2577,9755,2673,4030,1685,744,4199,11,9338,5232
5846,2024-12-21,2024,12,21,4578,4972,8167,948,6133,9665,4246,6983,7136,2545,6743,1615,767,3594,6130,7515,9758,2096,411,9413,9425,2306,8613
5847,2024-12-22,2024,12,22,6489,2485,563,6470,2275,1794,1725,9898,5941,4911,52,361,326,998,9453,879,1709,7301,4966,764,5446,8622,5908
5848,2024-12-25,2024,12,25,1200,5436,869,5095,2542,6764,6235,5803,6483,3370,3539,5641,7251,4943,4050,3052,7029,6347,221,5640,4054,7549,7469
5849,2024-12-28,2024,12,28,5173,1905,3988,7378,3598,9895,3534,4632,3045,8027,1972,8442,6924,9253,5927,7243,1003,6870,529,1044,498,3922,3725
5850,2024-12-29,2024,12,29,2218,1628,5519,5583,2426,8459,7169,1549,6546,7943,3008,2576,1384,4222,3172,7244,8410,1421,3311,4239,355,6446,918
5851,2024-12-31,2024,12,31,9286,5415,3555,6270,8749,7281,2190,989,5208,3777,8664,5823,2397,1573,6574,2363,9988,5540,1405,3107,1603,3753,5933
5852,2025-01-01,2025,1,1,3501,4052,346,3964,6588,5773,4649,1368,5842,1853,4874,5892,4289,8724,2361,9170,1755,4523,7024,9329,7959,4664,8019
5853,2025-01-04,2025,1,4,3895,741,6164,8292,7564,7934,5448,827,1242,9510,1923,8617,1782,9070,3082,1435,1800,5271,6550,3160,4619,4775,6943
5854,2025-01-05,2025,1,5,4154,1155,1126,7467,9046,9267,2027,9810,7346,9611,3137,3991,6296,4857,4031,1933,6869,3985,8437,2488,341,6973,1448
5855,2025-01-08,2025,1,8,3823,2768,4281,1952,8756,4167,2982,8966,9617,2501,3090,8089,227,2342,7928,776,6162,5938,598,4644,5754,4176,3228
5856,2025-01-11,2025,1,11,3864,2065,2077,1442,65,9558,286,9647,4657,4771,2247,4933,2486,5659,6294,7786,3937,7526,8657,8437,1040,9288,3671
5857,2025-01-12,2025,1,12,2233,4292,2213,5124,9295,6678,4377,4878,3846,1154,5048,6741,2197,4568,4677,4327,6788,1548,9850,4725,8421,4772,3839
5858,2025-01-15,2025,1,15,3528,8592,9436,3809,9665,7429,8722,9009,4635,3856,4017,1856,2537,1729,7782,21,4071,7023,2826,9522,8894,7809,9409
5859,2025-01-18,2025,1,18,9547,6656,1809,8041,6227,922,4690,6958,8398,3302,3036,5106,4920,1806,5801,4588,2017,3059,9561,7685,5953,9300,7817
5860,2025-01-19,2025,1,19,2011,6169,1550,3643,3320,3078,956,3644,4574,3084,5544,5520,467,9066,9388,2475,8258,7659,3118,7164,4589,9803,3497
5861,2025-01-22,2025,1,22,2749,377,4344,1023,7345,5894,1909,1822,3230,85,7712,708,1733,1602,4599,3115,1095,1721,7897,8924,7405,8521,412
5862,2025-01-25,2025,1,25,1681,4899,4862,446,6937,4507,1174,8669,5671,6697,1833,9570,7133,8053,7250,3933,8175,4951,4260,4625,5845,6642,3596
5863,2025-01-26,2025,1,26,1755,7572,328,2866,1417,3006,5469,7264,9353,2797,5316,5757,5204,2562,204,9816,3596,7484,7588,3079,5459,9535,4725
5864,2025-01-28,2025,1,28,3754,5069,3345,5674,9508,1075,5607,637,4868,1641,8571,3154,2536,5113,4120,180,321,7155,4429,9037,1589,5456,5597
5865,2025-01-29,2025,1,29,4468,6379,4752,7209,7077,1835,9272,7766,7718,596,429,4872,5169,3235,1795,6499,3478,9808,9850,7417,3838,8306,4210
5866,2025-02-01,2025,2,1,4244,63,1877,4527,5618,8300,8998,9503,4089,2321,2015,9955,5901,2521,6375,7030,1752,7740,9848,4999,7797,832,9743
5867,2025-02-02,2025,2,2,3184,4006,3606,7728,7239,8290,6683,5169,6642,9479,6008,2287,9999,9215,7157,256,7499,2114,8008,7825,1756,4331,7152
5868,2025-02-04,2025,2,4,1698,393,5269,5769,1114,4313,5664,4900,6380,5362,7287,3607,6734,5819,1061,1440,6887,8579,6566,5261,761,4038,2579
5869,2025-02-05,2025,2,5,3292,3114,9295,3486,4817,8894,1716,6994,8554,2595,5511,6266,6405,5911,9362,9703,2096,1969,1610,1380,1139,4912,5523
5870,2025-02-08,2025,2,8,8139,653,8266,1566,1685,990,4155,5272,1443,2158,2903,3735,34,3050,3927,6702,2001,6111,113,1166,94,2259,9130
5871,2025-02-09,2025,2,9,8739,825,7228,4082,7284,8769,3035,1074,8471,4446,600,3048,2748,4777,4359,9141,2939,3809,292,7638,5140,3881,6230
5872,2025-02-11,2025,2,11,4435,4299,2472,4249,3722,5176,9200,9279,7615,3160,4243,1242,8451,5268,4086,8212,8110,2773,3437,1081,299,8000,7967
5873,2025-02-12,2025,2,12,6234,3633,1220,5183,7349,8253,6815,1396,2422,8275,5054,6779,4774,9639,9609,3000,7682,7325,6111,6529,1296,6147,6684
5874,2025-02-15,2025,2,15,814,4838,290,9546,2537,2075,4214,4155,9673,8616,7286,6307,9175,9890,3947,5705,6777,8628,8222,5169,8843,495,8832
5875,2025-02-16,2025,2,16,8811,2726,5883,4890,5187,2469,3769,3865,2964,1745,8922,1819,1793,1477,705,3776,4823,7746,9438,2958,1242,594,2172
5876,2025-02-19,2025,2,19,9722,8188,8083,3072,5375,7868,2955,3406,7218,7171,2333,2595,6131,1572,60,5932,7220,503,862,5805,4536,7328,5337
5877,2025-02-22,2025,2,22,2305,4753,5808,7311,6724,7962,2576,5497,9034,4799,3135,7443,7516,8762,6952,6564,3782,1819,9224,268,4594,1669,9463
5878,2025-02-23,2025,2,23,3161,5312,4509,4853,5565,6052,58,9671,9150,6728,358,5060,4624,7940,7001,679,5697,749,3062,5527,4814,994,3510
5879,2025-02-26,2025,2,26,2442,240,8790,6694,8902,3895,3128,9727,7734,7046,4218,3927,9770,7328,7724,329,7042,8652,4814,1120,2664,8447,5215
5880,2025-03-01,2025,3,1,7855,9042,2947,2517,2976,4520,1504,3194,8667,3193,7377,3675,3153,3917,8527,9343,1334,9439,5055,6828,7425,5076,5138
5881,2025-03-02,2025,3,2,50,9709,3705,8961,7404,6146,2308,6655,5735,3091,423,9366,8850,298,8178,3641,4630,8567,7070,5197,3452,7672,8978
5882,2025-03-05,2025,3,5,9893,2503,4397,4145,2984,2010,263,2415,9113,4600,3670,1682,4789,4214,70,8392,3008,6985,9403,2906,3413,1371,7003
5883,2025-03-08,2025,3,8,6095,2817,296,5640,103,467,3178,9536,9570,7444,9728,8370,9827,7378,7397,8986,2298,9726,4650,9305,4986,8580,8139
5884,2025-03-09,2025,3,9,1066,5697,2045,2318,3138,5136,845,724,7450,5831,5441,7243,203,2647,3440,4009,7171,5918,740,2305,5512,8027,8549
5885,2025-03-12,2025,3,12,4728,2051,5285,7651,8670,9122,2155,6286,9054,1455,6803,6093,5343,4160,3204,7836,2372,500,2943,7865,5098,9587,5762
5886,2025-03-15,2025,3,15,7986,8973,2289,5208,9003,3268,3077,6709,5507,4258,9385,2227,1021,6794,5979,4119,710,6350,1709,8978,3041,4218,8661
5887,2025-03-16,2025,3,16,5133,5678,3636,9677,9195,8572,2034,4012,7560,4754,2732,8357,3277,8780,1872,6285,7228,6614,3138,6590,7924,8452,3840
5888,2025-03-19,2025,3,19,3316,418,4814,5617,728,1596,1560,2965,457,2019,5157,9272,9398,6257,1725,4856,5383,22,3339,3276,6790,1560,9376
5889,2025-03-22,2025,3,22,4474,6770,4770,1337,4111,1411,9672,9279,249,8581,1365,72,7666,5462,2558,5975,2924,9403,7848,9872,5512,2169,1456
5890,2025-03-23,2025,3,23,7068,4325,2349,2290,2496,8875,4908,3511,2968,1542,2016,7598,4388,7044,9685,5314,1207,6964,2201,5316,1389,9513,3543
5891,2025-03-26,2025,3,26,3028,6969,7377,8400,8358,6460,7618,2164,2044,4829,5345,5824,4320,7244,459,5675,4494,6979,942,3667,77,7048,8876
5892,2025-03-29,2025,3,29,7845,8883,6590,1202,4737,7213,6816,6262,150,1791,6904,8064,4039,9516,2354,6567,3792,6066,5650,446,9524,1859,6307
5893,2025-03-30,2025,3,30,6442,3301,2705,2237,3334,7570,876,3019,3337,5460,5411,7949,6154,9957,7935,7066,8106,3948,7104,1831,4597,1960,9715
5894,2025-04-02,2025,4,2,8724,6643,9828,9678,1881,6271,399,7940,1061,9137,783,5130,2325,8630,2159,8279,6678,4943,4968,4084,8173,1663,8974
5895,2025-04-05,2025,4,5,6834,8930,5959,4644,4506,1295,8390,9531,2580,6996,8455,9691,6484,9597,1092,3913,6687,7157,9689,5000,6728,2829,5702
5896,2025-04-06,2025,4,6,3547,1898,2826,1035,1933,4460,4926,3432,2806,932,6298,3178,9895,2819,3756,4242,2792,6094,5524,944,6630,7541,9004
5897,2025-04-09,2025,4,9,102,7353,1469,4090,814,7377,3181,2047,7817,6806,9756,640,9006,3749,4769,2472,8344,3439,1071,8006,7013,1620,8189
5898,2025-04-12,2025,4,12,7367,4189,8377,2956,6522,9519,616,2453,7361,8192,4811,2964,2621,1127,8412,2384,103,8700,8901,483,1093,6033,9309
5899,2025-04-13,2025,4,13,1244,7360,3659,7970,9790,6099,4693,5745,2012,6739,826,8274,3304,7191,2120,6977,5230,2816,8045,9462,5368,9893,8932
5900,2025-04-16,2025,4,16,3357,3576,5102,9064,9111,5451,8067,484,487,4962,8759,3624,890,1834,3893,8834,5468,5426,7398,6720,5071,6485,4624
5901,2025-04-19,2025,4,19,6785,6372,4760,1746,1908,6970,6771,1638,4393,7275,8854,8263,4906,9445,7480,858,4805,3690,4100,2831,7801,8698,42
5902,2025-04-20,2025,4,20,5909,1215,5494,424,7791,6068,1705,8457,8545,8403,1703,6699,4815,4150,7568,6613,1680,6638,9502,6258,996,9825,3033
5903,2025-04-23,2025,4,23,7443,5887,5386,9436,8436,5246,4346,9190,6132,6934,8685,6880,8521,2445,805,9684,2107,5134,5166,801,9226,4858,220
5904,2025-04-26,2025,4,26,4281,7477,8768,9102,9785,8069,8338,8708,5044,6646,9497,1226,1668,4550,7680,8850,9586,8229,6080,6566,2948,2475,4542
5905,2025-04-27,2025,4,27,9320,6812,2131,5110,5114,286,8873,5425,7687,7506,8835,4351,9628,6419,1042,9457,2620,8410,6159,2035,3806,1942,3956
5906,2025-04-29,2025,4,29,3131,8519,7163,5476,5107,6041,6934,1393,9888,2692,1320,7859,2781,4805,6319,8516,4128,2060,9326,2497,5498,3746,8593
5907,2025-04-30,2025,4,30,653,1314,7418,9564,2822,5875,7808,4877,6996,9487,7075,2200,5687,4918,9518,9769,1713,1699,6774,4930,2786,1010,7287
5908,2025-05-03,2025,5,3,725,3666,81,9216,5742,9261,1992,2332,6995,1024,5261,9115,5925,1475,3887,6276,4874,9474,3003,4041,3125,8915,8975
5909,2025-05-04,2025,5,4,7768,5556,7955,5576,9414,2961,6669,3033,1910,9054,9188,3532,3958,9070,244,6331,2112,5746,6363,6224,1308,5487,1898
5910,2025-05-07,2025,5,7,5818,5359,616,7513,7876,708,4035,262,9020,4065,6822,2968,2377,9614,6480,6562,8106,41,2038,6321,2504,5564,5386
5911,2025-05-10,2025,5,10,6113,7349,9350,9880,6435,8794,452,5662,5017,5780,4571,8287,369,7915,4722,2028,9322,6164,713,2880,8070,8404,4469
5912,2025-05-11,2025,5,11,9188,2340,9589,612,1022,850,6140,4285,3706,4154,6825,6846,308,7695,3548,2917,3930,1592,8864,2447,4391,3574,2694
5913,2025-05-14,2025,5,14,5871,8625,3514,9388,4579,4949,3725,7181,5747,3674,6740,1993,4162,4728,1306,7649,3874,359,1428,1552,5005,9923,404
5914,2025-05-17,2025,5,17,8615,4682,5696,7783,9429,8202,286,1498,4337,371,9985,128,9627,3886,3319,778,5109,4924,5274,9451,8880,116,3323
5915,2025-05-18,2025,5,18,656,1626,6210,2884,3824,650,784,3093,3088,7570,7900,2680,5401,5666,6639,8703,3121,716,3699,4482,4391,9783,9622
5916,2025-05-21,2025,5,21,2335,8774,5469,5287,5564,351,6443,9806,3000,6766,8185,8527,5107,4132,6664,5550,1889,3098,6784,8979,7164,9148,6426
5917,2025-05-24,2025,5,24,6194,6458,140,1037,9597,480,8928,8720,2268,6008,9802,7412,6721,7316,4738,8984,4074,4912,4171,5962,1789,1616,2795
5918,2025-05-25,2025,5,25,2871,4427,7784,3638,1943,9572,3100,7542,7809,4933,7658,7745,6516,2026,4877,7855,5049,5196,2578,4547,4671,6881,7451
5919,2025-05-27,2025,5,27,1412,2742,933,5504,7564,2703,8139,7224,7959,903,63,4043,911,8657,6454,7529,4647,4061,2570,1706,8908,9224,1204
5920,2025-05-28,2025,5,28,9281,537,8169,527,75,4943,6898,772,4840,9712,6417,1501,3042,2368,7101,913,3879,9351,1254,299,3152,4157,7280
5921,2025-05-31,2025,5,31,8965,6112,2135,189,7493,5080,1686,8924,3673,107,8011,5043,5736,423,8848,7754,98,1178,4841,7776,5778,5535,162
5922,2025-06-01,2025,6,1,9069,9642,4443,9441,4090,4845,6373,6587,6110,3216,9836,841,1821,6740,7231,2318,1387,8471,6947,495,8325,654,316
5923,2025-06-04,2025,6,4,9082,8766,3440,8694,7389,4879,2874,6393,1487,2264,6354,785,5828,4025,4710,2338,5687,6082,5961,4397,6037,579,1504
5924,2025-06-07,2025,6,7,4758,8494,1692,9460,7860,2592,7392,682,5695,8515,8794,7474,3144,1588,7044,1546,1352,4033,669,5526,6754,4165,3881
5925,2025-06-08,2025,6,8,5137,8403,5010,5680,7996,8943,867,4306,9896,8594,9783,5220,4147,2682,3417,2172,3929,3601,4760,981,2882,465,7359
5926,2025-06-11,2025,6,11,1932,5724,9098,7229,7569,5604,5265,6431,9159,748,918,2700,8034,9013,6858,2114,5890,7744,5156,8735,5427,6004,9010
5927,2025-06-14,2025,6,14,8296,265,3216,3450,6903,8153,8075,989,4037,2173,2849,5853,999,6123,1915,711,3197,4636,2863,8876,2771,7958,5104
5928,2025-06-15,2025,6,15,5753,5418,4376,9916,4838,6902,3525,5517,2484,849,981,8018,3345,7741,8064,6073,8720,1819,4320,9475,4307,7380,6256
5929,2025-06-18,2025,6,18,9759,5850,7645,1096,410,838,8176,2516,4291,3501,4213,5871,3081,1433,5074,7457,7944,9798,1200,5018,4704,2165,5668
5930,2025-06-21,2025,6,21,3026,2102,1132,4111,8986,4724,5265,6017,7068,1200,29,8960,5906,6654,3791,5862,2690,826,7597,5128,7562,4934,541
5931,2025-06-22,2025,6,22,2509,1804,4723,3174,5068,7696,1567,7508,5754,3308,6999,7395,5318,1872,4100,3853,2720,3785,420,465,5318,5146,278
5932,2025-06-25,2025,6,25,2559,2372,6404,4301,4612,8125,1810,351,4924,6371,5655,2632,2956,171,2194,3602,6373,3687,7924,6096,6878,3597,7096
5933,2025-06-28,2025,6,28,7809,9237,3350,1453,5772,9944,3382,8400,301,4397,5652,9980,7596,523,6981,979,3313,6756,3590,9331,4109,6771,2304
5934,2025-06-29,2025,6,29,3483,390,1446,9664,9334,7140,4197,4851,2892,8493,6832,3114,3403,6203,8143,2186,9543,2847,3658,7176,1052,280,8364
5935,2025-07-02,2025,7,2,8096,5264,1988,1822,2857,4599,7466,3303,4072,9402,7842,6904,4084,82,9812,3661,9571,7125,957,2446,6018,1603,8347
5936,2025-07-05,2025,7,5,1676,5105,6626,1994,9673,786,1280,1581,5287,2739,3774,7125,8420,9346,968,6068,5815,9978,1588,4437,6080,3972,1085
5937,2025-07-06,2025,7,6,2815,1148,1510,9675,8218,1093,5237,9557,6229,9210,4763,7778,8815,640,9547,8363,1373,1649,7584,5371,23,8075,6925
5938,2025-07-09,2025,7,9,1858,2974,6822,288,7570,5580,9952,2698,5179,8774,1484,2987,1710,4510,734,5421,1110,3746,3892,2008,674,2212,3429
5939,2025-07-12,2025,7,12,1506,122,6579,8209,9781,7828,2618,1812,2798,4471,1626,5871,6536,5451,8192,1699,8765,8007,5094,6502,1512,5988,4182
5940,2025-07-13,2025,7,13,3386,3202,9167,6868,3530,1250,7102,1676,6605,3348,6853,6774,6308,8356,284,8775,7775,6931,5806,6031,1546,2814,8315
5941,2025-07-16,2025,7,16,9981,8648,31,1677,7851,3702,5014,2903,4117,2663,7656,9331,9994,7270,9594,683,6149,6605,167,9710,8654,6862,6913
5942,2025-07-19,2025,7,19,3985,5096,6144,2318,3071,9693,2178,1366,4121,8125,3626,5724,1826,8373,9373,8372,2103,575,3487,9172,3522,345,4882
5943,2025-07-20,2025,7,20,8955,1583,332,767,6797,7624,5824,8604,6365,7008,4219,5829,5785,2882,444,2707,3328,7664,1491,5894,7388,2483,1285
5944,2025-07-23,2025,7,23,5276,1257,4240,6979,3420,2932,2178,4245,6676,8413,8011,7977,3911,7943,2914,1264,8886,1577,6650,2170,7114,485,207
5945,2025-07-26,2025,7,26,9902,1996,6781,3408,2985,6372,3727,6570,3677,8268,1184,3124,160,6945,5204,8117,7688,3710,5642,5058,2620,8446,8837
5946,2025-07-27,2025,7,27,8576,2074,7402,6056,5982,1301,9151,3007,7543,3326,6492,2832,7474,1627,3860,7226,6312,3097,3904,2892,2594,9593,2137
5947,2025-07-29,2025,7,29,5183,2624,5287,2989,2200,8944,3526,9054,5142,7958,7342,2046,5482,7904,2781,7985,2232,3755,5581,1352,9606,1523,4719
5948,2025-07-30,2025,7,30,9106,8591,1628,8163,1599,5712,1499,9865,868,3725,4892,831,2836,8308,8247,1994,6415,878,4659,3832,8158,1406,6792
5949,2025-08-02,2025,8,2,1357,2077,4167,1194,3226,2191,4709,8944,903,1733,8681,5926,9949,8609,3659,5078,8828,3336,2537,5397,8538,7640,8254
5950,2025-08-03,2025,8,3,8816,3249,5727,7142,1086,311,8872,1258,1811,6026,4573,6656,4391,8324,6192,4450,7546,2341,2284,7342,5508,1100,6297
5951,2025-08-06,2025,8,6,6516,3006,3433,6253,4252,1000,6766,413,2213,519,4065,796,1147,8668,9985,5726,5906,9935,352,8411,8381,5921,8091
5952,2025-08-09,2025,8,9,4029,7720,3258,7042,2171,8700,6157,284,7460,7438,8934,2231,3688,4020,2707,7174,2563,9588,5607,4490,7532,9192,869
5953,2025-08-10,2025,8,10,4098,6398,1022,5194,641,8931,1428,2530,2578,8739,4363,6820,6898,7458,5618,9951,9376,7293,6164,5200,2512,2052,7568
5954,2025-08-13,2025,8,13,3295,4537,5259,1464,4444,8529,1337,7549,4014,6597,4563,8798,6050,5433,1214,1587,4198,6238,8053,5560,1390,9383,2840
5955,2025-08-16,2025,8,16,4285,9232,9103,68,7398,5958,5342,2059,2742,3513,8923,2352,3297,236,2806,3797,451,1775,7985,6619,8384,636,2420
5956,2025-08-17,2025,8,17,5317,3770,1454,3689,3655,3128,7463,6500,2485,3945,7491,635,6001,2863,5400,1697,5111,6440,6962,3250,7342,3942,3536
5957,2025-08-20,2025,8,20,9683,1039,7474,2564,751,178,2707,4044,3156,3050,792,3207,85,7485,287,4511,806,6929,8311,4396,4786,6168,4805
5958,2025-08-23,2025,8,23,1215,1551,2811,5947,8874,5168,9210,2542,1189,5081,7721,1175,4130,1587,7746,6200,8105,4280,9220,6778,5717,5397,9511
5959,2025-08-24,2025,8,24,7583,5249,570,3770,3688,9109,2209,4638,5989,2288,5444,3266,5680,181,8421,5304,5995,2553,4968,612,3896,1552,9424
5960,2025-08-27,2025,8,27,2137,5918,7362,3341,7096,3709,6777,9550,8699,2869,6001,2221,4421,4886,1662,8254,2310,2694,2965,9059,2444,9586,2044
5961,2025-08-30,2025,8,30,6065,1114,2484,5496,371,884,3217,972,11,8697,2683,4457,5730,7664,4669,8673,8818,4925,8944,4933,2931,5510,5852
5962,2025-08-31,2025,8,31,7469,2580,9484,8451,2817,7811,6046,3277,5262,1382,3391,1544,3599,7423,9694,7934,4039,2723,1659,9858,6380,4249,8792
5963,2025-09-03,2025,9,3,3237,9980,1799,5578,7666,5106,4479,2933,343,6113,5234,6419,3539,9865,6455,2813,314,7649,4592,2704,3377,3528,2464
5964,2025-09-06,2025,9,6,579,5258,7115,5405,2067,5986,8690,6381,9598,2281,7102,1772,9387,4311,4126,3658,1207,5073,7615,999,4465,2780,5057
5965,2025-09-07,2025,9,7,2650,1174,6363,6873,5434,7786,3351,6890,3066,3013,8657,8211,6225,6342,2815,4219,4440,2545,5452,1285,1061,3469,127
5966,2025-09-10,2025,9,10,4526,9935,3106,4901,7110,2606,8407,6840,7668,3272,9789,3931,3464,9499,1739,5663,1629,9414,9024,5656,6361,1075,7368
5967,2025-09-13,2025,9,13,6980,6213,5204,9731,6733,5711,8472,1103,6337,2725,5201,7710,7259,6479,6139,6477,5841,3536,4073,8705,6052,8428,3652
5968,2025-09-14,2025,9,14,9714,6735,306,2306,6235,4978,5531,2290,4879,7905,1053,4320,8022,9779,606,7424,653,3657,9763,8353,1463,1640,9328
5969,2025-09-17,2025,9,17,7851,9454,4472,8037,3901,7264,5604,4338,4819,7696,1999,6567,5163,6740,6130,9488,917,6167,3702,6053,6850,8077,8573
5970,2025-09-20,2025,9,20,3017,2598,2373,3300,6473,6130,3788,1480,9093,5504,4377,6483,1310,9382,8406,9058,540,1536,9760,1206,3513,9191,1360
5971,2025-09-21,2025,9,21,7291,6928,8503,4956,6512,6370,4602,9514,9987,6264,196,8320,1243,1068,5280,8782,2072,4516,8077,6458,5802,6472,2028
5972,2025-09-24,2025,9,24,5864,6457,5183,9203,8078,9006,9317,5869,7768,6657,3004,880,6259,7214,5608,2548,1674,7946,2447,424,964,1805,150
5973,2025-09-27,2025,9,27,2660,5136,5424,294,6584,1575,6833,774,2812,1528,4082,7946,4007,876,246,5207,9822,5316,197,5666,6561,6018,7619
5974,2025-09-28,2025,9,28,6872,6200,8853,454,6989,1731,9483,3955,2965,8208,953,3439,2369,3158,6401,4284,1386,5608,2260,6741,2609,6287,6807
5975,2025-10-01,2025,10,1,9693,6863,7067,476,293,2981,9573,8797,2264,350,709,6126,9711,366,9425,5509,330,3509,7453,4596,1700,3623,6351
5976,2025-10-04,2025,10,4,3591,6816,6145,974,7860,3810,3719,5483,3862,8447,9842,4031,924,5478,6061,653,1447,2805,657,5739,3042,307,4576
5977,2025-10-05,2025,10,5,4814,3872,5873,7801,7311,6088,3611,3255,2208,7052,4724,3349,8140,2794,1761,6858,6358,4241,5729,2380,6137,8610,3123
5978,2025-10-08,2025,10,8,1528,8282,5310,8893,7912,3649,1430,8539,9188,7383,1377,9948,5490,8553,8580,9056,7726,6173,5344,3806,3298,4384,339
5979,2025-10-11,2025,10,11,8330,6137,3308,4014,1440,2613,7201,2873,6173,6236,7313,6906,8705,5509,9669,290,6365,6690,9688,5302,1168,516,8461
5980,2025-10-12,2025,10,12,8047,2517,1012,2847,2324,7725,9148,3825,2804,8668,4821,4146,4294,394,8522,8646,6336,7359,8446,5224,5794,7579,1815
5981,2025-10-15,2025,10,15,6851,7638,9102,9195,9882,1698,9717,6048,8665,8448,4921,4372,2297,7282,2955,6314,6311,8223,8597,5953,496,3572,9676
5982,2025-10-18,2025,10,18,5877,5006,2261,8379,6863,5122,3321,4020,9439,7140,7560,1705,8231,2992,6314,2585,1944,6067,1564,6576,751,1659,5097
5983,2025-10-19,2025,10,19,2797,5516,5352,9389,9786,3017,1839,8677,5319,4661,6606,1748,5986,7198,9722,5865,6550,587,1665,1814,851,5493,4205
5984,2025-10-22,2025,10,22,8501,1663,993,1442,2258,5199,5662,955,4525,3988,4137,5920,1519,8634,8487,1817,1367,8921,4295,6247,8019,4513,1095
5985,2025-10-25,2025,10,25,6720,3689,6501,7448,1870,6073,3121,4406,6769,3530,5282,3143,8685,1859,5797,6501,1747,6689,961,6510,3582,8209,6005
5986,2025-10-26,2025,10,26,1088,41,5258,9853,4606,4669,5929,364,3523,2431,9361,8100,2334,7529,758,9087,4838,8238,3164,4444,990,9272,2080
5987,2025-10-28,2025,10,28,5153,9641,9666,4378,1992,2147,7772,4465,963,6035,2056,5199,5333,1275,723,1163,5926,4309,2678,2613,490,6533,5056
5988,2025-10-29,2025,10,29,465,9726,2599,7727,2455,8272,4162,1407,6090,9956,5094,682,3129,983,9014,995,6871,2490,6756,609,7892,517,2740
5989,2025-11-01,2025,11,1,7299,1139,159,9776,6433,4601,5535,4193,8949,6237,5207,8573,2527,9185,8168,4301,9831,4204,1329,4009,4732,7735,2273
5990,2025-11-02,2025,11,2,3215,9532,9996,1599,5152,9819,8560,5889,2800,4431,1780,2199,6883,5344,8819,8362,4769,9902,8696,8055,4641,9211,3807
5991,2025-11-05,2025,11,5,5082,2244,6429,5470,336,1913,743,7211,1786,9260,276,3848,1285,5665,9369,2866,41,5128,630,3936,7954,1605,7055
5992,2025-11-08,2025,11,8,9460,2357,3708,6050,6246,2611,2182,9554,4327,8184,1865,6910,2279,7649,4125,3107,3892,5788,9143,5753,1293,8761,5825
5993,2025-11-09,2025,11,9,4375,6991,6905,9181,5852,1161,945,7829,8719,3613,9635,6403,3927,6084,5351,8738,6397,5373,4231,2348,9295,2394,1881
5994,2025-11-12,2025,11,12,4478,2906,9872,1587,8348,3888,4771,4533,7077,5186,8359,5505,2529,6140,6512,8774,2384,9167,642,597,2391,5445,147
5995,2025-11-15,2025,11,15,4766,5624,3700,8928,7873,4017,7,5335,9296,7620,7837,2268,173,8633,8692,469,6627,4533,7377,8992,5748,968,3636
5996,2025-11-16,2025,11,16,5877,5990,3826,1398,1139,8044,7506,4230,142,524,3880,5434,7324,3637,2128,6614,8703,3191,3234,485,8243,8934,8686
5997,2025-11-19,2025,11,19,5131,7312,4612,8832,6891,8895,1210,118,7846,7855,9901,5361,8134,9888,9794,3387,8747,6177,3445,2780,5581,7244,6066
5998,2025-11-22,2025,11,22,4445,5545,9072,734,2411,2834,1970,6721,5685,2000,8099,8795,6609,6160,8337,3742,3440,3932,463,8217,3979,1014,6654
5999,2025-11-23,2025,11,23,5562,2681,7358,7357,7709,8584,1496,7704,5657,3624,453,3481,6358,6418,3862,9541,2914,6631,6111,9662,4789,8081,1660
6000,2025-11-26,2025,11,26,5992,9399,1389,5104,4464,9475,4813,9520,7785,6457,8343,4897,5130,7438,632,1365,7586,5930,5992,1191,5841,9004,1460
6001,2025-11-29,2025,11,29,7949,5402,9360,4021,3357,4145,896,7678,3563,6691,5572,1756,1969,9377,2786,8951,4908,1695,252,9074,1818,6986,6441
6002,2025-11-30,2025,11,30,7985,5537,5572,8354,8016,2029,775,9673,179,5388,9047,4217,7907,5980,4570,7933,4210,2361,5733,2225,5365,7542,7926
6003,2025-12-03,2025,12,3,1772,2399,4578,4742,9453,8939,5035,2128,2227,8505,7530,6940,3042,6675,2233,2607,3921,1532,1472,8584,7901,2473,6640
6004,2025-12-06,2025,12,6,1410,6512,2476,4859,391,8683,2056,9585,5876,5671,8832,7312,497,864,7212,8008,7112,7773,8174,2404,4350,7163,2583
6005,2025-12-07,2025,12,7,2802,4649,1884,2881,4166,3462,9894,9563,3535,5238,4441,7673,6396,585,8103,5173,6735,4924,6598,818,8090,8104,3821
6006,2025-12-10,2025,12,10,3929,4512,2505,1163,9734,1397,1789,6376,1248,6254,6956,7983,6606,4384,3482,1591,7234,4202,8468,2919,6747,331,4945
6007,2025-12-13,2025,12,13,8657,883,6772,1240,8214,927,175,9510,9474,9572,1276,8596,3355,8411,4354,8044,9514,3495,6519,9712,6831,4605,3229
6008,2025-12-14,2025,12,14,6591,8546,109,7013,6910,7859,6382,3083,2948,2808,7653,6669,3935,8134,388,539,6896,8850,6300,5908,9259,9927,129
6009,2025-12-17,2025,12,17,1973,63,2946,8262,3542,7077,5663,6950,2873,5295,9992,8478,9251,5820,6370,8386,2227,1161,1986,4826,6497,5796,7091
6010,2025-12-20,2025,12,20,9372,2822,2731,2135,1556,9155,5161,7984,2754,3113,1092,1806,1774,8943,4800,616,3543,2057,8101,3318,8400,7094,1611
6011,2025-12-21,2025,12,21,8540,2363,1271,204,5946,8807,7231,5,7185,8740,513,709,5111,3667,426,116,2499,9638,7142,1554,264,1286,8117
6012,2025-12-24,2025,12,24,8603,1209,2798,3081,1918,7355,9326,1101,1588,8874,2561,1405,7158,8867,7546,2204,2167,1956,7349,9929,3958,3052,8771
6013,2025-12-27,2025,12,27,4935,9052,2068,9365,6612,1211,8153,6862,4868,9558,4610,8654,5025,2104,2035,8554,7278,5,1111,6476,8603,1878,2363
6014,2025-12-28,2025,12,28,9008,6772,6733,7059,2730,6474,3027,1979,5631,6546,4629,2424,4968,4747,160,588,2777,620,385,5060,8103,6425,8667
6015,2025-12-30,2025,12,30,5121,6148,1836,1193,6056,1973,7554,5731,8105,3496,2620,7586,655,2514,5483,7646,6579,1591,8428,4834,4498,8485,7051
6016,2025-12-31,2025,12,31,1120,9625,4956,4319,9089,8143,6346,1526,2468,8036,8222,6416,9668,8665,8746,6339,137,532,5753,1215,189,6626,8047
6017,2026-01-03,2026,1,3,4217,2196,7003,7460,9274,5584,5478,8335,8466,3581,9835,5328,2094,7144,5279,2690,8589,650,3999,5301,2438,3298,9494
6018,2026-01-04,2026,1,4,4157,4840,3962,2204,1305,902,1999,8230,4438,3148,3133,5991,9441,4014,3300,8154,4213,8530,6615,5262,8753,8109,8122
6019,2026-01-07,2026,1,7,5374,877,4720,1640,4060,5069,2003,2093,9250,303,152,2997,507,4138,1333,5220,5774,2335,2912,7939,8013,8917,6829
6020,2026-01-10,2026,1,10,4128,3961,4742,6501,9604,8438,4515,6291,2049,47,9352,5542,7278,2306,4525,559,4249,1694,520,3876,1874,5431,1225
6021,2026-01-11,2026,1,11,5946,7801,7263,5785,3755,4842,4221,6271,9697,6855,3040,6537,1203,4370,3339,6635,7056,5541,6088,9989,7535,5160,1422
6022,2026-01-14,2026,1,14,7352,5987,4508,4125,8138,6533,4062,5509,1669,2193,66,2553,9248,473,3082,3753,1503,3206,4342,1364,3655,1388,2050
6023,2026-01-17,2026,1,17,6272,4336,8697,3193,5355,3482,5303,3620,8625,2340,26,9411,9860,9987,1044,5813,1481,5616,9434,8602,7568,9887,5065
6024,2026-01-18,2026,1,18,5794,7837,3251,4866,733,7230,8303,4199,6957,6035,8364,721,3995,1750,3127,6683,2733,8045,4689,9107,2493,5233,7626
6025,2026-01-21,2026,1,21,73,5671,1957,8152,3094,5664,7517,1084,3056,783,6960,3367,1038,6231,4566,4479,6657,8958,1515,2279,4108,1985,6705
6026,2026-01-24,2026,1,24,7776,2516,6144,3240,2426,8858,7536,6401,2977,6091,8326,6788,5293,1660,4386,7727,462,7906,8504,7095,6055,4519,5807
6027,2026-01-25,2026,1,25,7116,9709,6762,7922,7835,395,6581,1185,2992,8536,4564,2731,2024,2765,8931,522,4952,5297,4163,5419,2180,3210,5446
6028,2026-01-27,2026,1,27,645,6542,5493,7075,5683,6001,7177,2885,5131,9145,5018,4057,4344,824,8834,6985,7042,967,329,4767,2805,9097,412
6029,2026-01-28,2026,1,28,2496,9683,7037,2076,1313,8574,5808,6050,5559,2034,6498,3324,325,75,7784,2152,8985,375,4439,1812,5204,9926,5249
6030,2026-01-31,2026,1,31,4427,5915,5025,1298,2819,4161,6611,1775,6520,2057,4705,3867,8181,5034,970,6849,7466,7043,4445,7129,2538,6146,7894
6031,2026-02-01,2026,2,1,571,8001,8546,61,1486,4147,1783,8649,9949,4551,9230,6364,8835,3182,2819,8946,878,5884,7393,2403,4394,5498,7843
6032,2026-02-04,2026,2,4,83,5863,7021,8644,2170,8723,2439,8116,5032,1401,7959,4224,3234,1220,6452,5174,5473,2976,6070,9843,7944,6711,4740
6033,2026-02-07,2026,2,7,1198,6101,8525,654,6199,5639,2055,3610,8515,2124,9369,642,5556,5547,5477,9655,4548,1523,9408,4259,5459,4561,8154
6034,2026-02-08,2026,2,8,686,6832,5203,7323,5938,9724,6207,8678,27,9937,7153,8739,1685,9073,9474,909,5292,5454,6985,2550,5665,1140,8435
6035,2026-02-10,2026,2,10,8242,6583,411,9802,4036,4222,7345,5931,7333,9042,2810,4829,6811,5132,3508,3595,7974,8701,7455,5371,4316,5099,5089
6036,2026-02-11,2026,2,11,5194,2710,116,7125,9301,8027,1459,7718,3751,5036,8814,4037,8562,7625,5716,4608,3879,2711,7901,9850,3887,2995,9294
6037,2026-02-14,2026,2,14,5991,3713,8637,4202,9180,9825,4477,8345,2805,9080,8510,8667,4475,3088,6323,2382,3527,6872,556,7932,6056,5615,4136
6038,2026-02-15,2026,2,15,3033,5576,3332,5248,1673,4590,7113,4507,3042,1950,258,7862,5317,7548,8105,4248,7391,2727,6813,5921,7605,7245,1083
6039,2026-02-17,2026,2,17,6475,549,5949,3159,9029,308,8397,8222,5792,538,3615,8991,3754,2262,2406,3727,3457,8218,3075,7434,8930,3059,9919
6040,2026-02-18,2026,2,18,2262,9920,9846,237,7625,4891,7251,6876,9388,6415,1925,3532,3201,319,5170,3648,3636,7483,4481,7639,6208,954,4103
6041,2026-02-21,2026,2,21,3236,2625,736,6534,8493,8573,693,9504,772,7918,31,6665,1359,7798,7741,6653,41,2453,2737,3557,2771,5339,4841
6042,2026-02-22,2026,2,22,7470,4503,5795,4565,5302,6287,434,2010,9321,9164,5099,820,6964,2087,8498,6174,5365,6716,7843,5663,8865,1824,1916
6043,2026-02-25,2026,2,25,7238,3170,9720,9912,7215,2971,7267,2532,5168,6057,7473,8816,7055,1598,9711,2774,1236,3698,5533,4025,3729,6545,3766
6044,2026-02-28,2026,2,28,3955,1938,1055,1393,8896,1151,8319,5793,5913,64,1594,7499,9562,2386,1032,7670,6374,412,1145,5988,7425,69,6613
6045,2026-03-01,2026,3,1,7372,7766,8054,4979,1639,9375,4616,6617,2140,4916,9389,5320,5387,966,1519,4117,1016,7252,666,2983,2540,854,4448
6046,2026-03-04,2026,3,4,7498,4155,2991,8097,1673,4433,608,5445,5568,8500,1138,527,9611,235,9334,213,917,5378,2290,8575,4958,3650,6635
6047,2026-03-07,2026,3,7,6064,9497,2860,1809,6638,2272,3369,1599,9323,9890,2033,4670,8276,6323,5277,6427,8373,5140,8408,1275,3752,9287,3305
6048,2026-03-08,2026,3,8,1790,1484,3659,7505,7154,6691,6742,6988,1166,4683,3796,651,5196,1381,843,9998,3544,2951,8343,291,2942,4540,707
6049,2026-03-11,2026,3,11,9638,2439,5327,8289,7053,4993,5909,4736,7095,630,2922,4401,6459,6232,6419,5974,8082,9276,7049,4459,7858,8551,1228
6050,2026-03-14,2026,3,14,1994,4307,9514,5238,6700,8785,5866,1993,9117,520,3223,9019,7717,9852,9922,3484,7340,385,7143,3872,2540,3050,9606
6051,2026-03-15,2026,3,15,9872,1674,3855,8581,663,5368,9806,863,212,1327,265,3073,3255,4497,4751,4150,2852,5709,72,3037,2009,1597,3039
6052,2026-03-18,2026,3,18,9009,16,1123,7403,9258,1268,6465,5584,201,4338,3942,4527,3063,8058,7050,1544,7691,6091,2571,3588,3399,4831,1879
6053,2026-03-21,2026,3,21,8154,4579,1226,9005,3183,3946,1223,5611,3514,7428,2948,3074,3261,8826,6970,5031,4723,4617,6004,6006,9428,286,4061
6054,2026-03-22,2026,3,22,4955,5172,5964,4313,9599,6400,2367,2410,8817,6354,6562,2961,7926,9934,3593,1830,8552,6174,659,187,7952,8400,3569
6055,2026-03-25,2026,3,25,5129,5428,215,3486,7866,755,1409,6903,4338,1136,9363,3103,4551,522,9645,8663,3264,4082,3659,2670,8091,2363,9275
6056,2026-03-28,2026,3,28,4963,3969,8799,6701,2621,6671,4106,4741,2767,202,5785,8104,8698,4635,1504,8246,9418,8204,5587,1430,5773,6764,923
6057,2026-03-29,2026,3,29,9984,5322,4836,7201,8169,1914,8479,3084,2901,5686,3170,1883,2395,561,644,1056,4055,8670,8856,593,9038,7132,5540
6058,2026-04-01,2026,4,1,5766,6730,610,9395,7989,6791,9382,725,6496,567,4724,7264,9971,8834,8712,2535,4360,1938,1139,7686,498,1415,577
6059,2026-04-04,2026,4,4,9196,313,6348,7706,1273,9347,7018,9583,8048,6094,6815,6895,8213,9080,606,483,5888,6526,5060,5623,743,1638,4053
6060,2026-04-05,2026,4,5,2325,7330,920,7803,7782,7248,4811,4366,5657,7891,7810,6230,3410,6137,2991,2523,1774,2346,7318,7068,9508,7491,8945
6061,2026-04-07,2026,4,7,6459,4225,1605,4813,2914,1681,4190,4456,3751,5619,8137,1027,1925,6999,7130,2683,6223,5651,8987,9303,9017,5856,4030
6062,2026-04-08,2026,4,8,7878,7586,9509,354,1598,688,316,2603,9951,4400,153,2891,5217,5208,9229,8909,9815,1673,3708,8852,8383,7475,729
6063,2026-04-11,2026,4,11,6650,7496,1643,5327,4980,76,4808,3272,5079,4194,6449,9252,8697,6119,9436,6299,7285,1737,9847,9856,4682,6432,1159
6064,2026-04-12,2026,4,12,818,6257,5644,8791,5794,458,5090,9028,9202,2013,2215,130,7725,6425,5357,8697,9552,7530,6180,8836,7169,1399,5787
6065,2026-04-15,2026,4,15,9756,9502,8160,5087,1372,4112,6270,9964,5,5815,7700,9039,9444,4012,46,9980,9454,5226,819,7590,2415,6781,9850
6066,2026-04-18,2026,4,18,9913,7277,9486,3016,316,9323,1726,4161,2690,6792,895,285,7703,7742,58,8487,5217,7220,257,5118,9995,5521,702
6067,2026-04-19,2026,4,19,2881,4869,3757,272,5049,2641,819,2501,7711,5884,8350,521,8057,1751,7253,3909,7050,9393,394,9361,7273,349,3337
6068,2026-04-22,2026,4,22,1322,395,5692,5840,419,2796,8414,3072,8307,4389,609,7040,8558,9537,298,7036,4234,6903,8215,5599,8530,605,6621
6069,2026-04-25,2026,4,25,5991,5453,8999,2968,3232,6558,6645,4477,3397,1424,398,4450,8829,4848,4001,593,3058,7261,5270,3656,5586,792,952
6070,2026-04-26,2026,4,26,7656,5725,7818,7637,4144,6413,2485,1168,8910,5472,8070,503,2472,1504,4000,1926,8739,4628,3500,3325,5385,1727,2355
6071,2026-04-29,2026,4,29,8443,1374,8539,9043,9096,1076,7914,498,9275,1679,7390,6684,9113,7567,4078,4380,9658,5504,5620,9368,8262,9658,5896
6072,2026-05-02,2026,5,2,5586,9125,8824,7377,1647,5782,7287,8791,506,5897,7223,2234,6590,3497,8554,3686,3318,6509,41,6503,3849,9014,3687
6073,2026-05-03,2026,5,3,1607,2261,4341,2245,852,6872,7766,1250,2862,185,5806,8679,4213,920,1239,4724,1930,3486,6110,5486,2156,5737,1933
6074,2026-05-06,2026,5,6,7682,7733,3918,992,2272,4147,2369,1334,6044,6223,9464,4238,8565,1014,3412,2998,4881,9696,5482,5062,3274,3431,2226
6075,2026-05-09,2026,5,9,2786,3040,2460,5973,2843,9000,2500,6939,5150,2244,4535,6309,7674,4574,5206,3297,4320,4169,7571,9803,4514,4529,3635
6076,2026-05-10,2026,5,10,2523,5962,3678,991,8377,3398,9500,9812,5197,9028,3638,4089,3048,1517,8155,594,6839,2768,7880,8063,3548,477,328
6077,2026-05-13,2026,5,13,1272,1956,1905,3861,410,5505,4095,9747,793,3637,8633,9886,1996,5,6958,3440,9457,8440,7032,6546,3529,6190,5787
6078,2026-05-16,2026,5,16,2976,996,3011,4482,8178,7757,4365,5415,3435,5265,651,1424,176,596,8627,4805,9951,429,608,1383,8878,7504,8534
6079,2026-05-17,2026,5,17,8780,5979,500,5002,1361,9639,470,900,507,6570,7194,8756,6711,2403,9312,5697,2094,1751,4320,2906,5698,1834,3588
6080,2026-05-20,2026,5,20,344,5441,4265,3829,5702,6839,3046,8153,3663,3432,4531,7858,2685,2797,2628,3469,9439,1225,6100,4369,6994,4,9408
6081,2026-05-23,2026,5,23,2926,7225,582,3452,7478,4071,3588,666,5319,2919,1447,1531,3118,4896,9597,8011,5226,1395,6085,1871,6681,1435,878
6082,2026-05-24,2026,5,24,8301,5497,7711,2543,5549,9284,794,5741,6845,4672,603,7866,7900,3437,820,6262,5126,5473,4647,579,2471,3903,4232
6083,2026-05-27,2026,5,27,1585,1199,6591,4904,4030,6353,638,8759,9861,4251,6571,9251,3595,5425,9451,4009,2148,984,4671,5587,2839,9393,3534
6084,2026-05-30,2026,5,30,1388,9776,9195,4131,5673,6752,1823,4398,3735,9572,3202,5270,1152,8983,3909,8134,5180,2680,7705,4249,3297,4581,9294
6085,2026-05-31,2026,5,31,6982,8724,6540,9088,5042,8300,3753,3332,8589,7727,8253,3787,9745,7840,8562,9507,639,4921,1007,6522,6505,8603,5753
6086,2026-06-03,2026,6,3,2308,2660,185,7121,5641,1568,2943,7037,2462,5751,2304,2979,6129,8267,3458,4283,5374,42,3725,7483,9594,2139,8298
6087,2026-06-06,2026,6,6,2555,4889,1181,6766,9955,5385,8825,6999,3625,1643,7741,8650,5302,4960,8697,4576,2320,1714,3399,9303,3686,9747,2493
6088,2026-06-07,2026,6,7,6441,5682,2345,4142,427,4402,7086,8620,6151,6471,6848,8782,6535,8357,3050,6053,398,1829,9270,5230,4464,7306,2593
6089,2026-06-10,2026,6,10,6829,9511,1797,50,4435,9161,2104,2936,6271,5051,2924,2478,3590,6072,7270,4447,4767,4895,1145,6950,3465,9797,4360
6090,2026-06-13,2026,6,13,7511,3877,3118,5304,6865,958,6963,2132,4905,9138,5820,8311,8515,9126,9521,7089,6691,2038,4390,132,2783,4591,863
6091,2026-06-14,2026,6,14,2752,5648,5713,2134,4526,9475,7143,483,9972,8708,7522,7288,2241,276,5532,2207,6351,4297,5856,7166,1660,1671,3258
6092,2026-06-17,2026,6,17,4302,864,6076,2694,4189,5776,1967,5038,7227,8499,6048,4122,4865,9968,3585,4996,2824,5935,1405,1321,2975,4416,9617
6093,2026-06-20,2026,6,20,185,2288,4472,3285,7249,2486,870,6544,7331,7151,6082,415,4936,1351,3298,4381,6048,1677,535,762,2015,8244,6594
6094,2026-06-21,2026,6,21,5190,4296,9506,19,2655,6850,4157,3479,5764,765,9414,2200,5399,4252,9908,1235,7616,5198,2957,6112,8856,113,308
6095,2026-06-24,2026,6,24,9593,3145,1897,4488,5746,1363,1879,1567,6526,2735,1180,1165,6764,3292,2624,2905,6920,2494,3267,6794,6124,3827,5840
6096,2026-06-27,2026,6,27,1565,8443,374,6516,9472,9305,2218,4251,3545,9872,249,6148,1825,3581,1662,6581,5024,6008,2814,5586,4171,8024,8711
6097,2026-06-28,2026,6,28,3892,1597,5862,4148,195,3849,6805,491,6204,3078,2041,6227,3885,1994,7590,4836,3920,9725,2824,1082,1275,6012,3447
6098,2026-07-01,2026,7,1,2349,658,8509,9261,3523,7512,1553,6112,1084,808,9767,9606,6611,1820,1621,2550,9521,5258,2232,9488,8688,8176,8345
6099,2026-07-04,2026,7,4,7684,700,3608,5083,7905,9788,3758,2293,6975,118,6886,8990,414,4389,8614,289,771,9799,2633,1157,5665,1307,3123
6100,2026-07-05,2026,7,5,7609,9859,3461,48,5173,9429,5188,547,2491,4697,3284,6976,8499,5050,4538,2615,728,5729,5874,4148,7855,1683,1747
6101,2026-07-08,2026,7,8,6101,3198,9813,5417,6874,4161,2530,6721,3389,3865,1912,5683,321,6087,7089,1743,9351,4723,9459,2352,2663,1784,375
6102,2026-07-11,2026,7,11,5010,720,3460,9132,2031,7156,7686,6788,8199,8851,6765,3186,4254,1959,488,4877,2313,7782,4078,6725,7324,5050,7793
6103,2026-07-12,2026,7,12,7425,1413,8682,5120,9592,5429,6774,9479,7021,6908,2046,603,8182,6603,7402,6869,6168,9490,7720,9723,156,6067,6262
6104,2026-07-15,2026,7,15,6240,5821,953,3729,5269,1868,5752,9242,9928,1752,9692,6036,3293,5296,1798,2173,2130,3679,7879,245,997,4386,6688
6105,2026-07-18,2026,7,18,2627,5512,2943,3792,9836,9173,906,2872,5173,5964,5763,9895,9499,1339,7599,8118,3933,3764,165,7187,684,5011,5331
6106,2026-07-19,2026,7,19,6480,4290,8043,1594,8319,664,1680,1202,8665,5626,6705,169,184,4303,4723,3382,7988,1067,5885,9425,1184,4677,1776
6107,2026-07-22,2026,7,22,2092,6473,7554,4117,9706,5767,3750,7260,7135,8636,1451,2891,2749,9911,2133,4356,1722,6731,6493,7434,187,9369,9005
6108,2026-07-25,2026,7,25,8069,3368,9768,9662,4143,8041,1944,5012,702,6431,8894,9969,1660,5484,2740,1582,7167,3072,6862,2479,5171,6535,8709
6109,2026-07-26,2026,7,26,7645,5491,5534,3987,1905,9819,2031,1016,6204,6517,3645,1799,5958,4881,9478,3722,8076,9017,2913,8680,1131,1900,9649
6110,2026-07-28,2026,7,28,5181,4540,474,1528,4741,348,127,3257,1450,2149,2887,2905,6526,9515,9274,9761,7649,785,3136,4254,7700,3313,4351
6111,2026-07-29,2026,7,29,2908,9181,2258,4129,7922,7462,9911,546,1099,5293,8282,3948,8161,2458,919,2247,3755,3452,5260,5493,867,7536,8576
6112,2026-08-01,2026,8,1,2131,2803,8821,6770,1507,0000,9729,0915,9740,3464,7622,9162,1808,4570,3969,7251,7987,9584,4615,8994,8977,6559,7480
